Date,Case ID,Gorilla Group,Reported Signs,Visibility Status,Confidence Score,Sync Status
2000-01-03,None,Hirwa,None,Clear View (Full Group),High (Senior Tracker),Acknowledged by Base
2000-01-04,CASE-2026-1000,Pablo Group,Lethargy,Partial View (Dense Vegetation),High (Senior Tracker),Seen
2000-01-04,None,Hirwa,None,Partial View (Dense Vegetation),High (Senior Tracker),Acknowledged by Base
2000-01-07,None,Amahoro,None,Clear View (Full Group),High (Senior Tracker),Acknowledged by Base
2000-01-07,CASE-2026-1001,Hirwa,Lethargy,Partial View (Dense Vegetation),Medium,Acknowledged by Base
2000-01-09,None,Hirwa,None,Clear View (Full Group),High (Senior Tracker),Acknowledged by Base
2000-01-10,None,Susa-A,None,Clear View (Full Group),High (Senior Tracker),Acknowledged by Base
2000-01-12,CASE-2026-1002,Hirwa,Mild coughing,Clear View (Full Group),High (Senior Tracker),Sent
2000-01-14,None,Amahoro,None,Clear View (Full Group),High (Senior Tracker),Acknowledged by Base
2000-01-21,CASE-2026-1003,Amahoro,Mild coughing,Clear View (Full Group),High (Senior Tracker),Sent
2000-01-23,None,Amahoro,None,Partial View (Dense Vegetation),High (Senior Tracker),Acknowledged by Base
2000-01-24,CASE-2026-1004,Susa-A,Lethargy,Partial View (Dense Vegetation),Low (Poor Conditions),Sent
2000-01-24,None,Pablo Group,None,Clear View (Full Group),High (Senior Tracker),Acknowledged by Base
2000-01-28,None,Pablo Group,None,Partial View (Dense Vegetation),High (Senior Tracker),Acknowledged by Base
2000-01-30,None,Hirwa,None,Partial View (Dense Vegetation),High (Senior Tracker),Acknowledged by Base
2000-02-01,CASE-2026-1005,Amahoro,Mild coughing,Clear View (Full Group),High (Senior Tracker),Seen
2000-02-01,CASE-2026-1006,Hirwa,Sustained nasal discharge,Obscured (Heavy Rain),High (Senior Tracker),Seen
2000-02-03,None,Susa-A,None,Clear View (Full Group),High (Senior Tracker),Acknowledged by Base
2000-02-08,None,Pablo Group,None,Clear View (Full Group),High (Senior Tracker),Acknowledged by Base
2000-02-08,None,Amahoro,None,Clear View (Full Group),High (Senior Tracker),Acknowledged by Base
2000-02-09,None,Susa-A,None,Partial View (Dense Vegetation),High (Senior Tracker),Acknowledged by Base
2000-02-09,None,Kwitonda,None,Partial View (Dense Vegetation),High (Senior Tracker),Acknowledged by Base
2000-02-14,None,Susa-A,None,Clear View (Full Group),High (Senior Tracker),Acknowledged by Base
2000-02-14,CASE-2026-1007,Amahoro,"Heavy coughing, wheezing",Clear View (Full Group),Low (Poor Conditions),Seen
2000-02-18,None,Pablo Group,None,Partial View (Dense Vegetation),High (Senior Tracker),Acknowledged by Base
2000-02-18,None,Amahoro,None,Clear View (Full Group),High (Senior Tracker),Acknowledged by Base
2000-02-19,None,Amahoro,None,Clear View (Full Group),High (Senior Tracker),Acknowledged by Base
2000-02-22,None,Kwitonda,None,Clear View (Full Group),High (Senior Tracker),Acknowledged by Base
2000-02-23,None,Kwitonda,None,Partial View (Dense Vegetation),High (Senior Tracker),Acknowledged by Base
2000-02-25,None,Amahoro,None,Clear View (Full Group),High (Senior Tracker),Acknowledged by Base
2000-02-27,None,Susa-A,None,Partial View (Dense Vegetation),High (Senior Tracker),Acknowledged by Base
2000-02-28,None,Susa-A,None,Partial View (Dense Vegetation),High (Senior Tracker),Acknowledged by Base
2000-02-28,CASE-2026-1008,Amahoro,Lethargy,Clear View (Full Group),Medium,Sent
2000-03-01,None,Kwitonda,None,Partial View (Dense Vegetation),High (Senior Tracker),Acknowledged by Base
2000-03-07,None,Amahoro,None,Partial View (Dense Vegetation),High (Senior Tracker),Acknowledged by Base
2000-03-08,None,Susa-A,None,Clear View (Full Group),High (Senior Tracker),Acknowledged by Base
2000-03-09,None,Amahoro,None,Partial View (Dense Vegetation),High (Senior Tracker),Acknowledged by Base
2000-03-09,None,Kwitonda,None,Clear View (Full Group),High (Senior Tracker),Acknowledged by Base
2000-03-16,CASE-2026-1009,Kwitonda,Lethargy,Obscured (Heavy Rain),Medium,Acknowledged by Base
2000-03-18,None,Kwitonda,None,Clear View (Full Group),High (Senior Tracker),Acknowledged by Base
2000-03-19,None,Hirwa,None,Clear View (Full Group),High (Senior Tracker),Acknowledged by Base
2000-03-20,CASE-2026-1010,Hirwa,Sustained nasal discharge,Clear View (Full Group),Low (Poor Conditions),Acknowledged by Base
2000-03-26,None,Pablo Group,None,Partial View (Dense Vegetation),High (Senior Tracker),Acknowledged by Base
2000-03-30,None,Susa-A,None,Partial View (Dense Vegetation),High (Senior Tracker),Acknowledged by Base
2000-03-30,None,Amahoro,None,Clear View (Full Group),High (Senior Tracker),Acknowledged by Base
2000-03-30,None,Hirwa,None,Clear View (Full Group),High (Senior Tracker),Acknowledged by Base
2000-04-04,None,Pablo Group,None,Partial View (Dense Vegetation),High (Senior Tracker),Acknowledged by Base
2000-04-08,None,Pablo Group,None,Clear View (Full Group),High (Senior Tracker),Acknowledged by Base
2000-04-10,CASE-2026-1011,Pablo Group,Mild coughing,Clear View (Full Group),Low (Poor Conditions),Sent
2000-04-12,None,Pablo Group,None,Partial View (Dense Vegetation),High (Senior Tracker),Acknowledged by Base
2000-04-16,None,Pablo Group,None,Partial View (Dense Vegetation),High (Senior Tracker),Acknowledged by Base
2000-04-16,None,Amahoro,None,Clear View (Full Group),High (Senior Tracker),Acknowledged by Base
2000-04-16,None,Hirwa,None,Partial View (Dense Vegetation),High (Senior Tracker),Acknowledged by Base
2000-04-18,None,Pablo Group,None,Clear View (Full Group),High (Senior Tracker),Acknowledged by Base
2000-04-20,CASE-2026-1012,Hirwa,Lethargy,Clear View (Full Group),Low (Poor Conditions),Seen
2000-04-21,None,Pablo Group,None,Partial View (Dense Vegetation),High (Senior Tracker),Acknowledged by Base
2000-04-21,None,Hirwa,None,Clear View (Full Group),High (Senior Tracker),Acknowledged by Base
2000-04-23,None,Susa-A,None,Clear View (Full Group),High (Senior Tracker),Acknowledged by Base
2000-04-23,None,Kwitonda,None,Partial View (Dense Vegetation),High (Senior Tracker),Acknowledged by Base
2000-04-24,None,Amahoro,None,Partial View (Dense Vegetation),High (Senior Tracker),Acknowledged by Base
2000-04-24,None,Hirwa,None,Partial View (Dense Vegetation),High (Senior Tracker),Acknowledged by Base
2000-04-27,None,Amahoro,None,Clear View (Full Group),High (Senior Tracker),Acknowledged by Base
2000-04-28,CASE-2026-1013,Kwitonda,Sustained nasal discharge,Clear View (Full Group),Low (Poor Conditions),Seen
2000-04-29,None,Kwitonda,None,Partial View (Dense Vegetation),High (Senior Tracker),Acknowledged by Base
2000-05-01,None,Kwitonda,None,Partial View (Dense Vegetation),High (Senior Tracker),Acknowledged by Base
2000-05-02,None,Susa-A,None,Partial View (Dense Vegetation),High (Senior Tracker),Acknowledged by Base
2000-05-02,None,Amahoro,None,Clear View (Full Group),High (Senior Tracker),Acknowledged by Base
2000-05-03,None,Kwitonda,None,Partial View (Dense Vegetation),High (Senior Tracker),Acknowledged by Base
2000-05-06,None,Amahoro,None,Partial View (Dense Vegetation),High (Senior Tracker),Acknowledged by Base
2000-05-07,None,Amahoro,None,Clear View (Full Group),High (Senior Tracker),Acknowledged by Base
2000-05-11,None,Amahoro,None,Clear View (Full Group),High (Senior Tracker),Acknowledged by Base
2000-05-13,None,Kwitonda,None,Clear View (Full Group),High (Senior Tracker),Acknowledged by Base
2000-05-16,None,Susa-A,None,Clear View (Full Group),High (Senior Tracker),Acknowledged by Base
2000-05-16,None,Hirwa,None,Clear View (Full Group),High (Senior Tracker),Acknowledged by Base
2000-05-18,None,Pablo Group,None,Partial View (Dense Vegetation),High (Senior Tracker),Acknowledged by Base
2000-05-18,None,Kwitonda,None,Partial View (Dense Vegetation),High (Senior Tracker),Acknowledged by Base
2000-05-22,None,Amahoro,None,Clear View (Full Group),High (Senior Tracker),Acknowledged by Base
2000-05-24,None,Amahoro,None,Clear View (Full Group),High (Senior Tracker),Acknowledged by Base
2000-05-27,None,Kwitonda,None,Partial View (Dense Vegetation),High (Senior Tracker),Acknowledged by Base
2000-05-27,None,Hirwa,None,Partial View (Dense Vegetation),High (Senior Tracker),Acknowledged by Base
2000-05-28,None,Susa-A,None,Partial View (Dense Vegetation),High (Senior Tracker),Acknowledged by Base
2000-05-29,None,Kwitonda,None,Partial View (Dense Vegetation),High (Senior Tracker),Acknowledged by Base
2000-06-01,CASE-2026-1014,Susa-A,Mild coughing,Obscured (Heavy Rain),Medium,Seen
2000-06-01,None,Amahoro,None,Clear View (Full Group),High (Senior Tracker),Acknowledged by Base
2000-06-03,None,Hirwa,None,Clear View (Full Group),High (Senior Tracker),Acknowledged by Base
2000-06-11,None,Susa-A,None,Partial View (Dense Vegetation),High (Senior Tracker),Acknowledged by Base
2000-06-12,CASE-2026-1015,Pablo Group,Mild coughing,Partial View (Dense Vegetation),High (Senior Tracker),Sent
2000-06-12,None,Kwitonda,None,Clear View (Full Group),High (Senior Tracker),Acknowledged by Base
2000-06-13,None,Pablo Group,None,Partial View (Dense Vegetation),High (Senior Tracker),Acknowledged by Base
2000-06-13,None,Kwitonda,None,Partial View (Dense Vegetation),High (Senior Tracker),Acknowledged by Base
2000-06-16,None,Kwitonda,None,Partial View (Dense Vegetation),High (Senior Tracker),Acknowledged by Base
2000-06-17,None,Pablo Group,None,Partial View (Dense Vegetation),High (Senior Tracker),Acknowledged by Base
2000-06-20,None,Amahoro,None,Clear View (Full Group),High (Senior Tracker),Acknowledged by Base
2000-06-20,None,Kwitonda,None,Partial View (Dense Vegetation),High (Senior Tracker),Acknowledged by Base
2000-06-20,None,Hirwa,None,Partial View (Dense Vegetation),High (Senior Tracker),Acknowledged by Base
2000-06-22,None,Pablo Group,None,Partial View (Dense Vegetation),High (Senior Tracker),Acknowledged by Base
2000-06-22,None,Hirwa,None,Partial View (Dense Vegetation),High (Senior Tracker),Acknowledged by Base
2000-06-29,CASE-2026-1016,Amahoro,Mild coughing,Partial View (Dense Vegetation),Low (Poor Conditions),Sent
2000-06-30,CASE-2026-1017,Kwitonda,Sustained nasal discharge,Clear View (Full Group),Medium,Seen
2000-07-02,CASE-2026-1018,Pablo Group,Mild coughing,Clear View (Full Group),High (Senior Tracker),Acknowledged by Base
2000-07-05,None,Susa-A,None,Partial View (Dense Vegetation),High (Senior Tracker),Acknowledged by Base
2000-07-06,None,Hirwa,None,Partial View (Dense Vegetation),High (Senior Tracker),Acknowledged by Base
2000-07-08,CASE-2026-1019,Hirwa,Mild coughing,Clear View (Full Group),High (Senior Tracker),Acknowledged by Base
2000-07-09,None,Pablo Group,None,Partial View (Dense Vegetation),High (Senior Tracker),Acknowledged by Base
2000-07-09,None,Amahoro,None,Clear View (Full Group),High (Senior Tracker),Acknowledged by Base
2000-07-10,None,Pablo Group,None,Clear View (Full Group),High (Senior Tracker),Acknowledged by Base
2000-07-10,None,Amahoro,None,Partial View (Dense Vegetation),High (Senior Tracker),Acknowledged by Base
2000-07-11,None,Kwitonda,None,Partial View (Dense Vegetation),High (Senior Tracker),Acknowledged by Base
2000-07-13,None,Pablo Group,None,Partial View (Dense Vegetation),High (Senior Tracker),Acknowledged by Base
2000-07-13,None,Hirwa,None,Partial View (Dense Vegetation),High (Senior Tracker),Acknowledged by Base
2000-07-16,CASE-2026-1020,Amahoro,Mild coughing,Partial View (Dense Vegetation),High (Senior Tracker),Seen
2000-07-17,None,Susa-A,None,Partial View (Dense Vegetation),High (Senior Tracker),Acknowledged by Base
2000-07-17,None,Hirwa,None,Clear View (Full Group),High (Senior Tracker),Acknowledged by Base
2000-07-20,None,Kwitonda,None,Partial View (Dense Vegetation),High (Senior Tracker),Acknowledged by Base
2000-07-22,None,Susa-A,None,Partial View (Dense Vegetation),High (Senior Tracker),Acknowledged by Base
2000-07-25,None,Hirwa,None,Clear View (Full Group),High (Senior Tracker),Acknowledged by Base
2000-07-26,None,Pablo Group,None,Partial View (Dense Vegetation),High (Senior Tracker),Acknowledged by Base
2000-07-26,None,Hirwa,None,Clear View (Full Group),High (Senior Tracker),Acknowledged by Base
2000-07-27,None,Amahoro,None,Clear View (Full Group),High (Senior Tracker),Acknowledged by Base
2000-07-28,None,Hirwa,None,Partial View (Dense Vegetation),High (Senior Tracker),Acknowledged by Base
2000-07-30,None,Kwitonda,None,Clear View (Full Group),High (Senior Tracker),Acknowledged by Base
2000-07-30,None,Hirwa,None,Partial View (Dense Vegetation),High (Senior Tracker),Acknowledged by Base
2000-08-05,None,Amahoro,None,Clear View (Full Group),High (Senior Tracker),Acknowledged by Base
2000-08-05,None,Kwitonda,None,Partial View (Dense Vegetation),High (Senior Tracker),Acknowledged by Base
2000-08-06,None,Hirwa,None,Partial View (Dense Vegetation),High (Senior Tracker),Acknowledged by Base
2000-08-07,None,Hirwa,None,Clear View (Full Group),High (Senior Tracker),Acknowledged by Base
2000-08-10,None,Susa-A,None,Partial View (Dense Vegetation),High (Senior Tracker),Acknowledged by Base
2000-08-10,None,Pablo Group,None,Clear View (Full Group),High (Senior Tracker),Acknowledged by Base
2000-08-10,None,Hirwa,None,Clear View (Full Group),High (Senior Tracker),Acknowledged by Base
2000-08-11,None,Pablo Group,None,Clear View (Full Group),High (Senior Tracker),Acknowledged by Base
2000-08-14,None,Susa-A,None,Clear View (Full Group),High (Senior Tracker),Acknowledged by Base
2000-08-16,None,Kwitonda,None,Partial View (Dense Vegetation),High (Senior Tracker),Acknowledged by Base
2000-08-16,None,Hirwa,None,Clear View (Full Group),High (Senior Tracker),Acknowledged by Base
2000-08-18,None,Kwitonda,None,Partial View (Dense Vegetation),High (Senior Tracker),Acknowledged by Base
2000-08-20,None,Susa-A,None,Clear View (Full Group),High (Senior Tracker),Acknowledged by Base
2000-08-23,None,Amahoro,None,Clear View (Full Group),High (Senior Tracker),Acknowledged by Base
2000-08-24,None,Pablo Group,None,Partial View (Dense Vegetation),High (Senior Tracker),Acknowledged by Base
2000-08-27,None,Kwitonda,None,Partial View (Dense Vegetation),High (Senior Tracker),Acknowledged by Base
2000-08-27,None,Hirwa,None,Clear View (Full Group),High (Senior Tracker),Acknowledged by Base
2000-08-28,CASE-2026-1021,Pablo Group,Mild coughing,Partial View (Dense Vegetation),Medium,Seen
2000-08-29,None,Amahoro,None,Partial View (Dense Vegetation),High (Senior Tracker),Acknowledged by Base
2000-08-29,CASE-2026-1022,Kwitonda,Sustained nasal discharge,Obscured (Heavy Rain),Medium,Acknowledged by Base
2000-08-29,CASE-2026-1023,Hirwa,Lethargy,Obscured (Heavy Rain),Low (Poor Conditions),Acknowledged by Base
2000-08-30,None,Kwitonda,None,Clear View (Full Group),High (Senior Tracker),Acknowledged by Base
2000-08-31,CASE-2026-1024,Pablo Group,Mild coughing,Obscured (Heavy Rain),Medium,Acknowledged by Base
2000-08-31,None,Kwitonda,None,Partial View (Dense Vegetation),High (Senior Tracker),Acknowledged by Base
2000-09-02,None,Susa-A,None,Clear View (Full Group),High (Senior Tracker),Acknowledged by Base
2000-09-04,None,Amahoro,None,Partial View (Dense Vegetation),High (Senior Tracker),Acknowledged by Base
2000-09-05,None,Kwitonda,None,Partial View (Dense Vegetation),High (Senior Tracker),Acknowledged by Base
2000-09-06,None,Hirwa,None,Partial View (Dense Vegetation),High (Senior Tracker),Acknowledged by Base
2000-09-09,None,Amahoro,None,Clear View (Full Group),High (Senior Tracker),Acknowledged by Base
2000-09-11,None,Hirwa,None,Partial View (Dense Vegetation),High (Senior Tracker),Acknowledged by Base
2000-09-12,None,Hirwa,None,Clear View (Full Group),High (Senior Tracker),Acknowledged by Base
2000-09-13,None,Pablo Group,None,Clear View (Full Group),High (Senior Tracker),Acknowledged by Base
2000-09-13,None,Amahoro,None,Partial View (Dense Vegetation),High (Senior Tracker),Acknowledged by Base
2000-09-14,None,Pablo Group,None,Clear View (Full Group),High (Senior Tracker),Acknowledged by Base
2000-09-19,None,Kwitonda,None,Partial View (Dense Vegetation),High (Senior Tracker),Acknowledged by Base
2000-09-20,CASE-2026-1025,Susa-A,Sustained nasal discharge,Partial View (Dense Vegetation),High (Senior Tracker),Seen
2000-09-23,CASE-2026-1026,Amahoro,Mild coughing,Obscured (Heavy Rain),Medium,Acknowledged by Base
2000-09-25,None,Susa-A,None,Partial View (Dense Vegetation),High (Senior Tracker),Acknowledged by Base
2000-09-26,None,Amahoro,None,Partial View (Dense Vegetation),High (Senior Tracker),Acknowledged by Base
2000-09-29,None,Susa-A,None,Clear View (Full Group),High (Senior Tracker),Acknowledged by Base
2000-10-02,None,Hirwa,None,Partial View (Dense Vegetation),High (Senior Tracker),Acknowledged by Base
2000-10-03,None,Susa-A,None,Partial View (Dense Vegetation),High (Senior Tracker),Acknowledged by Base
2000-10-03,None,Amahoro,None,Partial View (Dense Vegetation),High (Senior Tracker),Acknowledged by Base
2000-10-04,CASE-2026-1027,Pablo Group,Sustained nasal discharge,Obscured (Heavy Rain),High (Senior Tracker),Sent
2000-10-06,None,Pablo Group,None,Partial View (Dense Vegetation),High (Senior Tracker),Acknowledged by Base
2000-10-06,None,Kwitonda,None,Clear View (Full Group),High (Senior Tracker),Acknowledged by Base
2000-10-08,None,Kwitonda,None,Clear View (Full Group),High (Senior Tracker),Acknowledged by Base
2000-10-10,CASE-2026-1028,Amahoro,Sustained nasal discharge,Obscured (Heavy Rain),High (Senior Tracker),Sent
2000-10-12,None,Amahoro,None,Partial View (Dense Vegetation),High (Senior Tracker),Acknowledged by Base
2000-10-13,CASE-2026-1029,Susa-A,Sustained nasal discharge,Clear View (Full Group),Medium,Seen
2000-10-14,None,Susa-A,None,Clear View (Full Group),High (Senior Tracker),Acknowledged by Base
2000-10-17,None,Kwitonda,None,Clear View (Full Group),High (Senior Tracker),Acknowledged by Base
2000-10-17,None,Hirwa,None,Clear View (Full Group),High (Senior Tracker),Acknowledged by Base
2000-10-18,None,Amahoro,None,Clear View (Full Group),High (Senior Tracker),Acknowledged by Base
2000-10-19,None,Pablo Group,None,Partial View (Dense Vegetation),High (Senior Tracker),Acknowledged by Base
2000-10-20,None,Amahoro,None,Partial View (Dense Vegetation),High (Senior Tracker),Acknowledged by Base
2000-10-21,None,Hirwa,None,Clear View (Full Group),High (Senior Tracker),Acknowledged by Base
2000-10-22,CASE-2026-1030,Amahoro,Sustained nasal discharge,Partial View (Dense Vegetation),Medium,Seen
2000-10-23,CASE-2026-1031,Amahoro,Mild coughing,Obscured (Heavy Rain),High (Senior Tracker),Seen
2000-10-23,None,Hirwa,None,Partial View (Dense Vegetation),High (Senior Tracker),Acknowledged by Base
2000-10-25,None,Hirwa,None,Clear View (Full Group),High (Senior Tracker),Acknowledged by Base
2000-10-27,None,Amahoro,None,Partial View (Dense Vegetation),High (Senior Tracker),Acknowledged by Base
2000-10-28,CASE-2026-1032,Susa-A,Mild coughing,Obscured (Heavy Rain),High (Senior Tracker),Acknowledged by Base
2000-11-01,None,Amahoro,None,Partial View (Dense Vegetation),High (Senior Tracker),Acknowledged by Base
2000-11-04,None,Kwitonda,None,Clear View (Full Group),High (Senior Tracker),Acknowledged by Base
2000-11-06,CASE-2026-1033,Susa-A,Sustained nasal discharge,Clear View (Full Group),High (Senior Tracker),Sent
2000-11-07,None,Hirwa,None,Partial View (Dense Vegetation),High (Senior Tracker),Acknowledged by Base
2000-11-08,None,Hirwa,None,Clear View (Full Group),High (Senior Tracker),Acknowledged by Base
2000-11-12,CASE-2026-1034,Pablo Group,Mild coughing,Partial View (Dense Vegetation),High (Senior Tracker),Acknowledged by Base
2000-11-16,None,Pablo Group,None,Clear View (Full Group),High (Senior Tracker),Acknowledged by Base
2000-11-19,None,Susa-A,None,Partial View (Dense Vegetation),High (Senior Tracker),Acknowledged by Base
2000-11-19,CASE-2026-1035,Kwitonda,Mild coughing,Partial View (Dense Vegetation),High (Senior Tracker),Acknowledged by Base
2000-11-19,None,Hirwa,None,Clear View (Full Group),High (Senior Tracker),Acknowledged by Base
2000-11-20,CASE-2026-1036,Pablo Group,Mild coughing,Clear View (Full Group),High (Senior Tracker),Sent
2000-11-20,None,Kwitonda,None,Clear View (Full Group),High (Senior Tracker),Acknowledged by Base
2000-11-20,None,Hirwa,None,Clear View (Full Group),High (Senior Tracker),Acknowledged by Base
2000-11-25,None,Pablo Group,None,Partial View (Dense Vegetation),High (Senior Tracker),Acknowledged by Base
2000-11-27,None,Susa-A,None,Partial View (Dense Vegetation),High (Senior Tracker),Acknowledged by Base
2000-11-28,None,Amahoro,None,Partial View (Dense Vegetation),High (Senior Tracker),Acknowledged by Base
2000-11-30,None,Pablo Group,None,Partial View (Dense Vegetation),High (Senior Tracker),Acknowledged by Base
2000-12-02,None,Kwitonda,None,Partial View (Dense Vegetation),High (Senior Tracker),Acknowledged by Base
2000-12-03,CASE-2026-1037,Kwitonda,Mild coughing,Obscured (Heavy Rain),High (Senior Tracker),Sent
2000-12-09,None,Pablo Group,None,Clear View (Full Group),High (Senior Tracker),Acknowledged by Base
2000-12-12,CASE-2026-1038,Susa-A,Sustained nasal discharge,Partial View (Dense Vegetation),Medium,Seen
2000-12-12,None,Hirwa,None,Clear View (Full Group),High (Senior Tracker),Acknowledged by Base
2000-12-20,None,Hirwa,None,Partial View (Dense Vegetation),High (Senior Tracker),Acknowledged by Base
2000-12-21,None,Kwitonda,None,Clear View (Full Group),High (Senior Tracker),Acknowledged by Base
2000-12-24,None,Amahoro,None,Partial View (Dense Vegetation),High (Senior Tracker),Acknowledged by Base
2000-12-25,None,Amahoro,None,Clear View (Full Group),High (Senior Tracker),Acknowledged by Base
2000-12-25,None,Hirwa,None,Clear View (Full Group),High (Senior Tracker),Acknowledged by Base
2000-12-26,None,Pablo Group,None,Partial View (Dense Vegetation),High (Senior Tracker),Acknowledged by Base
2000-12-28,None,Susa-A,None,Clear View (Full Group),High (Senior Tracker),Acknowledged by Base
2001-01-03,None,Amahoro,None,Clear View (Full Group),High (Senior Tracker),Acknowledged by Base
2001-01-03,None,Hirwa,None,Partial View (Dense Vegetation),High (Senior Tracker),Acknowledged by Base
2001-01-07,CASE-2026-1039,Pablo Group,"Heavy coughing, wheezing",Obscured (Heavy Rain),High (Senior Tracker),Acknowledged by Base
2001-01-08,None,Hirwa,None,Clear View (Full Group),High (Senior Tracker),Acknowledged by Base
2001-01-09,None,Hirwa,None,Partial View (Dense Vegetation),High (Senior Tracker),Acknowledged by Base
2001-01-10,None,Amahoro,None,Clear View (Full Group),High (Senior Tracker),Acknowledged by Base
2001-01-11,None,Amahoro,None,Clear View (Full Group),High (Senior Tracker),Acknowledged by Base
2001-01-11,CASE-2026-1040,Kwitonda,Lethargy,Partial View (Dense Vegetation),Low (Poor Conditions),Acknowledged by Base
2001-01-13,None,Susa-A,None,Partial View (Dense Vegetation),High (Senior Tracker),Acknowledged by Base
2001-01-13,None,Kwitonda,None,Partial View (Dense Vegetation),High (Senior Tracker),Acknowledged by Base
2001-01-14,None,Amahoro,None,Partial View (Dense Vegetation),High (Senior Tracker),Acknowledged by Base
2001-01-18,None,Susa-A,None,Partial View (Dense Vegetation),High (Senior Tracker),Acknowledged by Base
2001-01-18,None,Pablo Group,None,Partial View (Dense Vegetation),High (Senior Tracker),Acknowledged by Base
2001-01-22,None,Amahoro,None,Partial View (Dense Vegetation),High (Senior Tracker),Acknowledged by Base
2001-01-23,None,Amahoro,None,Partial View (Dense Vegetation),High (Senior Tracker),Acknowledged by Base
2001-01-24,None,Amahoro,None,Partial View (Dense Vegetation),High (Senior Tracker),Acknowledged by Base
2001-01-26,None,Susa-A,None,Partial View (Dense Vegetation),High (Senior Tracker),Acknowledged by Base
2001-01-27,None,Hirwa,None,Clear View (Full Group),High (Senior Tracker),Acknowledged by Base
2001-01-28,None,Pablo Group,None,Partial View (Dense Vegetation),High (Senior Tracker),Acknowledged by Base
2001-01-29,None,Hirwa,None,Clear View (Full Group),High (Senior Tracker),Acknowledged by Base
2001-01-30,CASE-2026-1041,Pablo Group,Sustained nasal discharge,Obscured (Heavy Rain),Low (Poor Conditions),Sent
2001-01-31,None,Hirwa,None,Partial View (Dense Vegetation),High (Senior Tracker),Acknowledged by Base
2001-02-04,None,Pablo Group,None,Clear View (Full Group),High (Senior Tracker),Acknowledged by Base
2001-02-04,None,Kwitonda,None,Partial View (Dense Vegetation),High (Senior Tracker),Acknowledged by Base
2001-02-04,None,Hirwa,None,Clear View (Full Group),High (Senior Tracker),Acknowledged by Base
2001-02-05,None,Hirwa,None,Clear View (Full Group),High (Senior Tracker),Acknowledged by Base
2001-02-08,None,Pablo Group,None,Clear View (Full Group),High (Senior Tracker),Acknowledged by Base
2001-02-09,CASE-2026-1042,Amahoro,Sustained nasal discharge,Partial View (Dense Vegetation),High (Senior Tracker),Seen
2001-02-12,None,Hirwa,None,Partial View (Dense Vegetation),High (Senior Tracker),Acknowledged by Base
2001-02-15,CASE-2026-1043,Susa-A,Lethargy,Clear View (Full Group),Medium,Seen
2001-02-16,None,Susa-A,None,Clear View (Full Group),High (Senior Tracker),Acknowledged by Base
2001-02-17,None,Kwitonda,None,Clear View (Full Group),High (Senior Tracker),Acknowledged by Base
2001-02-18,None,Amahoro,None,Clear View (Full Group),High (Senior Tracker),Acknowledged by Base
2001-02-19,CASE-2026-1044,Pablo Group,Mild coughing,Partial View (Dense Vegetation),High (Senior Tracker),Sent
2001-02-20,None,Pablo Group,None,Clear View (Full Group),High (Senior Tracker),Acknowledged by Base
2001-02-22,None,Amahoro,None,Partial View (Dense Vegetation),High (Senior Tracker),Acknowledged by Base
2001-02-23,None,Susa-A,None,Partial View (Dense Vegetation),High (Senior Tracker),Acknowledged by Base
2001-02-23,None,Pablo Group,None,Partial View (Dense Vegetation),High (Senior Tracker),Acknowledged by Base
2001-02-23,None,Kwitonda,None,Clear View (Full Group),High (Senior Tracker),Acknowledged by Base
2001-02-24,None,Kwitonda,None,Partial View (Dense Vegetation),High (Senior Tracker),Acknowledged by Base
2001-02-25,None,Pablo Group,None,Partial View (Dense Vegetation),High (Senior Tracker),Acknowledged by Base
2001-02-26,None,Amahoro,None,Clear View (Full Group),High (Senior Tracker),Acknowledged by Base
2001-02-27,None,Pablo Group,None,Partial View (Dense Vegetation),High (Senior Tracker),Acknowledged by Base
2001-02-28,CASE-2026-1045,Amahoro,Sustained nasal discharge,Partial View (Dense Vegetation),High (Senior Tracker),Acknowledged by Base
2001-03-02,None,Susa-A,None,Partial View (Dense Vegetation),High (Senior Tracker),Acknowledged by Base
2001-03-02,None,Pablo Group,None,Clear View (Full Group),High (Senior Tracker),Acknowledged by Base
2001-03-03,None,Kwitonda,None,Partial View (Dense Vegetation),High (Senior Tracker),Acknowledged by Base
2001-03-04,None,Amahoro,None,Clear View (Full Group),High (Senior Tracker),Acknowledged by Base
2001-03-07,None,Susa-A,None,Clear View (Full Group),High (Senior Tracker),Acknowledged by Base
2001-03-07,CASE-2026-1046,Kwitonda,Mild coughing,Partial View (Dense Vegetation),High (Senior Tracker),Acknowledged by Base
2001-03-08,CASE-2026-1047,Hirwa,Sustained nasal discharge,Clear View (Full Group),High (Senior Tracker),Sent
2001-03-17,None,Kwitonda,None,Clear View (Full Group),High (Senior Tracker),Acknowledged by Base
2001-03-20,None,Pablo Group,None,Clear View (Full Group),High (Senior Tracker),Acknowledged by Base
2001-03-21,None,Pablo Group,None,Clear View (Full Group),High (Senior Tracker),Acknowledged by Base
2001-03-21,None,Amahoro,None,Clear View (Full Group),High (Senior Tracker),Acknowledged by Base
2001-03-25,CASE-2026-1048,Susa-A,Lethargy,Obscured (Heavy Rain),Medium,Sent
2001-03-27,None,Susa-A,None,Partial View (Dense Vegetation),High (Senior Tracker),Acknowledged by Base
2001-03-27,CASE-2026-1049,Hirwa,Sustained nasal discharge,Partial View (Dense Vegetation),Low (Poor Conditions),Seen
2001-03-28,None,Hirwa,None,Partial View (Dense Vegetation),High (Senior Tracker),Acknowledged by Base
2001-03-29,CASE-2026-1050,Pablo Group,Lethargy,Clear View (Full Group),Low (Poor Conditions),Seen
2001-03-31,None,Kwitonda,None,Clear View (Full Group),High (Senior Tracker),Acknowledged by Base
2001-03-31,None,Hirwa,None,Clear View (Full Group),High (Senior Tracker),Acknowledged by Base
2001-04-01,None,Susa-A,None,Clear View (Full Group),High (Senior Tracker),Acknowledged by Base
2001-04-02,None,Susa-A,None,Clear View (Full Group),High (Senior Tracker),Acknowledged by Base
2001-04-03,None,Hirwa,None,Partial View (Dense Vegetation),High (Senior Tracker),Acknowledged by Base
2001-04-09,None,Kwitonda,None,Clear View (Full Group),High (Senior Tracker),Acknowledged by Base
2001-04-10,None,Susa-A,None,Clear View (Full Group),High (Senior Tracker),Acknowledged by Base
2001-04-12,CASE-2026-1051,Pablo Group,Sustained nasal discharge,Partial View (Dense Vegetation),Medium,Acknowledged by Base
2001-04-15,None,Susa-A,None,Partial View (Dense Vegetation),High (Senior Tracker),Acknowledged by Base
2001-04-17,None,Kwitonda,None,Partial View (Dense Vegetation),High (Senior Tracker),Acknowledged by Base
2001-04-23,None,Susa-A,None,Partial View (Dense Vegetation),High (Senior Tracker),Acknowledged by Base
2001-04-25,None,Susa-A,None,Partial View (Dense Vegetation),High (Senior Tracker),Acknowledged by Base
2001-04-25,None,Kwitonda,None,Partial View (Dense Vegetation),High (Senior Tracker),Acknowledged by Base
2001-04-26,CASE-2026-1052,Kwitonda,Sustained nasal discharge,Partial View (Dense Vegetation),High (Senior Tracker),Seen
2001-05-01,None,Amahoro,None,Partial View (Dense Vegetation),High (Senior Tracker),Acknowledged by Base
2001-05-02,None,Kwitonda,None,Partial View (Dense Vegetation),High (Senior Tracker),Acknowledged by Base
2001-05-03,None,Susa-A,None,Clear View (Full Group),High (Senior Tracker),Acknowledged by Base
2001-05-06,None,Amahoro,None,Clear View (Full Group),High (Senior Tracker),Acknowledged by Base
2001-05-06,CASE-2026-1053,Kwitonda,Mild coughing,Clear View (Full Group),High (Senior Tracker),Acknowledged by Base
2001-05-08,None,Kwitonda,None,Clear View (Full Group),High (Senior Tracker),Acknowledged by Base
2001-05-11,CASE-2026-1054,Hirwa,Mild coughing,Partial View (Dense Vegetation),High (Senior Tracker),Sent
2001-05-12,CASE-2026-1055,Pablo Group,Sustained nasal discharge,Partial View (Dense Vegetation),High (Senior Tracker),Sent
2001-05-14,None,Kwitonda,None,Clear View (Full Group),High (Senior Tracker),Acknowledged by Base
2001-05-17,None,Susa-A,None,Partial View (Dense Vegetation),High (Senior Tracker),Acknowledged by Base
2001-05-17,None,Kwitonda,None,Partial View (Dense Vegetation),High (Senior Tracker),Acknowledged by Base
2001-05-18,CASE-2026-1056,Amahoro,Sustained nasal discharge,Obscured (Heavy Rain),High (Senior Tracker),Acknowledged by Base
2001-05-19,None,Pablo Group,None,Partial View (Dense Vegetation),High (Senior Tracker),Acknowledged by Base
2001-05-21,None,Hirwa,None,Partial View (Dense Vegetation),High (Senior Tracker),Acknowledged by Base
2001-05-23,None,Amahoro,None,Partial View (Dense Vegetation),High (Senior Tracker),Acknowledged by Base
2001-05-26,CASE-2026-1057,Pablo Group,Sustained nasal discharge,Partial View (Dense Vegetation),High (Senior Tracker),Seen
2001-05-29,None,Kwitonda,None,Partial View (Dense Vegetation),High (Senior Tracker),Acknowledged by Base
2001-05-30,None,Kwitonda,None,Clear View (Full Group),High (Senior Tracker),Acknowledged by Base
2001-05-30,CASE-2026-1058,Hirwa,Mild coughing,Obscured (Heavy Rain),High (Senior Tracker),Seen
2001-05-31,None,Susa-A,None,Partial View (Dense Vegetation),High (Senior Tracker),Acknowledged by Base
2001-05-31,None,Kwitonda,None,Clear View (Full Group),High (Senior Tracker),Acknowledged by Base
2001-06-03,CASE-2026-1059,Kwitonda,Mild coughing,Clear View (Full Group),Medium,Seen
2001-06-04,None,Amahoro,None,Clear View (Full Group),High (Senior Tracker),Acknowledged by Base
2001-06-13,None,Hirwa,None,Clear View (Full Group),High (Senior Tracker),Acknowledged by Base
2001-06-14,None,Susa-A,None,Clear View (Full Group),High (Senior Tracker),Acknowledged by Base
2001-06-14,None,Pablo Group,None,Partial View (Dense Vegetation),High (Senior Tracker),Acknowledged by Base
2001-06-16,CASE-2026-1060,Pablo Group,Mild coughing,Partial View (Dense Vegetation),Low (Poor Conditions),Sent
2001-06-17,None,Kwitonda,None,Partial View (Dense Vegetation),High (Senior Tracker),Acknowledged by Base
2001-06-18,None,Pablo Group,None,Partial View (Dense Vegetation),High (Senior Tracker),Acknowledged by Base
2001-06-21,None,Hirwa,None,Partial View (Dense Vegetation),High (Senior Tracker),Acknowledged by Base
2001-06-22,None,Susa-A,None,Clear View (Full Group),High (Senior Tracker),Acknowledged by Base
2001-06-22,None,Amahoro,None,Clear View (Full Group),High (Senior Tracker),Acknowledged by Base
2001-06-22,None,Kwitonda,None,Partial View (Dense Vegetation),High (Senior Tracker),Acknowledged by Base
2001-06-23,None,Pablo Group,None,Clear View (Full Group),High (Senior Tracker),Acknowledged by Base
2001-06-26,None,Hirwa,None,Clear View (Full Group),High (Senior Tracker),Acknowledged by Base
2001-06-27,None,Hirwa,None,Partial View (Dense Vegetation),High (Senior Tracker),Acknowledged by Base
2001-07-01,None,Kwitonda,None,Clear View (Full Group),High (Senior Tracker),Acknowledged by Base
2001-07-01,None,Hirwa,None,Partial View (Dense Vegetation),High (Senior Tracker),Acknowledged by Base
2001-07-02,None,Pablo Group,None,Clear View (Full Group),High (Senior Tracker),Acknowledged by Base
2001-07-03,CASE-2026-1061,Kwitonda,Lethargy,Clear View (Full Group),High (Senior Tracker),Acknowledged by Base
2001-07-05,None,Susa-A,None,Partial View (Dense Vegetation),High (Senior Tracker),Acknowledged by Base
2001-07-05,None,Hirwa,None,Partial View (Dense Vegetation),High (Senior Tracker),Acknowledged by Base
2001-07-08,None,Kwitonda,None,Partial View (Dense Vegetation),High (Senior Tracker),Acknowledged by Base
2001-07-10,CASE-2026-1062,Susa-A,Sustained nasal discharge,Obscured (Heavy Rain),Medium,Sent
2001-07-10,CASE-2026-1063,Amahoro,Mild coughing,Partial View (Dense Vegetation),High (Senior Tracker),Sent
2001-07-12,None,Hirwa,None,Partial View (Dense Vegetation),High (Senior Tracker),Acknowledged by Base
2001-07-14,None,Pablo Group,None,Clear View (Full Group),High (Senior Tracker),Acknowledged by Base
2001-07-14,None,Kwitonda,None,Partial View (Dense Vegetation),High (Senior Tracker),Acknowledged by Base
2001-07-15,None,Pablo Group,None,Partial View (Dense Vegetation),High (Senior Tracker),Acknowledged by Base
2001-07-16,None,Amahoro,None,Clear View (Full Group),High (Senior Tracker),Acknowledged by Base
2001-07-16,None,Kwitonda,None,Partial View (Dense Vegetation),High (Senior Tracker),Acknowledged by Base
2001-07-20,None,Susa-A,None,Clear View (Full Group),High (Senior Tracker),Acknowledged by Base
2001-07-20,None,Pablo Group,None,Partial View (Dense Vegetation),High (Senior Tracker),Acknowledged by Base
2001-07-22,CASE-2026-1064,Pablo Group,Mild coughing,Partial View (Dense Vegetation),High (Senior Tracker),Acknowledged by Base
2001-07-23,None,Kwitonda,None,Clear View (Full Group),High (Senior Tracker),Acknowledged by Base
2001-07-23,None,Hirwa,None,Partial View (Dense Vegetation),High (Senior Tracker),Acknowledged by Base
2001-07-24,None,Susa-A,None,Partial View (Dense Vegetation),High (Senior Tracker),Acknowledged by Base
2001-07-25,None,Amahoro,None,Partial View (Dense Vegetation),High (Senior Tracker),Acknowledged by Base
2001-07-25,None,Hirwa,None,Partial View (Dense Vegetation),High (Senior Tracker),Acknowledged by Base
2001-07-30,None,Amahoro,None,Partial View (Dense Vegetation),High (Senior Tracker),Acknowledged by Base
2001-07-31,None,Kwitonda,None,Clear View (Full Group),High (Senior Tracker),Acknowledged by Base
2001-08-01,None,Amahoro,None,Partial View (Dense Vegetation),High (Senior Tracker),Acknowledged by Base
2001-08-03,None,Susa-A,None,Partial View (Dense Vegetation),High (Senior Tracker),Acknowledged by Base
2001-08-04,CASE-2026-1065,Susa-A,"Heavy coughing, wheezing",Obscured (Heavy Rain),Medium,Seen
2001-08-04,None,Hirwa,None,Clear View (Full Group),High (Senior Tracker),Acknowledged by Base
2001-08-06,None,Susa-A,None,Partial View (Dense Vegetation),High (Senior Tracker),Acknowledged by Base
2001-08-06,None,Kwitonda,None,Partial View (Dense Vegetation),High (Senior Tracker),Acknowledged by Base
2001-08-07,None,Amahoro,None,Clear View (Full Group),High (Senior Tracker),Acknowledged by Base
2001-08-08,None,Susa-A,None,Partial View (Dense Vegetation),High (Senior Tracker),Acknowledged by Base
2001-08-08,CASE-2026-1066,Hirwa,Lethargy,Partial View (Dense Vegetation),High (Senior Tracker),Sent
2001-08-10,None,Hirwa,None,Partial View (Dense Vegetation),High (Senior Tracker),Acknowledged by Base
2001-08-11,CASE-2026-1067,Susa-A,Lethargy,Partial View (Dense Vegetation),High (Senior Tracker),Acknowledged by Base
2001-08-12,None,Amahoro,None,Clear View (Full Group),High (Senior Tracker),Acknowledged by Base
2001-08-14,None,Kwitonda,None,Partial View (Dense Vegetation),High (Senior Tracker),Acknowledged by Base
2001-08-15,None,Pablo Group,None,Partial View (Dense Vegetation),High (Senior Tracker),Acknowledged by Base
2001-08-15,CASE-2026-1068,Hirwa,Mild coughing,Partial View (Dense Vegetation),Medium,Acknowledged by Base
2001-08-18,None,Amahoro,None,Partial View (Dense Vegetation),High (Senior Tracker),Acknowledged by Base
2001-08-19,None,Hirwa,None,Partial View (Dense Vegetation),High (Senior Tracker),Acknowledged by Base
2001-08-20,None,Susa-A,None,Partial View (Dense Vegetation),High (Senior Tracker),Acknowledged by Base
2001-08-22,None,Amahoro,None,Partial View (Dense Vegetation),High (Senior Tracker),Acknowledged by Base
2001-08-23,None,Amahoro,None,Partial View (Dense Vegetation),High (Senior Tracker),Acknowledged by Base
2001-08-24,None,Amahoro,None,Partial View (Dense Vegetation),High (Senior Tracker),Acknowledged by Base
2001-08-25,None,Susa-A,None,Clear View (Full Group),High (Senior Tracker),Acknowledged by Base
2001-08-25,None,Hirwa,None,Partial View (Dense Vegetation),High (Senior Tracker),Acknowledged by Base
2001-08-26,None,Kwitonda,None,Partial View (Dense Vegetation),High (Senior Tracker),Acknowledged by Base
2001-08-27,None,Pablo Group,None,Clear View (Full Group),High (Senior Tracker),Acknowledged by Base
2001-09-02,None,Susa-A,None,Partial View (Dense Vegetation),High (Senior Tracker),Acknowledged by Base
2001-09-03,None,Amahoro,None,Partial View (Dense Vegetation),High (Senior Tracker),Acknowledged by Base
2001-09-03,None,Kwitonda,None,Partial View (Dense Vegetation),High (Senior Tracker),Acknowledged by Base
2001-09-05,None,Susa-A,None,Partial View (Dense Vegetation),High (Senior Tracker),Acknowledged by Base
2001-09-08,None,Hirwa,None,Clear View (Full Group),High (Senior Tracker),Acknowledged by Base
2001-09-09,None,Amahoro,None,Partial View (Dense Vegetation),High (Senior Tracker),Acknowledged by Base
2001-09-09,None,Kwitonda,None,Clear View (Full Group),High (Senior Tracker),Acknowledged by Base
2001-09-11,None,Kwitonda,None,Clear View (Full Group),High (Senior Tracker),Acknowledged by Base
2001-09-12,None,Susa-A,None,Partial View (Dense Vegetation),High (Senior Tracker),Acknowledged by Base
2001-09-13,CASE-2026-1069,Kwitonda,Sustained nasal discharge,Partial View (Dense Vegetation),High (Senior Tracker),Sent
2001-09-13,CASE-2026-1070,Hirwa,Mild coughing,Obscured (Heavy Rain),Medium,Acknowledged by Base
2001-09-14,None,Hirwa,None,Partial View (Dense Vegetation),High (Senior Tracker),Acknowledged by Base
2001-09-22,None,Susa-A,None,Clear View (Full Group),High (Senior Tracker),Acknowledged by Base
2001-09-22,None,Kwitonda,None,Partial View (Dense Vegetation),High (Senior Tracker),Acknowledged by Base
2001-09-24,None,Hirwa,None,Partial View (Dense Vegetation),High (Senior Tracker),Acknowledged by Base
2001-09-26,None,Susa-A,None,Clear View (Full Group),High (Senior Tracker),Acknowledged by Base
2001-09-27,None,Kwitonda,None,Clear View (Full Group),High (Senior Tracker),Acknowledged by Base
2001-09-28,None,Amahoro,None,Clear View (Full Group),High (Senior Tracker),Acknowledged by Base
2001-09-28,None,Hirwa,None,Partial View (Dense Vegetation),High (Senior Tracker),Acknowledged by Base
2001-09-29,None,Amahoro,None,Clear View (Full Group),High (Senior Tracker),Acknowledged by Base
2001-09-29,None,Kwitonda,None,Partial View (Dense Vegetation),High (Senior Tracker),Acknowledged by Base
2001-10-01,CASE-2026-1071,Susa-A,Mild coughing,Obscured (Heavy Rain),High (Senior Tracker),Sent
2001-10-03,None,Pablo Group,None,Partial View (Dense Vegetation),High (Senior Tracker),Acknowledged by Base
2001-10-04,None,Hirwa,None,Partial View (Dense Vegetation),High (Senior Tracker),Acknowledged by Base
2001-10-06,None,Hirwa,None,Partial View (Dense Vegetation),High (Senior Tracker),Acknowledged by Base
2001-10-08,None,Susa-A,None,Partial View (Dense Vegetation),High (Senior Tracker),Acknowledged by Base
2001-10-14,None,Hirwa,None,Partial View (Dense Vegetation),High (Senior Tracker),Acknowledged by Base
2001-10-16,None,Amahoro,None,Partial View (Dense Vegetation),High (Senior Tracker),Acknowledged by Base
2001-10-17,None,Hirwa,None,Partial View (Dense Vegetation),High (Senior Tracker),Acknowledged by Base
2001-10-22,CASE-2026-1072,Susa-A,Lethargy,Clear View (Full Group),Medium,Acknowledged by Base
2001-10-23,None,Amahoro,None,Partial View (Dense Vegetation),High (Senior Tracker),Acknowledged by Base
2001-10-24,None,Pablo Group,None,Partial View (Dense Vegetation),High (Senior Tracker),Acknowledged by Base
2001-10-27,CASE-2026-1073,Amahoro,Mild coughing,Partial View (Dense Vegetation),Medium,Sent
2001-10-28,None,Kwitonda,None,Partial View (Dense Vegetation),High (Senior Tracker),Acknowledged by Base
2001-10-28,None,Hirwa,None,Clear View (Full Group),High (Senior Tracker),Acknowledged by Base
2001-10-30,None,Kwitonda,None,Clear View (Full Group),High (Senior Tracker),Acknowledged by Base
2001-11-01,CASE-2026-1074,Susa-A,Mild coughing,Partial View (Dense Vegetation),Medium,Sent
2001-11-01,None,Pablo Group,None,Partial View (Dense Vegetation),High (Senior Tracker),Acknowledged by Base
2001-11-01,None,Kwitonda,None,Clear View (Full Group),High (Senior Tracker),Acknowledged by Base
2001-11-01,None,Hirwa,None,Partial View (Dense Vegetation),High (Senior Tracker),Acknowledged by Base
2001-11-02,None,Susa-A,None,Clear View (Full Group),High (Senior Tracker),Acknowledged by Base
2001-11-03,CASE-2026-1075,Susa-A,Sustained nasal discharge,Partial View (Dense Vegetation),High (Senior Tracker),Acknowledged by Base
2001-11-06,CASE-2026-1076,Susa-A,Sustained nasal discharge,Clear View (Full Group),Medium,Seen
2001-11-06,None,Amahoro,None,Clear View (Full Group),High (Senior Tracker),Acknowledged by Base
2001-11-07,None,Pablo Group,None,Clear View (Full Group),High (Senior Tracker),Acknowledged by Base
2001-11-10,None,Pablo Group,None,Partial View (Dense Vegetation),High (Senior Tracker),Acknowledged by Base
2001-11-15,CASE-2026-1077,Kwitonda,Sustained nasal discharge,Obscured (Heavy Rain),High (Senior Tracker),Acknowledged by Base
2001-11-16,None,Amahoro,None,Clear View (Full Group),High (Senior Tracker),Acknowledged by Base
2001-11-17,None,Hirwa,None,Clear View (Full Group),High (Senior Tracker),Acknowledged by Base
2001-11-19,None,Hirwa,None,Clear View (Full Group),High (Senior Tracker),Acknowledged by Base
2001-11-23,None,Kwitonda,None,Partial View (Dense Vegetation),High (Senior Tracker),Acknowledged by Base
2001-11-24,CASE-2026-1078,Kwitonda,Sustained nasal discharge,Obscured (Heavy Rain),Medium,Seen
2001-11-28,None,Susa-A,None,Partial View (Dense Vegetation),High (Senior Tracker),Acknowledged by Base
2001-12-01,None,Kwitonda,None,Partial View (Dense Vegetation),High (Senior Tracker),Acknowledged by Base
2001-12-02,None,Hirwa,None,Clear View (Full Group),High (Senior Tracker),Acknowledged by Base
2001-12-03,None,Kwitonda,None,Clear View (Full Group),High (Senior Tracker),Acknowledged by Base
2001-12-06,None,Hirwa,None,Partial View (Dense Vegetation),High (Senior Tracker),Acknowledged by Base
2001-12-10,CASE-2026-1079,Kwitonda,Mild coughing,Clear View (Full Group),Medium,Sent
2001-12-12,None,Susa-A,None,Clear View (Full Group),High (Senior Tracker),Acknowledged by Base
2001-12-18,None,Amahoro,None,Clear View (Full Group),High (Senior Tracker),Acknowledged by Base
2001-12-19,None,Susa-A,None,Partial View (Dense Vegetation),High (Senior Tracker),Acknowledged by Base
2001-12-19,None,Pablo Group,None,Partial View (Dense Vegetation),High (Senior Tracker),Acknowledged by Base
2001-12-19,None,Kwitonda,None,Partial View (Dense Vegetation),High (Senior Tracker),Acknowledged by Base
2001-12-23,None,Kwitonda,None,Clear View (Full Group),High (Senior Tracker),Acknowledged by Base
2001-12-25,None,Kwitonda,None,Partial View (Dense Vegetation),High (Senior Tracker),Acknowledged by Base
2001-12-26,None,Pablo Group,None,Clear View (Full Group),High (Senior Tracker),Acknowledged by Base
2001-12-27,None,Susa-A,None,Clear View (Full Group),High (Senior Tracker),Acknowledged by Base
2002-01-01,None,Susa-A,None,Partial View (Dense Vegetation),High (Senior Tracker),Acknowledged by Base
2002-01-01,None,Amahoro,None,Clear View (Full Group),High (Senior Tracker),Acknowledged by Base
2002-01-01,CASE-2026-1080,Kwitonda,Mild coughing,Clear View (Full Group),High (Senior Tracker),Acknowledged by Base
2002-01-02,None,Susa-A,None,Clear View (Full Group),High (Senior Tracker),Acknowledged by Base
2002-01-05,None,Pablo Group,None,Clear View (Full Group),High (Senior Tracker),Acknowledged by Base
2002-01-06,None,Kwitonda,None,Clear View (Full Group),High (Senior Tracker),Acknowledged by Base
2002-01-15,None,Pablo Group,None,Clear View (Full Group),High (Senior Tracker),Acknowledged by Base
2002-01-15,CASE-2026-1081,Amahoro,Mild coughing,Partial View (Dense Vegetation),Medium,Sent
2002-01-16,CASE-2026-1082,Amahoro,Sustained nasal discharge,Clear View (Full Group),Low (Poor Conditions),Seen
2002-01-17,None,Amahoro,None,Partial View (Dense Vegetation),High (Senior Tracker),Acknowledged by Base
2002-01-17,None,Hirwa,None,Clear View (Full Group),High (Senior Tracker),Acknowledged by Base
2002-01-19,None,Susa-A,None,Clear View (Full Group),High (Senior Tracker),Acknowledged by Base
2002-01-21,None,Susa-A,None,Clear View (Full Group),High (Senior Tracker),Acknowledged by Base
2002-01-22,None,Kwitonda,None,Partial View (Dense Vegetation),High (Senior Tracker),Acknowledged by Base
2002-01-29,None,Hirwa,None,Partial View (Dense Vegetation),High (Senior Tracker),Acknowledged by Base
2002-02-01,None,Pablo Group,None,Clear View (Full Group),High (Senior Tracker),Acknowledged by Base
2002-02-02,None,Susa-A,None,Partial View (Dense Vegetation),High (Senior Tracker),Acknowledged by Base
2002-02-02,None,Amahoro,None,Clear View (Full Group),High (Senior Tracker),Acknowledged by Base
2002-02-02,None,Kwitonda,None,Clear View (Full Group),High (Senior Tracker),Acknowledged by Base
2002-02-05,CASE-2026-1083,Susa-A,Mild coughing,Obscured (Heavy Rain),High (Senior Tracker),Sent
2002-02-08,None,Amahoro,None,Partial View (Dense Vegetation),High (Senior Tracker),Acknowledged by Base
2002-02-09,CASE-2026-1084,Amahoro,Mild coughing,Clear View (Full Group),Medium,Acknowledged by Base
2002-02-10,CASE-2026-1085,Amahoro,Mild coughing,Obscured (Heavy Rain),Low (Poor Conditions),Sent
2002-02-11,None,Hirwa,None,Partial View (Dense Vegetation),High (Senior Tracker),Acknowledged by Base
2002-02-12,None,Susa-A,None,Clear View (Full Group),High (Senior Tracker),Acknowledged by Base
2002-02-14,None,Susa-A,None,Clear View (Full Group),High (Senior Tracker),Acknowledged by Base
2002-02-15,None,Pablo Group,None,Clear View (Full Group),High (Senior Tracker),Acknowledged by Base
2002-02-15,CASE-2026-1086,Kwitonda,Mild coughing,Clear View (Full Group),Low (Poor Conditions),Sent
2002-02-16,None,Susa-A,None,Partial View (Dense Vegetation),High (Senior Tracker),Acknowledged by Base
2002-02-18,None,Pablo Group,None,Partial View (Dense Vegetation),High (Senior Tracker),Acknowledged by Base
2002-02-20,CASE-2026-1087,Susa-A,Mild coughing,Partial View (Dense Vegetation),High (Senior Tracker),Seen
2002-02-20,None,Kwitonda,None,Partial View (Dense Vegetation),High (Senior Tracker),Acknowledged by Base
2002-02-20,None,Hirwa,None,Clear View (Full Group),High (Senior Tracker),Acknowledged by Base
2002-02-24,None,Pablo Group,None,Clear View (Full Group),High (Senior Tracker),Acknowledged by Base
2002-02-24,None,Amahoro,None,Clear View (Full Group),High (Senior Tracker),Acknowledged by Base
2002-02-24,None,Kwitonda,None,Clear View (Full Group),High (Senior Tracker),Acknowledged by Base
2002-02-25,CASE-2026-1088,Pablo Group,Mild coughing,Partial View (Dense Vegetation),Low (Poor Conditions),Seen
2002-02-25,None,Amahoro,None,Clear View (Full Group),High (Senior Tracker),Acknowledged by Base
2002-03-02,None,Hirwa,None,Clear View (Full Group),High (Senior Tracker),Acknowledged by Base
2002-03-04,CASE-2026-1089,Amahoro,Sustained nasal discharge,Partial View (Dense Vegetation),Medium,Acknowledged by Base
2002-03-08,None,Amahoro,None,Clear View (Full Group),High (Senior Tracker),Acknowledged by Base
2002-03-08,None,Kwitonda,None,Clear View (Full Group),High (Senior Tracker),Acknowledged by Base
2002-03-09,None,Pablo Group,None,Partial View (Dense Vegetation),High (Senior Tracker),Acknowledged by Base
2002-03-10,None,Amahoro,None,Partial View (Dense Vegetation),High (Senior Tracker),Acknowledged by Base
2002-03-10,None,Hirwa,None,Partial View (Dense Vegetation),High (Senior Tracker),Acknowledged by Base
2002-03-14,None,Kwitonda,None,Partial View (Dense Vegetation),High (Senior Tracker),Acknowledged by Base
2002-03-15,CASE-2026-1090,Kwitonda,Mild coughing,Obscured (Heavy Rain),Low (Poor Conditions),Acknowledged by Base
2002-03-16,None,Susa-A,None,Partial View (Dense Vegetation),High (Senior Tracker),Acknowledged by Base
2002-03-17,None,Hirwa,None,Clear View (Full Group),High (Senior Tracker),Acknowledged by Base
2002-03-20,None,Pablo Group,None,Clear View (Full Group),High (Senior Tracker),Acknowledged by Base
2002-03-22,None,Susa-A,None,Clear View (Full Group),High (Senior Tracker),Acknowledged by Base
2002-03-23,None,Kwitonda,None,Partial View (Dense Vegetation),High (Senior Tracker),Acknowledged by Base
2002-03-26,CASE-2026-1091,Pablo Group,Mild coughing,Obscured (Heavy Rain),Medium,Sent
2002-03-26,None,Amahoro,None,Clear View (Full Group),High (Senior Tracker),Acknowledged by Base
2002-03-28,None,Amahoro,None,Clear View (Full Group),High (Senior Tracker),Acknowledged by Base
2002-04-01,None,Hirwa,None,Clear View (Full Group),High (Senior Tracker),Acknowledged by Base
2002-04-03,None,Susa-A,None,Partial View (Dense Vegetation),High (Senior Tracker),Acknowledged by Base
2002-04-04,None,Kwitonda,None,Clear View (Full Group),High (Senior Tracker),Acknowledged by Base
2002-04-04,None,Hirwa,None,Partial View (Dense Vegetation),High (Senior Tracker),Acknowledged by Base
2002-04-05,CASE-2026-1092,Susa-A,Mild coughing,Clear View (Full Group),Low (Poor Conditions),Sent
2002-04-06,None,Hirwa,None,Partial View (Dense Vegetation),High (Senior Tracker),Acknowledged by Base
2002-04-08,None,Hirwa,None,Partial View (Dense Vegetation),High (Senior Tracker),Acknowledged by Base
2002-04-11,None,Kwitonda,None,Clear View (Full Group),High (Senior Tracker),Acknowledged by Base
2002-04-13,None,Hirwa,None,Partial View (Dense Vegetation),High (Senior Tracker),Acknowledged by Base
2002-04-16,None,Pablo Group,None,Partial View (Dense Vegetation),High (Senior Tracker),Acknowledged by Base
2002-04-17,None,Pablo Group,None,Partial View (Dense Vegetation),High (Senior Tracker),Acknowledged by Base
2002-04-18,CASE-2026-1093,Pablo Group,Sustained nasal discharge,Partial View (Dense Vegetation),High (Senior Tracker),Acknowledged by Base
2002-04-19,None,Susa-A,None,Partial View (Dense Vegetation),High (Senior Tracker),Acknowledged by Base
2002-04-21,None,Hirwa,None,Clear View (Full Group),High (Senior Tracker),Acknowledged by Base
2002-04-23,None,Amahoro,None,Partial View (Dense Vegetation),High (Senior Tracker),Acknowledged by Base
2002-04-25,None,Kwitonda,None,Partial View (Dense Vegetation),High (Senior Tracker),Acknowledged by Base
2002-04-25,None,Hirwa,None,Clear View (Full Group),High (Senior Tracker),Acknowledged by Base
2002-04-27,CASE-2026-1094,Susa-A,Sustained nasal discharge,Obscured (Heavy Rain),High (Senior Tracker),Sent
2002-04-29,CASE-2026-1095,Amahoro,Sustained nasal discharge,Clear View (Full Group),High (Senior Tracker),Seen
2002-05-03,None,Hirwa,None,Partial View (Dense Vegetation),High (Senior Tracker),Acknowledged by Base
2002-05-05,None,Susa-A,None,Clear View (Full Group),High (Senior Tracker),Acknowledged by Base
2002-05-05,None,Pablo Group,None,Partial View (Dense Vegetation),High (Senior Tracker),Acknowledged by Base
2002-05-08,None,Pablo Group,None,Partial View (Dense Vegetation),High (Senior Tracker),Acknowledged by Base
2002-05-11,None,Amahoro,None,Clear View (Full Group),High (Senior Tracker),Acknowledged by Base
2002-05-20,None,Hirwa,None,Clear View (Full Group),High (Senior Tracker),Acknowledged by Base
2002-05-21,None,Amahoro,None,Clear View (Full Group),High (Senior Tracker),Acknowledged by Base
2002-05-22,None,Pablo Group,None,Clear View (Full Group),High (Senior Tracker),Acknowledged by Base
2002-05-24,CASE-2026-1096,Hirwa,Sustained nasal discharge,Partial View (Dense Vegetation),High (Senior Tracker),Sent
2002-05-25,None,Pablo Group,None,Clear View (Full Group),High (Senior Tracker),Acknowledged by Base
2002-05-26,None,Pablo Group,None,Partial View (Dense Vegetation),High (Senior Tracker),Acknowledged by Base
2002-05-26,CASE-2026-1097,Hirwa,Mild coughing,Partial View (Dense Vegetation),Medium,Seen
2002-05-27,None,Hirwa,None,Partial View (Dense Vegetation),High (Senior Tracker),Acknowledged by Base
2002-06-01,None,Amahoro,None,Clear View (Full Group),High (Senior Tracker),Acknowledged by Base
2002-06-01,None,Kwitonda,None,Partial View (Dense Vegetation),High (Senior Tracker),Acknowledged by Base
2002-06-02,None,Susa-A,None,Partial View (Dense Vegetation),High (Senior Tracker),Acknowledged by Base
2002-06-06,None,Susa-A,None,Clear View (Full Group),High (Senior Tracker),Acknowledged by Base
2002-06-08,None,Susa-A,None,Partial View (Dense Vegetation),High (Senior Tracker),Acknowledged by Base
2002-06-09,CASE-2026-1098,Kwitonda,Mild coughing,Partial View (Dense Vegetation),High (Senior Tracker),Seen
2002-06-10,None,Pablo Group,None,Partial View (Dense Vegetation),High (Senior Tracker),Acknowledged by Base
2002-06-10,CASE-2026-1099,Hirwa,Mild coughing,Partial View (Dense Vegetation),High (Senior Tracker),Sent
2002-06-12,None,Amahoro,None,Clear View (Full Group),High (Senior Tracker),Acknowledged by Base
2002-06-12,None,Hirwa,None,Partial View (Dense Vegetation),High (Senior Tracker),Acknowledged by Base
2002-06-14,None,Kwitonda,None,Partial View (Dense Vegetation),High (Senior Tracker),Acknowledged by Base
2002-06-15,None,Susa-A,None,Partial View (Dense Vegetation),High (Senior Tracker),Acknowledged by Base
2002-06-15,None,Pablo Group,None,Clear View (Full Group),High (Senior Tracker),Acknowledged by Base
2002-06-16,None,Kwitonda,None,Partial View (Dense Vegetation),High (Senior Tracker),Acknowledged by Base
2002-06-16,CASE-2026-1100,Hirwa,Sustained nasal discharge,Partial View (Dense Vegetation),Low (Poor Conditions),Acknowledged by Base
2002-06-18,None,Kwitonda,None,Partial View (Dense Vegetation),High (Senior Tracker),Acknowledged by Base
2002-06-19,CASE-2026-1101,Susa-A,Mild coughing,Clear View (Full Group),High (Senior Tracker),Sent
2002-06-19,None,Hirwa,None,Partial View (Dense Vegetation),High (Senior Tracker),Acknowledged by Base
2002-06-20,None,Kwitonda,None,Partial View (Dense Vegetation),High (Senior Tracker),Acknowledged by Base
2002-06-23,None,Amahoro,None,Clear View (Full Group),High (Senior Tracker),Acknowledged by Base
2002-06-24,None,Kwitonda,None,Partial View (Dense Vegetation),High (Senior Tracker),Acknowledged by Base
2002-06-24,None,Hirwa,None,Clear View (Full Group),High (Senior Tracker),Acknowledged by Base
2002-06-27,None,Susa-A,None,Clear View (Full Group),High (Senior Tracker),Acknowledged by Base
2002-06-28,None,Susa-A,None,Clear View (Full Group),High (Senior Tracker),Acknowledged by Base
2002-06-29,CASE-2026-1102,Hirwa,Sustained nasal discharge,Clear View (Full Group),High (Senior Tracker),Acknowledged by Base
2002-07-06,None,Susa-A,None,Partial View (Dense Vegetation),High (Senior Tracker),Acknowledged by Base
2002-07-10,None,Susa-A,None,Clear View (Full Group),High (Senior Tracker),Acknowledged by Base
2002-07-11,CASE-2026-1103,Susa-A,Sustained nasal discharge,Clear View (Full Group),Medium,Seen
2002-07-14,None,Hirwa,None,Clear View (Full Group),High (Senior Tracker),Acknowledged by Base
2002-07-17,None,Kwitonda,None,Clear View (Full Group),High (Senior Tracker),Acknowledged by Base
2002-07-17,None,Hirwa,None,Clear View (Full Group),High (Senior Tracker),Acknowledged by Base
2002-07-18,CASE-2026-1104,Pablo Group,Mild coughing,Partial View (Dense Vegetation),Medium,Acknowledged by Base
2002-07-19,CASE-2026-1105,Kwitonda,Mild coughing,Partial View (Dense Vegetation),High (Senior Tracker),Sent
2002-07-20,None,Susa-A,None,Partial View (Dense Vegetation),High (Senior Tracker),Acknowledged by Base
2002-07-21,None,Hirwa,None,Clear View (Full Group),High (Senior Tracker),Acknowledged by Base
2002-07-23,CASE-2026-1106,Pablo Group,Mild coughing,Obscured (Heavy Rain),Medium,Sent
2002-07-29,None,Susa-A,None,Partial View (Dense Vegetation),High (Senior Tracker),Acknowledged by Base
2002-07-30,None,Amahoro,None,Partial View (Dense Vegetation),High (Senior Tracker),Acknowledged by Base
2002-07-31,None,Kwitonda,None,Partial View (Dense Vegetation),High (Senior Tracker),Acknowledged by Base
2002-08-01,None,Susa-A,None,Partial View (Dense Vegetation),High (Senior Tracker),Acknowledged by Base
2002-08-01,None,Pablo Group,None,Partial View (Dense Vegetation),High (Senior Tracker),Acknowledged by Base
2002-08-04,None,Susa-A,None,Clear View (Full Group),High (Senior Tracker),Acknowledged by Base
2002-08-05,None,Kwitonda,None,Clear View (Full Group),High (Senior Tracker),Acknowledged by Base
2002-08-07,None,Pablo Group,None,Clear View (Full Group),High (Senior Tracker),Acknowledged by Base
2002-08-07,None,Amahoro,None,Clear View (Full Group),High (Senior Tracker),Acknowledged by Base
2002-08-08,None,Susa-A,None,Partial View (Dense Vegetation),High (Senior Tracker),Acknowledged by Base
2002-08-08,None,Hirwa,None,Clear View (Full Group),High (Senior Tracker),Acknowledged by Base
2002-08-09,None,Amahoro,None,Clear View (Full Group),High (Senior Tracker),Acknowledged by Base
2002-08-10,CASE-2026-1107,Kwitonda,Mild coughing,Partial View (Dense Vegetation),High (Senior Tracker),Seen
2002-08-10,None,Hirwa,None,Partial View (Dense Vegetation),High (Senior Tracker),Acknowledged by Base
2002-08-14,None,Kwitonda,None,Clear View (Full Group),High (Senior Tracker),Acknowledged by Base
2002-08-17,None,Amahoro,None,Clear View (Full Group),High (Senior Tracker),Acknowledged by Base
2002-08-18,CASE-2026-1108,Susa-A,"Heavy coughing, wheezing",Partial View (Dense Vegetation),Medium,Sent
2002-08-19,None,Pablo Group,None,Partial View (Dense Vegetation),High (Senior Tracker),Acknowledged by Base
2002-08-24,None,Amahoro,None,Clear View (Full Group),High (Senior Tracker),Acknowledged by Base
2002-08-24,None,Hirwa,None,Partial View (Dense Vegetation),High (Senior Tracker),Acknowledged by Base
2002-08-29,None,Amahoro,None,Clear View (Full Group),High (Senior Tracker),Acknowledged by Base
2002-08-30,None,Amahoro,None,Partial View (Dense Vegetation),High (Senior Tracker),Acknowledged by Base
2002-09-01,None,Pablo Group,None,Partial View (Dense Vegetation),High (Senior Tracker),Acknowledged by Base
2002-09-03,CASE-2026-1109,Kwitonda,Mild coughing,Partial View (Dense Vegetation),High (Senior Tracker),Sent
2002-09-04,CASE-2026-1110,Hirwa,Mild coughing,Clear View (Full Group),Medium,Seen
2002-09-07,None,Susa-A,None,Partial View (Dense Vegetation),High (Senior Tracker),Acknowledged by Base
2002-09-08,CASE-2026-1111,Kwitonda,Mild coughing,Partial View (Dense Vegetation),High (Senior Tracker),Sent
2002-09-09,None,Kwitonda,None,Clear View (Full Group),High (Senior Tracker),Acknowledged by Base
2002-09-09,None,Hirwa,None,Partial View (Dense Vegetation),High (Senior Tracker),Acknowledged by Base
2002-09-11,None,Susa-A,None,Partial View (Dense Vegetation),High (Senior Tracker),Acknowledged by Base
2002-09-15,None,Susa-A,None,Clear View (Full Group),High (Senior Tracker),Acknowledged by Base
2002-09-18,None,Pablo Group,None,Partial View (Dense Vegetation),High (Senior Tracker),Acknowledged by Base
2002-09-19,None,Susa-A,None,Clear View (Full Group),High (Senior Tracker),Acknowledged by Base
2002-09-19,None,Amahoro,None,Partial View (Dense Vegetation),High (Senior Tracker),Acknowledged by Base
2002-09-20,None,Hirwa,None,Clear View (Full Group),High (Senior Tracker),Acknowledged by Base
2002-09-21,None,Amahoro,None,Clear View (Full Group),High (Senior Tracker),Acknowledged by Base
2002-09-21,None,Kwitonda,None,Partial View (Dense Vegetation),High (Senior Tracker),Acknowledged by Base
2002-09-22,None,Susa-A,None,Clear View (Full Group),High (Senior Tracker),Acknowledged by Base
2002-09-22,None,Hirwa,None,Clear View (Full Group),High (Senior Tracker),Acknowledged by Base
2002-09-23,None,Susa-A,None,Clear View (Full Group),High (Senior Tracker),Acknowledged by Base
2002-09-29,None,Susa-A,None,Partial View (Dense Vegetation),High (Senior Tracker),Acknowledged by Base
2002-10-01,None,Susa-A,None,Partial View (Dense Vegetation),High (Senior Tracker),Acknowledged by Base
2002-10-07,None,Pablo Group,None,Clear View (Full Group),High (Senior Tracker),Acknowledged by Base
2002-10-09,None,Amahoro,None,Partial View (Dense Vegetation),High (Senior Tracker),Acknowledged by Base
2002-10-10,None,Susa-A,None,Clear View (Full Group),High (Senior Tracker),Acknowledged by Base
2002-10-10,None,Kwitonda,None,Clear View (Full Group),High (Senior Tracker),Acknowledged by Base
2002-10-11,None,Pablo Group,None,Partial View (Dense Vegetation),High (Senior Tracker),Acknowledged by Base
2002-10-12,None,Susa-A,None,Partial View (Dense Vegetation),High (Senior Tracker),Acknowledged by Base
2002-10-12,None,Hirwa,None,Clear View (Full Group),High (Senior Tracker),Acknowledged by Base
2002-10-13,None,Pablo Group,None,Partial View (Dense Vegetation),High (Senior Tracker),Acknowledged by Base
2002-10-13,None,Hirwa,None,Partial View (Dense Vegetation),High (Senior Tracker),Acknowledged by Base
2002-10-14,None,Amahoro,None,Partial View (Dense Vegetation),High (Senior Tracker),Acknowledged by Base
2002-10-17,CASE-2026-1112,Pablo Group,Mild coughing,Partial View (Dense Vegetation),Medium,Acknowledged by Base
2002-10-17,None,Hirwa,None,Partial View (Dense Vegetation),High (Senior Tracker),Acknowledged by Base
2002-10-19,None,Amahoro,None,Clear View (Full Group),High (Senior Tracker),Acknowledged by Base
2002-10-21,None,Kwitonda,None,Clear View (Full Group),High (Senior Tracker),Acknowledged by Base
2002-10-22,None,Susa-A,None,Partial View (Dense Vegetation),High (Senior Tracker),Acknowledged by Base
2002-10-26,None,Pablo Group,None,Partial View (Dense Vegetation),High (Senior Tracker),Acknowledged by Base
2002-10-26,None,Kwitonda,None,Partial View (Dense Vegetation),High (Senior Tracker),Acknowledged by Base
2002-10-29,None,Kwitonda,None,Partial View (Dense Vegetation),High (Senior Tracker),Acknowledged by Base
2002-10-30,None,Pablo Group,None,Partial View (Dense Vegetation),High (Senior Tracker),Acknowledged by Base
2002-11-02,None,Pablo Group,None,Partial View (Dense Vegetation),High (Senior Tracker),Acknowledged by Base
2002-11-02,None,Hirwa,None,Clear View (Full Group),High (Senior Tracker),Acknowledged by Base
2002-11-04,None,Susa-A,None,Partial View (Dense Vegetation),High (Senior Tracker),Acknowledged by Base
2002-11-04,None,Pablo Group,None,Partial View (Dense Vegetation),High (Senior Tracker),Acknowledged by Base
2002-11-04,CASE-2026-1113,Amahoro,Mild coughing,Clear View (Full Group),Low (Poor Conditions),Sent
2002-11-05,None,Amahoro,None,Clear View (Full Group),High (Senior Tracker),Acknowledged by Base
2002-11-06,None,Hirwa,None,Partial View (Dense Vegetation),High (Senior Tracker),Acknowledged by Base
2002-11-08,None,Kwitonda,None,Clear View (Full Group),High (Senior Tracker),Acknowledged by Base
2002-11-09,None,Susa-A,None,Partial View (Dense Vegetation),High (Senior Tracker),Acknowledged by Base
2002-11-12,None,Susa-A,None,Partial View (Dense Vegetation),High (Senior Tracker),Acknowledged by Base
2002-11-12,None,Kwitonda,None,Clear View (Full Group),High (Senior Tracker),Acknowledged by Base
2002-11-12,CASE-2026-1114,Hirwa,Mild coughing,Clear View (Full Group),High (Senior Tracker),Seen
2002-11-15,None,Hirwa,None,Clear View (Full Group),High (Senior Tracker),Acknowledged by Base
2002-11-16,None,Susa-A,None,Clear View (Full Group),High (Senior Tracker),Acknowledged by Base
2002-11-17,CASE-2026-1115,Susa-A,Sustained nasal discharge,Partial View (Dense Vegetation),High (Senior Tracker),Sent
2002-11-21,CASE-2026-1116,Kwitonda,Sustained nasal discharge,Obscured (Heavy Rain),High (Senior Tracker),Seen
2002-11-23,None,Pablo Group,None,Clear View (Full Group),High (Senior Tracker),Acknowledged by Base
2002-11-23,None,Hirwa,None,Partial View (Dense Vegetation),High (Senior Tracker),Acknowledged by Base
2002-11-25,None,Susa-A,None,Partial View (Dense Vegetation),High (Senior Tracker),Acknowledged by Base
2002-11-25,None,Kwitonda,None,Clear View (Full Group),High (Senior Tracker),Acknowledged by Base
2002-11-29,CASE-2026-1117,Pablo Group,Mild coughing,Clear View (Full Group),High (Senior Tracker),Seen
2002-11-29,None,Kwitonda,None,Clear View (Full Group),High (Senior Tracker),Acknowledged by Base
2002-11-29,None,Hirwa,None,Partial View (Dense Vegetation),High (Senior Tracker),Acknowledged by Base
2002-11-30,None,Pablo Group,None,Partial View (Dense Vegetation),High (Senior Tracker),Acknowledged by Base
2002-12-01,CASE-2026-1118,Susa-A,Sustained nasal discharge,Clear View (Full Group),High (Senior Tracker),Acknowledged by Base
2002-12-05,None,Susa-A,None,Partial View (Dense Vegetation),High (Senior Tracker),Acknowledged by Base
2002-12-05,None,Hirwa,None,Partial View (Dense Vegetation),High (Senior Tracker),Acknowledged by Base
2002-12-06,CASE-2026-1119,Pablo Group,Lethargy,Clear View (Full Group),Low (Poor Conditions),Seen
2002-12-08,None,Hirwa,None,Clear View (Full Group),High (Senior Tracker),Acknowledged by Base
2002-12-09,None,Hirwa,None,Clear View (Full Group),High (Senior Tracker),Acknowledged by Base
2002-12-13,CASE-2026-1120,Susa-A,Mild coughing,Partial View (Dense Vegetation),Low (Poor Conditions),Seen
2002-12-13,CASE-2026-1121,Amahoro,Mild coughing,Partial View (Dense Vegetation),Low (Poor Conditions),Seen
2002-12-16,CASE-2026-1122,Susa-A,Mild coughing,Partial View (Dense Vegetation),Medium,Seen
2002-12-17,None,Susa-A,None,Clear View (Full Group),High (Senior Tracker),Acknowledged by Base
2002-12-17,None,Hirwa,None,Clear View (Full Group),High (Senior Tracker),Acknowledged by Base
2002-12-18,None,Susa-A,None,Clear View (Full Group),High (Senior Tracker),Acknowledged by Base
2002-12-19,CASE-2026-1123,Amahoro,Mild coughing,Clear View (Full Group),Medium,Sent
2002-12-20,None,Pablo Group,None,Partial View (Dense Vegetation),High (Senior Tracker),Acknowledged by Base
2002-12-21,None,Susa-A,None,Clear View (Full Group),High (Senior Tracker),Acknowledged by Base
2002-12-24,None,Amahoro,None,Partial View (Dense Vegetation),High (Senior Tracker),Acknowledged by Base
2002-12-28,None,Pablo Group,None,Partial View (Dense Vegetation),High (Senior Tracker),Acknowledged by Base
2003-01-01,None,Amahoro,None,Clear View (Full Group),High (Senior Tracker),Acknowledged by Base
2003-01-01,None,Kwitonda,None,Partial View (Dense Vegetation),High (Senior Tracker),Acknowledged by Base
2003-01-05,None,Pablo Group,None,Clear View (Full Group),High (Senior Tracker),Acknowledged by Base
2003-01-06,None,Kwitonda,None,Partial View (Dense Vegetation),High (Senior Tracker),Acknowledged by Base
2003-01-07,None,Susa-A,None,Partial View (Dense Vegetation),High (Senior Tracker),Acknowledged by Base
2003-01-09,None,Kwitonda,None,Clear View (Full Group),High (Senior Tracker),Acknowledged by Base
2003-01-11,None,Pablo Group,None,Partial View (Dense Vegetation),High (Senior Tracker),Acknowledged by Base
2003-01-11,None,Kwitonda,None,Clear View (Full Group),High (Senior Tracker),Acknowledged by Base
2003-01-12,None,Kwitonda,None,Partial View (Dense Vegetation),High (Senior Tracker),Acknowledged by Base
2003-01-13,None,Pablo Group,None,Clear View (Full Group),High (Senior Tracker),Acknowledged by Base
2003-01-14,None,Susa-A,None,Clear View (Full Group),High (Senior Tracker),Acknowledged by Base
2003-01-14,None,Amahoro,None,Partial View (Dense Vegetation),High (Senior Tracker),Acknowledged by Base
2003-01-15,None,Pablo Group,None,Clear View (Full Group),High (Senior Tracker),Acknowledged by Base
2003-01-16,None,Susa-A,None,Partial View (Dense Vegetation),High (Senior Tracker),Acknowledged by Base
2003-01-16,None,Kwitonda,None,Partial View (Dense Vegetation),High (Senior Tracker),Acknowledged by Base
2003-01-19,CASE-2026-1124,Susa-A,Mild coughing,Clear View (Full Group),High (Senior Tracker),Acknowledged by Base
2003-01-20,None,Susa-A,None,Clear View (Full Group),High (Senior Tracker),Acknowledged by Base
2003-01-20,None,Kwitonda,None,Clear View (Full Group),High (Senior Tracker),Acknowledged by Base
2003-01-21,None,Pablo Group,None,Clear View (Full Group),High (Senior Tracker),Acknowledged by Base
2003-01-23,CASE-2026-1125,Susa-A,"Heavy coughing, wheezing",Clear View (Full Group),High (Senior Tracker),Sent
2003-01-25,None,Amahoro,None,Partial View (Dense Vegetation),High (Senior Tracker),Acknowledged by Base
2003-01-27,None,Pablo Group,None,Clear View (Full Group),High (Senior Tracker),Acknowledged by Base
2003-01-28,None,Susa-A,None,Partial View (Dense Vegetation),High (Senior Tracker),Acknowledged by Base
2003-01-29,None,Amahoro,None,Partial View (Dense Vegetation),High (Senior Tracker),Acknowledged by Base
2003-01-30,None,Kwitonda,None,Clear View (Full Group),High (Senior Tracker),Acknowledged by Base
2003-01-31,CASE-2026-1126,Kwitonda,Sustained nasal discharge,Clear View (Full Group),High (Senior Tracker),Acknowledged by Base
2003-02-01,None,Susa-A,None,Partial View (Dense Vegetation),High (Senior Tracker),Acknowledged by Base
2003-02-07,None,Susa-A,None,Partial View (Dense Vegetation),High (Senior Tracker),Acknowledged by Base
2003-02-08,None,Hirwa,None,Partial View (Dense Vegetation),High (Senior Tracker),Acknowledged by Base
2003-02-09,None,Amahoro,None,Partial View (Dense Vegetation),High (Senior Tracker),Acknowledged by Base
2003-02-09,None,Hirwa,None,Partial View (Dense Vegetation),High (Senior Tracker),Acknowledged by Base
2003-02-10,CASE-2026-1127,Kwitonda,Mild coughing,Partial View (Dense Vegetation),Low (Poor Conditions),Seen
2003-02-11,CASE-2026-1128,Susa-A,Lethargy,Clear View (Full Group),Low (Poor Conditions),Acknowledged by Base
2003-02-13,None,Hirwa,None,Clear View (Full Group),High (Senior Tracker),Acknowledged by Base
2003-02-15,None,Kwitonda,None,Partial View (Dense Vegetation),High (Senior Tracker),Acknowledged by Base
2003-02-17,CASE-2026-1129,Susa-A,Sustained nasal discharge,Clear View (Full Group),High (Senior Tracker),Sent
2003-02-18,None,Kwitonda,None,Partial View (Dense Vegetation),High (Senior Tracker),Acknowledged by Base
2003-02-19,None,Amahoro,None,Clear View (Full Group),High (Senior Tracker),Acknowledged by Base
2003-02-22,None,Pablo Group,None,Partial View (Dense Vegetation),High (Senior Tracker),Acknowledged by Base
2003-02-27,CASE-2026-1130,Amahoro,Mild coughing,Clear View (Full Group),High (Senior Tracker),Sent
2003-02-27,None,Kwitonda,None,Partial View (Dense Vegetation),High (Senior Tracker),Acknowledged by Base
2003-03-01,None,Pablo Group,None,Clear View (Full Group),High (Senior Tracker),Acknowledged by Base
2003-03-02,None,Hirwa,None,Clear View (Full Group),High (Senior Tracker),Acknowledged by Base
2003-03-04,CASE-2026-1131,Susa-A,Sustained nasal discharge,Partial View (Dense Vegetation),High (Senior Tracker),Sent
2003-03-06,None,Amahoro,None,Clear View (Full Group),High (Senior Tracker),Acknowledged by Base
2003-03-06,None,Kwitonda,None,Clear View (Full Group),High (Senior Tracker),Acknowledged by Base
2003-03-08,None,Pablo Group,None,Partial View (Dense Vegetation),High (Senior Tracker),Acknowledged by Base
2003-03-08,None,Amahoro,None,Partial View (Dense Vegetation),High (Senior Tracker),Acknowledged by Base
2003-03-10,None,Kwitonda,None,Clear View (Full Group),High (Senior Tracker),Acknowledged by Base
2003-03-12,CASE-2026-1132,Hirwa,Lethargy,Obscured (Heavy Rain),Low (Poor Conditions),Seen
2003-03-13,CASE-2026-1133,Amahoro,"Heavy coughing, wheezing",Partial View (Dense Vegetation),Low (Poor Conditions),Seen
2003-03-13,CASE-2026-1134,Kwitonda,Sustained nasal discharge,Clear View (Full Group),High (Senior Tracker),Sent
2003-03-15,None,Hirwa,None,Clear View (Full Group),High (Senior Tracker),Acknowledged by Base
2003-03-19,CASE-2026-1135,Susa-A,Sustained nasal discharge,Clear View (Full Group),High (Senior Tracker),Seen
2003-03-21,None,Pablo Group,None,Clear View (Full Group),High (Senior Tracker),Acknowledged by Base
2003-03-22,None,Pablo Group,None,Partial View (Dense Vegetation),High (Senior Tracker),Acknowledged by Base
2003-03-25,CASE-2026-1136,Pablo Group,Sustained nasal discharge,Obscured (Heavy Rain),Medium,Seen
2003-03-26,None,Susa-A,None,Partial View (Dense Vegetation),High (Senior Tracker),Acknowledged by Base
2003-03-28,None,Pablo Group,None,Partial View (Dense Vegetation),High (Senior Tracker),Acknowledged by Base
2003-03-28,CASE-2026-1137,Kwitonda,Mild coughing,Clear View (Full Group),Medium,Seen
2003-03-29,None,Amahoro,None,Partial View (Dense Vegetation),High (Senior Tracker),Acknowledged by Base
2003-03-30,None,Hirwa,None,Partial View (Dense Vegetation),High (Senior Tracker),Acknowledged by Base
2003-04-01,CASE-2026-1138,Amahoro,Sustained nasal discharge,Clear View (Full Group),High (Senior Tracker),Sent
2003-04-03,CASE-2026-1139,Kwitonda,Sustained nasal discharge,Partial View (Dense Vegetation),Medium,Sent
2003-04-06,None,Susa-A,None,Clear View (Full Group),High (Senior Tracker),Acknowledged by Base
2003-04-06,None,Pablo Group,None,Clear View (Full Group),High (Senior Tracker),Acknowledged by Base
2003-04-07,None,Hirwa,None,Partial View (Dense Vegetation),High (Senior Tracker),Acknowledged by Base
2003-04-10,None,Hirwa,None,Partial View (Dense Vegetation),High (Senior Tracker),Acknowledged by Base
2003-04-11,None,Amahoro,None,Partial View (Dense Vegetation),High (Senior Tracker),Acknowledged by Base
2003-04-12,None,Hirwa,None,Clear View (Full Group),High (Senior Tracker),Acknowledged by Base
2003-04-13,None,Hirwa,None,Partial View (Dense Vegetation),High (Senior Tracker),Acknowledged by Base
2003-04-18,None,Hirwa,None,Partial View (Dense Vegetation),High (Senior Tracker),Acknowledged by Base
2003-04-19,None,Kwitonda,None,Clear View (Full Group),High (Senior Tracker),Acknowledged by Base
2003-04-19,None,Hirwa,None,Partial View (Dense Vegetation),High (Senior Tracker),Acknowledged by Base
2003-04-20,None,Susa-A,None,Partial View (Dense Vegetation),High (Senior Tracker),Acknowledged by Base
2003-04-20,None,Pablo Group,None,Clear View (Full Group),High (Senior Tracker),Acknowledged by Base
2003-04-22,None,Amahoro,None,Partial View (Dense Vegetation),High (Senior Tracker),Acknowledged by Base
2003-04-22,None,Kwitonda,None,Clear View (Full Group),High (Senior Tracker),Acknowledged by Base
2003-04-23,None,Susa-A,None,Clear View (Full Group),High (Senior Tracker),Acknowledged by Base
2003-04-26,CASE-2026-1140,Susa-A,Mild coughing,Clear View (Full Group),Medium,Sent
2003-04-28,None,Hirwa,None,Partial View (Dense Vegetation),High (Senior Tracker),Acknowledged by Base
2003-05-04,None,Amahoro,None,Clear View (Full Group),High (Senior Tracker),Acknowledged by Base
2003-05-04,None,Kwitonda,None,Partial View (Dense Vegetation),High (Senior Tracker),Acknowledged by Base
2003-05-06,None,Pablo Group,None,Clear View (Full Group),High (Senior Tracker),Acknowledged by Base
2003-05-07,CASE-2026-1141,Pablo Group,Lethargy,Clear View (Full Group),High (Senior Tracker),Acknowledged by Base
2003-05-10,None,Kwitonda,None,Partial View (Dense Vegetation),High (Senior Tracker),Acknowledged by Base
2003-05-13,None,Susa-A,None,Clear View (Full Group),High (Senior Tracker),Acknowledged by Base
2003-05-13,None,Pablo Group,None,Clear View (Full Group),High (Senior Tracker),Acknowledged by Base
2003-05-15,None,Pablo Group,None,Clear View (Full Group),High (Senior Tracker),Acknowledged by Base
2003-05-15,None,Amahoro,None,Clear View (Full Group),High (Senior Tracker),Acknowledged by Base
2003-05-18,None,Susa-A,None,Clear View (Full Group),High (Senior Tracker),Acknowledged by Base
2003-05-19,CASE-2026-1142,Pablo Group,Mild coughing,Clear View (Full Group),High (Senior Tracker),Acknowledged by Base
2003-05-23,None,Susa-A,None,Clear View (Full Group),High (Senior Tracker),Acknowledged by Base
2003-05-24,None,Hirwa,None,Clear View (Full Group),High (Senior Tracker),Acknowledged by Base
2003-05-27,CASE-2026-1143,Susa-A,Lethargy,Obscured (Heavy Rain),High (Senior Tracker),Seen
2003-05-27,None,Pablo Group,None,Partial View (Dense Vegetation),High (Senior Tracker),Acknowledged by Base
2003-05-29,None,Pablo Group,None,Clear View (Full Group),High (Senior Tracker),Acknowledged by Base
2003-05-29,None,Kwitonda,None,Partial View (Dense Vegetation),High (Senior Tracker),Acknowledged by Base
2003-05-31,None,Pablo Group,None,Partial View (Dense Vegetation),High (Senior Tracker),Acknowledged by Base
2003-06-02,None,Hirwa,None,Partial View (Dense Vegetation),High (Senior Tracker),Acknowledged by Base
2003-06-04,None,Pablo Group,None,Partial View (Dense Vegetation),High (Senior Tracker),Acknowledged by Base
2003-06-04,CASE-2026-1144,Hirwa,Sustained nasal discharge,Partial View (Dense Vegetation),Low (Poor Conditions),Seen
2003-06-05,None,Amahoro,None,Clear View (Full Group),High (Senior Tracker),Acknowledged by Base
2003-06-05,None,Hirwa,None,Partial View (Dense Vegetation),High (Senior Tracker),Acknowledged by Base
2003-06-06,CASE-2026-1145,Hirwa,Mild coughing,Clear View (Full Group),Medium,Seen
2003-06-07,None,Amahoro,None,Partial View (Dense Vegetation),High (Senior Tracker),Acknowledged by Base
2003-06-08,None,Pablo Group,None,Partial View (Dense Vegetation),High (Senior Tracker),Acknowledged by Base
2003-06-09,None,Kwitonda,None,Partial View (Dense Vegetation),High (Senior Tracker),Acknowledged by Base
2003-06-12,None,Kwitonda,None,Clear View (Full Group),High (Senior Tracker),Acknowledged by Base
2003-06-13,None,Pablo Group,None,Partial View (Dense Vegetation),High (Senior Tracker),Acknowledged by Base
2003-06-18,None,Susa-A,None,Clear View (Full Group),High (Senior Tracker),Acknowledged by Base
2003-06-19,None,Pablo Group,None,Clear View (Full Group),High (Senior Tracker),Acknowledged by Base
2003-06-20,CASE-2026-1146,Kwitonda,Sustained nasal discharge,Partial View (Dense Vegetation),Medium,Seen
2003-06-20,CASE-2026-1147,Hirwa,Sustained nasal discharge,Partial View (Dense Vegetation),Medium,Acknowledged by Base
2003-06-27,None,Kwitonda,None,Partial View (Dense Vegetation),High (Senior Tracker),Acknowledged by Base
2003-06-28,None,Hirwa,None,Partial View (Dense Vegetation),High (Senior Tracker),Acknowledged by Base
2003-06-29,None,Pablo Group,None,Partial View (Dense Vegetation),High (Senior Tracker),Acknowledged by Base
2003-06-30,None,Kwitonda,None,Clear View (Full Group),High (Senior Tracker),Acknowledged by Base
2003-07-05,None,Susa-A,None,Partial View (Dense Vegetation),High (Senior Tracker),Acknowledged by Base
2003-07-07,None,Pablo Group,None,Clear View (Full Group),High (Senior Tracker),Acknowledged by Base
2003-07-08,None,Amahoro,None,Clear View (Full Group),High (Senior Tracker),Acknowledged by Base
2003-07-10,None,Susa-A,None,Clear View (Full Group),High (Senior Tracker),Acknowledged by Base
2003-07-15,None,Kwitonda,None,Partial View (Dense Vegetation),High (Senior Tracker),Acknowledged by Base
2003-07-18,None,Susa-A,None,Clear View (Full Group),High (Senior Tracker),Acknowledged by Base
2003-07-19,None,Susa-A,None,Partial View (Dense Vegetation),High (Senior Tracker),Acknowledged by Base
2003-07-19,None,Hirwa,None,Clear View (Full Group),High (Senior Tracker),Acknowledged by Base
2003-07-20,None,Amahoro,None,Clear View (Full Group),High (Senior Tracker),Acknowledged by Base
2003-07-27,None,Susa-A,None,Partial View (Dense Vegetation),High (Senior Tracker),Acknowledged by Base
2003-07-28,None,Pablo Group,None,Clear View (Full Group),High (Senior Tracker),Acknowledged by Base
2003-07-28,CASE-2026-1148,Kwitonda,Mild coughing,Clear View (Full Group),Low (Poor Conditions),Seen
2003-07-28,None,Hirwa,None,Partial View (Dense Vegetation),High (Senior Tracker),Acknowledged by Base
2003-08-01,CASE-2026-1149,Amahoro,Mild coughing,Partial View (Dense Vegetation),High (Senior Tracker),Sent
2003-08-02,None,Susa-A,None,Partial View (Dense Vegetation),High (Senior Tracker),Acknowledged by Base
2003-08-03,None,Hirwa,None,Clear View (Full Group),High (Senior Tracker),Acknowledged by Base
2003-08-06,None,Amahoro,None,Clear View (Full Group),High (Senior Tracker),Acknowledged by Base
2003-08-07,None,Amahoro,None,Clear View (Full Group),High (Senior Tracker),Acknowledged by Base
2003-08-08,None,Pablo Group,None,Clear View (Full Group),High (Senior Tracker),Acknowledged by Base
2003-08-09,None,Amahoro,None,Partial View (Dense Vegetation),High (Senior Tracker),Acknowledged by Base
2003-08-13,None,Pablo Group,None,Clear View (Full Group),High (Senior Tracker),Acknowledged by Base
2003-08-16,None,Susa-A,None,Partial View (Dense Vegetation),High (Senior Tracker),Acknowledged by Base
2003-08-16,None,Hirwa,None,Partial View (Dense Vegetation),High (Senior Tracker),Acknowledged by Base
2003-08-17,None,Amahoro,None,Clear View (Full Group),High (Senior Tracker),Acknowledged by Base
2003-08-18,None,Pablo Group,None,Clear View (Full Group),High (Senior Tracker),Acknowledged by Base
2003-08-19,None,Amahoro,None,Partial View (Dense Vegetation),High (Senior Tracker),Acknowledged by Base
2003-08-20,None,Amahoro,None,Clear View (Full Group),High (Senior Tracker),Acknowledged by Base
2003-08-20,None,Hirwa,None,Clear View (Full Group),High (Senior Tracker),Acknowledged by Base
2003-08-22,CASE-2026-1150,Susa-A,"Heavy coughing, wheezing",Clear View (Full Group),Low (Poor Conditions),Acknowledged by Base
2003-08-23,None,Hirwa,None,Clear View (Full Group),High (Senior Tracker),Acknowledged by Base
2003-08-24,None,Pablo Group,None,Partial View (Dense Vegetation),High (Senior Tracker),Acknowledged by Base
2003-08-27,None,Pablo Group,None,Clear View (Full Group),High (Senior Tracker),Acknowledged by Base
2003-08-28,None,Kwitonda,None,Clear View (Full Group),High (Senior Tracker),Acknowledged by Base
2003-08-30,CASE-2026-1151,Amahoro,Mild coughing,Partial View (Dense Vegetation),High (Senior Tracker),Acknowledged by Base
2003-08-31,None,Pablo Group,None,Clear View (Full Group),High (Senior Tracker),Acknowledged by Base
2003-09-03,CASE-2026-1152,Kwitonda,Mild coughing,Clear View (Full Group),Medium,Seen
2003-09-04,CASE-2026-1153,Pablo Group,Mild coughing,Clear View (Full Group),Medium,Acknowledged by Base
2003-09-04,None,Kwitonda,None,Clear View (Full Group),High (Senior Tracker),Acknowledged by Base
2003-09-05,None,Susa-A,None,Clear View (Full Group),High (Senior Tracker),Acknowledged by Base
2003-09-06,None,Hirwa,None,Clear View (Full Group),High (Senior Tracker),Acknowledged by Base
2003-09-07,None,Pablo Group,None,Clear View (Full Group),High (Senior Tracker),Acknowledged by Base
2003-09-12,None,Pablo Group,None,Partial View (Dense Vegetation),High (Senior Tracker),Acknowledged by Base
2003-09-13,None,Kwitonda,None,Clear View (Full Group),High (Senior Tracker),Acknowledged by Base
2003-09-14,None,Kwitonda,None,Partial View (Dense Vegetation),High (Senior Tracker),Acknowledged by Base
2003-09-16,None,Pablo Group,None,Clear View (Full Group),High (Senior Tracker),Acknowledged by Base
2003-09-16,None,Kwitonda,None,Clear View (Full Group),High (Senior Tracker),Acknowledged by Base
2003-09-16,None,Hirwa,None,Partial View (Dense Vegetation),High (Senior Tracker),Acknowledged by Base
2003-09-17,None,Amahoro,None,Clear View (Full Group),High (Senior Tracker),Acknowledged by Base
2003-09-17,None,Kwitonda,None,Partial View (Dense Vegetation),High (Senior Tracker),Acknowledged by Base
2003-09-18,None,Hirwa,None,Partial View (Dense Vegetation),High (Senior Tracker),Acknowledged by Base
2003-09-19,None,Susa-A,None,Partial View (Dense Vegetation),High (Senior Tracker),Acknowledged by Base
2003-09-21,None,Susa-A,None,Partial View (Dense Vegetation),High (Senior Tracker),Acknowledged by Base
2003-09-22,None,Kwitonda,None,Clear View (Full Group),High (Senior Tracker),Acknowledged by Base
2003-09-23,None,Susa-A,None,Clear View (Full Group),High (Senior Tracker),Acknowledged by Base
2003-09-25,None,Susa-A,None,Clear View (Full Group),High (Senior Tracker),Acknowledged by Base
2003-09-26,CASE-2026-1154,Amahoro,Sustained nasal discharge,Clear View (Full Group),High (Senior Tracker),Acknowledged by Base
2003-09-28,None,Pablo Group,None,Partial View (Dense Vegetation),High (Senior Tracker),Acknowledged by Base
2003-09-29,None,Susa-A,None,Clear View (Full Group),High (Senior Tracker),Acknowledged by Base
2003-09-29,None,Pablo Group,None,Clear View (Full Group),High (Senior Tracker),Acknowledged by Base
2003-09-29,None,Hirwa,None,Clear View (Full Group),High (Senior Tracker),Acknowledged by Base
2003-09-30,None,Susa-A,None,Clear View (Full Group),High (Senior Tracker),Acknowledged by Base
2003-10-02,None,Hirwa,None,Clear View (Full Group),High (Senior Tracker),Acknowledged by Base
2003-10-03,None,Kwitonda,None,Partial View (Dense Vegetation),High (Senior Tracker),Acknowledged by Base
2003-10-04,None,Amahoro,None,Partial View (Dense Vegetation),High (Senior Tracker),Acknowledged by Base
2003-10-04,None,Kwitonda,None,Clear View (Full Group),High (Senior Tracker),Acknowledged by Base
2003-10-05,None,Kwitonda,None,Clear View (Full Group),High (Senior Tracker),Acknowledged by Base
2003-10-06,None,Amahoro,None,Clear View (Full Group),High (Senior Tracker),Acknowledged by Base
2003-10-06,None,Kwitonda,None,Partial View (Dense Vegetation),High (Senior Tracker),Acknowledged by Base
2003-10-07,None,Amahoro,None,Partial View (Dense Vegetation),High (Senior Tracker),Acknowledged by Base
2003-10-12,None,Susa-A,None,Clear View (Full Group),High (Senior Tracker),Acknowledged by Base
2003-10-14,None,Kwitonda,None,Partial View (Dense Vegetation),High (Senior Tracker),Acknowledged by Base
2003-10-16,None,Pablo Group,None,Clear View (Full Group),High (Senior Tracker),Acknowledged by Base
2003-10-17,None,Susa-A,None,Clear View (Full Group),High (Senior Tracker),Acknowledged by Base
2003-10-23,None,Amahoro,None,Partial View (Dense Vegetation),High (Senior Tracker),Acknowledged by Base
2003-11-01,None,Susa-A,None,Clear View (Full Group),High (Senior Tracker),Acknowledged by Base
2003-11-02,CASE-2026-1155,Kwitonda,Mild coughing,Obscured (Heavy Rain),Low (Poor Conditions),Sent
2003-11-05,None,Kwitonda,None,Clear View (Full Group),High (Senior Tracker),Acknowledged by Base
2003-11-06,CASE-2026-1156,Amahoro,Sustained nasal discharge,Clear View (Full Group),High (Senior Tracker),Acknowledged by Base
2003-11-11,None,Hirwa,None,Clear View (Full Group),High (Senior Tracker),Acknowledged by Base
2003-11-12,CASE-2026-1157,Susa-A,Sustained nasal discharge,Partial View (Dense Vegetation),High (Senior Tracker),Acknowledged by Base
2003-11-12,None,Kwitonda,None,Clear View (Full Group),High (Senior Tracker),Acknowledged by Base
2003-11-13,None,Susa-A,None,Partial View (Dense Vegetation),High (Senior Tracker),Acknowledged by Base
2003-11-13,None,Pablo Group,None,Partial View (Dense Vegetation),High (Senior Tracker),Acknowledged by Base
2003-11-13,None,Hirwa,None,Partial View (Dense Vegetation),High (Senior Tracker),Acknowledged by Base
2003-11-14,None,Kwitonda,None,Partial View (Dense Vegetation),High (Senior Tracker),Acknowledged by Base
2003-11-16,None,Pablo Group,None,Partial View (Dense Vegetation),High (Senior Tracker),Acknowledged by Base
2003-11-17,None,Susa-A,None,Partial View (Dense Vegetation),High (Senior Tracker),Acknowledged by Base
2003-11-18,None,Kwitonda,None,Partial View (Dense Vegetation),High (Senior Tracker),Acknowledged by Base
2003-11-23,None,Pablo Group,None,Partial View (Dense Vegetation),High (Senior Tracker),Acknowledged by Base
2003-11-24,None,Hirwa,None,Partial View (Dense Vegetation),High (Senior Tracker),Acknowledged by Base
2003-11-25,None,Kwitonda,None,Partial View (Dense Vegetation),High (Senior Tracker),Acknowledged by Base
2003-11-27,None,Susa-A,None,Clear View (Full Group),High (Senior Tracker),Acknowledged by Base
2003-11-27,None,Amahoro,None,Clear View (Full Group),High (Senior Tracker),Acknowledged by Base
2003-11-27,CASE-2026-1158,Kwitonda,Mild coughing,Partial View (Dense Vegetation),High (Senior Tracker),Seen
2003-11-28,None,Pablo Group,None,Partial View (Dense Vegetation),High (Senior Tracker),Acknowledged by Base
2003-11-29,CASE-2026-1159,Susa-A,Mild coughing,Clear View (Full Group),Medium,Seen
2003-11-29,None,Hirwa,None,Partial View (Dense Vegetation),High (Senior Tracker),Acknowledged by Base
2003-11-30,None,Pablo Group,None,Partial View (Dense Vegetation),High (Senior Tracker),Acknowledged by Base
2003-12-03,None,Kwitonda,None,Clear View (Full Group),High (Senior Tracker),Acknowledged by Base
2003-12-03,None,Hirwa,None,Partial View (Dense Vegetation),High (Senior Tracker),Acknowledged by Base
2003-12-06,None,Hirwa,None,Partial View (Dense Vegetation),High (Senior Tracker),Acknowledged by Base
2003-12-09,None,Susa-A,None,Partial View (Dense Vegetation),High (Senior Tracker),Acknowledged by Base
2003-12-12,None,Amahoro,None,Partial View (Dense Vegetation),High (Senior Tracker),Acknowledged by Base
2003-12-13,None,Pablo Group,None,Clear View (Full Group),High (Senior Tracker),Acknowledged by Base
2003-12-15,None,Susa-A,None,Partial View (Dense Vegetation),High (Senior Tracker),Acknowledged by Base
2003-12-16,CASE-2026-1160,Pablo Group,"Heavy coughing, wheezing",Partial View (Dense Vegetation),High (Senior Tracker),Sent
2003-12-18,None,Kwitonda,None,Clear View (Full Group),High (Senior Tracker),Acknowledged by Base
2003-12-18,None,Hirwa,None,Partial View (Dense Vegetation),High (Senior Tracker),Acknowledged by Base
2003-12-24,None,Amahoro,None,Partial View (Dense Vegetation),High (Senior Tracker),Acknowledged by Base
2003-12-24,None,Hirwa,None,Clear View (Full Group),High (Senior Tracker),Acknowledged by Base
2003-12-25,None,Amahoro,None,Partial View (Dense Vegetation),High (Senior Tracker),Acknowledged by Base
2003-12-25,None,Kwitonda,None,Partial View (Dense Vegetation),High (Senior Tracker),Acknowledged by Base
2003-12-25,None,Hirwa,None,Partial View (Dense Vegetation),High (Senior Tracker),Acknowledged by Base
2003-12-26,CASE-2026-1161,Susa-A,Sustained nasal discharge,Obscured (Heavy Rain),High (Senior Tracker),Seen
2003-12-26,CASE-2026-1162,Amahoro,Mild coughing,Partial View (Dense Vegetation),Low (Poor Conditions),Seen
2003-12-27,CASE-2026-1163,Kwitonda,Lethargy,Partial View (Dense Vegetation),High (Senior Tracker),Acknowledged by Base
2004-01-01,None,Amahoro,None,Partial View (Dense Vegetation),High (Senior Tracker),Acknowledged by Base
2004-01-02,None,Amahoro,None,Partial View (Dense Vegetation),High (Senior Tracker),Acknowledged by Base
2004-01-04,CASE-2026-1164,Kwitonda,Mild coughing,Obscured (Heavy Rain),High (Senior Tracker),Seen
2004-01-06,None,Amahoro,None,Partial View (Dense Vegetation),High (Senior Tracker),Acknowledged by Base
2004-01-07,None,Amahoro,None,Partial View (Dense Vegetation),High (Senior Tracker),Acknowledged by Base
2004-01-08,None,Susa-A,None,Clear View (Full Group),High (Senior Tracker),Acknowledged by Base
2004-01-09,None,Amahoro,None,Clear View (Full Group),High (Senior Tracker),Acknowledged by Base
2004-01-10,None,Hirwa,None,Clear View (Full Group),High (Senior Tracker),Acknowledged by Base
2004-01-11,None,Amahoro,None,Partial View (Dense Vegetation),High (Senior Tracker),Acknowledged by Base
2004-01-12,None,Amahoro,None,Partial View (Dense Vegetation),High (Senior Tracker),Acknowledged by Base
2004-01-16,None,Hirwa,None,Partial View (Dense Vegetation),High (Senior Tracker),Acknowledged by Base
2004-01-24,None,Susa-A,None,Clear View (Full Group),High (Senior Tracker),Acknowledged by Base
2004-01-27,CASE-2026-1165,Susa-A,Mild coughing,Partial View (Dense Vegetation),High (Senior Tracker),Seen
2004-01-28,None,Susa-A,None,Clear View (Full Group),High (Senior Tracker),Acknowledged by Base
2004-01-28,CASE-2026-1166,Kwitonda,Sustained nasal discharge,Partial View (Dense Vegetation),High (Senior Tracker),Seen
2004-01-29,None,Amahoro,None,Clear View (Full Group),High (Senior Tracker),Acknowledged by Base
2004-01-31,None,Pablo Group,None,Partial View (Dense Vegetation),High (Senior Tracker),Acknowledged by Base
2004-02-02,None,Susa-A,None,Partial View (Dense Vegetation),High (Senior Tracker),Acknowledged by Base
2004-02-02,None,Pablo Group,None,Partial View (Dense Vegetation),High (Senior Tracker),Acknowledged by Base
2004-02-03,CASE-2026-1167,Pablo Group,Mild coughing,Clear View (Full Group),Medium,Seen
2004-02-03,None,Hirwa,None,Partial View (Dense Vegetation),High (Senior Tracker),Acknowledged by Base
2004-02-04,None,Kwitonda,None,Partial View (Dense Vegetation),High (Senior Tracker),Acknowledged by Base
2004-02-07,None,Pablo Group,None,Clear View (Full Group),High (Senior Tracker),Acknowledged by Base
2004-02-07,None,Hirwa,None,Clear View (Full Group),High (Senior Tracker),Acknowledged by Base
2004-02-10,None,Kwitonda,None,Partial View (Dense Vegetation),High (Senior Tracker),Acknowledged by Base
2004-02-11,None,Susa-A,None,Clear View (Full Group),High (Senior Tracker),Acknowledged by Base
2004-02-11,None,Pablo Group,None,Clear View (Full Group),High (Senior Tracker),Acknowledged by Base
2004-02-13,None,Susa-A,None,Partial View (Dense Vegetation),High (Senior Tracker),Acknowledged by Base
2004-02-13,None,Pablo Group,None,Partial View (Dense Vegetation),High (Senior Tracker),Acknowledged by Base
2004-02-14,CASE-2026-1168,Pablo Group,Mild coughing,Clear View (Full Group),High (Senior Tracker),Acknowledged by Base
2004-02-18,None,Pablo Group,None,Clear View (Full Group),High (Senior Tracker),Acknowledged by Base
2004-02-18,CASE-2026-1169,Kwitonda,Lethargy,Clear View (Full Group),Low (Poor Conditions),Sent
2004-02-18,None,Hirwa,None,Clear View (Full Group),High (Senior Tracker),Acknowledged by Base
2004-02-23,CASE-2026-1170,Susa-A,Lethargy,Partial View (Dense Vegetation),Medium,Acknowledged by Base
2004-02-24,None,Kwitonda,None,Clear View (Full Group),High (Senior Tracker),Acknowledged by Base
2004-02-25,None,Susa-A,None,Clear View (Full Group),High (Senior Tracker),Acknowledged by Base
2004-02-27,None,Hirwa,None,Clear View (Full Group),High (Senior Tracker),Acknowledged by Base
2004-02-29,None,Kwitonda,None,Partial View (Dense Vegetation),High (Senior Tracker),Acknowledged by Base
2004-02-29,None,Hirwa,None,Clear View (Full Group),High (Senior Tracker),Acknowledged by Base
2004-03-02,None,Pablo Group,None,Clear View (Full Group),High (Senior Tracker),Acknowledged by Base
2004-03-03,None,Amahoro,None,Partial View (Dense Vegetation),High (Senior Tracker),Acknowledged by Base
2004-03-06,CASE-2026-1171,Kwitonda,Sustained nasal discharge,Clear View (Full Group),High (Senior Tracker),Seen
2004-03-09,None,Pablo Group,None,Partial View (Dense Vegetation),High (Senior Tracker),Acknowledged by Base
2004-03-10,None,Pablo Group,None,Partial View (Dense Vegetation),High (Senior Tracker),Acknowledged by Base
2004-03-12,None,Hirwa,None,Clear View (Full Group),High (Senior Tracker),Acknowledged by Base
2004-03-14,None,Hirwa,None,Partial View (Dense Vegetation),High (Senior Tracker),Acknowledged by Base
2004-03-15,None,Amahoro,None,Clear View (Full Group),High (Senior Tracker),Acknowledged by Base
2004-03-19,None,Hirwa,None,Clear View (Full Group),High (Senior Tracker),Acknowledged by Base
2004-03-20,None,Hirwa,None,Clear View (Full Group),High (Senior Tracker),Acknowledged by Base
2004-03-21,CASE-2026-1172,Pablo Group,Mild coughing,Clear View (Full Group),Medium,Sent
2004-03-24,None,Pablo Group,None,Partial View (Dense Vegetation),High (Senior Tracker),Acknowledged by Base
2004-03-24,None,Hirwa,None,Clear View (Full Group),High (Senior Tracker),Acknowledged by Base
2004-03-26,None,Amahoro,None,Clear View (Full Group),High (Senior Tracker),Acknowledged by Base
2004-03-26,None,Hirwa,None,Clear View (Full Group),High (Senior Tracker),Acknowledged by Base
2004-03-27,None,Hirwa,None,Partial View (Dense Vegetation),High (Senior Tracker),Acknowledged by Base
2004-03-28,None,Susa-A,None,Clear View (Full Group),High (Senior Tracker),Acknowledged by Base
2004-03-29,None,Susa-A,None,Clear View (Full Group),High (Senior Tracker),Acknowledged by Base
2004-03-29,None,Hirwa,None,Clear View (Full Group),High (Senior Tracker),Acknowledged by Base
2004-03-30,CASE-2026-1173,Pablo Group,"Heavy coughing, wheezing",Partial View (Dense Vegetation),Low (Poor Conditions),Seen
2004-03-31,None,Susa-A,None,Partial View (Dense Vegetation),High (Senior Tracker),Acknowledged by Base
2004-03-31,CASE-2026-1174,Kwitonda,Mild coughing,Clear View (Full Group),Low (Poor Conditions),Acknowledged by Base
2004-04-02,None,Pablo Group,None,Clear View (Full Group),High (Senior Tracker),Acknowledged by Base
2004-04-03,None,Amahoro,None,Partial View (Dense Vegetation),High (Senior Tracker),Acknowledged by Base
2004-04-07,None,Kwitonda,None,Clear View (Full Group),High (Senior Tracker),Acknowledged by Base
2004-04-10,None,Kwitonda,None,Clear View (Full Group),High (Senior Tracker),Acknowledged by Base
2004-04-17,None,Hirwa,None,Clear View (Full Group),High (Senior Tracker),Acknowledged by Base
2004-04-18,None,Kwitonda,None,Partial View (Dense Vegetation),High (Senior Tracker),Acknowledged by Base
2004-04-19,None,Susa-A,None,Clear View (Full Group),High (Senior Tracker),Acknowledged by Base
2004-04-19,None,Pablo Group,None,Clear View (Full Group),High (Senior Tracker),Acknowledged by Base
2004-04-22,None,Amahoro,None,Clear View (Full Group),High (Senior Tracker),Acknowledged by Base
2004-04-22,None,Hirwa,None,Clear View (Full Group),High (Senior Tracker),Acknowledged by Base
2004-04-24,None,Kwitonda,None,Partial View (Dense Vegetation),High (Senior Tracker),Acknowledged by Base
2004-04-26,None,Susa-A,None,Clear View (Full Group),High (Senior Tracker),Acknowledged by Base
2004-04-26,None,Amahoro,None,Clear View (Full Group),High (Senior Tracker),Acknowledged by Base
2004-04-28,None,Kwitonda,None,Clear View (Full Group),High (Senior Tracker),Acknowledged by Base
2004-04-30,None,Amahoro,None,Partial View (Dense Vegetation),High (Senior Tracker),Acknowledged by Base
2004-05-02,None,Pablo Group,None,Clear View (Full Group),High (Senior Tracker),Acknowledged by Base
2004-05-02,None,Amahoro,None,Partial View (Dense Vegetation),High (Senior Tracker),Acknowledged by Base
2004-05-06,None,Hirwa,None,Clear View (Full Group),High (Senior Tracker),Acknowledged by Base
2004-05-08,None,Amahoro,None,Partial View (Dense Vegetation),High (Senior Tracker),Acknowledged by Base
2004-05-09,None,Kwitonda,None,Partial View (Dense Vegetation),High (Senior Tracker),Acknowledged by Base
2004-05-11,None,Amahoro,None,Clear View (Full Group),High (Senior Tracker),Acknowledged by Base
2004-05-11,None,Kwitonda,None,Partial View (Dense Vegetation),High (Senior Tracker),Acknowledged by Base
2004-05-12,None,Susa-A,None,Clear View (Full Group),High (Senior Tracker),Acknowledged by Base
2004-05-14,None,Pablo Group,None,Partial View (Dense Vegetation),High (Senior Tracker),Acknowledged by Base
2004-05-14,None,Kwitonda,None,Partial View (Dense Vegetation),High (Senior Tracker),Acknowledged by Base
2004-05-18,None,Hirwa,None,Clear View (Full Group),High (Senior Tracker),Acknowledged by Base
2004-05-19,None,Pablo Group,None,Clear View (Full Group),High (Senior Tracker),Acknowledged by Base
2004-05-23,None,Susa-A,None,Partial View (Dense Vegetation),High (Senior Tracker),Acknowledged by Base
2004-05-25,None,Pablo Group,None,Partial View (Dense Vegetation),High (Senior Tracker),Acknowledged by Base
2004-05-31,None,Pablo Group,None,Partial View (Dense Vegetation),High (Senior Tracker),Acknowledged by Base
2004-06-05,None,Pablo Group,None,Clear View (Full Group),High (Senior Tracker),Acknowledged by Base
2004-06-05,None,Amahoro,None,Partial View (Dense Vegetation),High (Senior Tracker),Acknowledged by Base
2004-06-05,None,Hirwa,None,Partial View (Dense Vegetation),High (Senior Tracker),Acknowledged by Base
2004-06-06,None,Kwitonda,None,Partial View (Dense Vegetation),High (Senior Tracker),Acknowledged by Base
2004-06-09,None,Kwitonda,None,Partial View (Dense Vegetation),High (Senior Tracker),Acknowledged by Base
2004-06-10,None,Kwitonda,None,Clear View (Full Group),High (Senior Tracker),Acknowledged by Base
2004-06-17,CASE-2026-1175,Hirwa,Mild coughing,Clear View (Full Group),Medium,Sent
2004-06-18,None,Kwitonda,None,Partial View (Dense Vegetation),High (Senior Tracker),Acknowledged by Base
2004-06-19,None,Susa-A,None,Clear View (Full Group),High (Senior Tracker),Acknowledged by Base
2004-06-19,None,Pablo Group,None,Clear View (Full Group),High (Senior Tracker),Acknowledged by Base
2004-06-21,None,Amahoro,None,Clear View (Full Group),High (Senior Tracker),Acknowledged by Base
2004-06-21,None,Kwitonda,None,Clear View (Full Group),High (Senior Tracker),Acknowledged by Base
2004-06-22,None,Susa-A,None,Clear View (Full Group),High (Senior Tracker),Acknowledged by Base
2004-06-23,None,Amahoro,None,Clear View (Full Group),High (Senior Tracker),Acknowledged by Base
2004-06-24,CASE-2026-1176,Kwitonda,Sustained nasal discharge,Obscured (Heavy Rain),Low (Poor Conditions),Sent
2004-06-24,None,Hirwa,None,Partial View (Dense Vegetation),High (Senior Tracker),Acknowledged by Base
2004-06-25,None,Pablo Group,None,Partial View (Dense Vegetation),High (Senior Tracker),Acknowledged by Base
2004-06-26,None,Pablo Group,None,Partial View (Dense Vegetation),High (Senior Tracker),Acknowledged by Base
2004-06-29,None,Hirwa,None,Partial View (Dense Vegetation),High (Senior Tracker),Acknowledged by Base
2004-06-30,None,Susa-A,None,Partial View (Dense Vegetation),High (Senior Tracker),Acknowledged by Base
2004-06-30,None,Pablo Group,None,Clear View (Full Group),High (Senior Tracker),Acknowledged by Base
2004-07-01,None,Amahoro,None,Clear View (Full Group),High (Senior Tracker),Acknowledged by Base
2004-07-01,None,Kwitonda,None,Partial View (Dense Vegetation),High (Senior Tracker),Acknowledged by Base
2004-07-03,CASE-2026-1177,Pablo Group,Sustained nasal discharge,Partial View (Dense Vegetation),Medium,Sent
2004-07-06,None,Pablo Group,None,Clear View (Full Group),High (Senior Tracker),Acknowledged by Base
2004-07-11,None,Hirwa,None,Clear View (Full Group),High (Senior Tracker),Acknowledged by Base
2004-07-12,None,Pablo Group,None,Clear View (Full Group),High (Senior Tracker),Acknowledged by Base
2004-07-13,None,Hirwa,None,Clear View (Full Group),High (Senior Tracker),Acknowledged by Base
2004-07-14,None,Kwitonda,None,Partial View (Dense Vegetation),High (Senior Tracker),Acknowledged by Base
2004-07-17,None,Kwitonda,None,Partial View (Dense Vegetation),High (Senior Tracker),Acknowledged by Base
2004-07-17,None,Hirwa,None,Clear View (Full Group),High (Senior Tracker),Acknowledged by Base
2004-07-18,CASE-2026-1178,Susa-A,Mild coughing,Clear View (Full Group),Low (Poor Conditions),Acknowledged by Base
2004-07-19,None,Kwitonda,None,Clear View (Full Group),High (Senior Tracker),Acknowledged by Base
2004-07-23,None,Susa-A,None,Clear View (Full Group),High (Senior Tracker),Acknowledged by Base
2004-07-24,None,Kwitonda,None,Partial View (Dense Vegetation),High (Senior Tracker),Acknowledged by Base
2004-07-25,None,Amahoro,None,Clear View (Full Group),High (Senior Tracker),Acknowledged by Base
2004-07-25,None,Hirwa,None,Partial View (Dense Vegetation),High (Senior Tracker),Acknowledged by Base
2004-07-29,CASE-2026-1179,Kwitonda,Sustained nasal discharge,Obscured (Heavy Rain),High (Senior Tracker),Sent
2004-07-31,CASE-2026-1180,Kwitonda,Mild coughing,Partial View (Dense Vegetation),Low (Poor Conditions),Seen
2004-08-01,None,Pablo Group,None,Partial View (Dense Vegetation),High (Senior Tracker),Acknowledged by Base
2004-08-02,None,Pablo Group,None,Partial View (Dense Vegetation),High (Senior Tracker),Acknowledged by Base
2004-08-02,None,Amahoro,None,Partial View (Dense Vegetation),High (Senior Tracker),Acknowledged by Base
2004-08-03,CASE-2026-1181,Kwitonda,Sustained nasal discharge,Partial View (Dense Vegetation),High (Senior Tracker),Acknowledged by Base
2004-08-03,None,Hirwa,None,Partial View (Dense Vegetation),High (Senior Tracker),Acknowledged by Base
2004-08-05,None,Pablo Group,None,Partial View (Dense Vegetation),High (Senior Tracker),Acknowledged by Base
2004-08-05,None,Amahoro,None,Partial View (Dense Vegetation),High (Senior Tracker),Acknowledged by Base
2004-08-11,None,Hirwa,None,Partial View (Dense Vegetation),High (Senior Tracker),Acknowledged by Base
2004-08-13,None,Kwitonda,None,Partial View (Dense Vegetation),High (Senior Tracker),Acknowledged by Base
2004-08-17,None,Amahoro,None,Clear View (Full Group),High (Senior Tracker),Acknowledged by Base
2004-08-19,None,Susa-A,None,Partial View (Dense Vegetation),High (Senior Tracker),Acknowledged by Base
2004-08-20,None,Pablo Group,None,Clear View (Full Group),High (Senior Tracker),Acknowledged by Base
2004-08-22,None,Pablo Group,None,Partial View (Dense Vegetation),High (Senior Tracker),Acknowledged by Base
2004-08-23,None,Susa-A,None,Clear View (Full Group),High (Senior Tracker),Acknowledged by Base
2004-08-25,None,Kwitonda,None,Partial View (Dense Vegetation),High (Senior Tracker),Acknowledged by Base
2004-08-27,None,Kwitonda,None,Clear View (Full Group),High (Senior Tracker),Acknowledged by Base
2004-08-28,None,Pablo Group,None,Clear View (Full Group),High (Senior Tracker),Acknowledged by Base
2004-08-28,None,Hirwa,None,Clear View (Full Group),High (Senior Tracker),Acknowledged by Base
2004-08-30,None,Kwitonda,None,Partial View (Dense Vegetation),High (Senior Tracker),Acknowledged by Base
2004-08-31,None,Kwitonda,None,Partial View (Dense Vegetation),High (Senior Tracker),Acknowledged by Base
2004-09-03,None,Pablo Group,None,Clear View (Full Group),High (Senior Tracker),Acknowledged by Base
2004-09-04,None,Amahoro,None,Clear View (Full Group),High (Senior Tracker),Acknowledged by Base
2004-09-09,None,Susa-A,None,Partial View (Dense Vegetation),High (Senior Tracker),Acknowledged by Base
2004-09-16,None,Amahoro,None,Clear View (Full Group),High (Senior Tracker),Acknowledged by Base
2004-09-19,None,Hirwa,None,Partial View (Dense Vegetation),High (Senior Tracker),Acknowledged by Base
2004-09-22,None,Pablo Group,None,Clear View (Full Group),High (Senior Tracker),Acknowledged by Base
2004-09-22,None,Kwitonda,None,Clear View (Full Group),High (Senior Tracker),Acknowledged by Base
2004-09-25,CASE-2026-1182,Kwitonda,Mild coughing,Clear View (Full Group),High (Senior Tracker),Sent
2004-09-28,None,Susa-A,None,Clear View (Full Group),High (Senior Tracker),Acknowledged by Base
2004-09-28,None,Amahoro,None,Clear View (Full Group),High (Senior Tracker),Acknowledged by Base
2004-09-29,None,Hirwa,None,Clear View (Full Group),High (Senior Tracker),Acknowledged by Base
2004-10-01,None,Susa-A,None,Clear View (Full Group),High (Senior Tracker),Acknowledged by Base
2004-10-09,CASE-2026-1183,Kwitonda,Sustained nasal discharge,Clear View (Full Group),High (Senior Tracker),Acknowledged by Base
2004-10-11,None,Pablo Group,None,Clear View (Full Group),High (Senior Tracker),Acknowledged by Base
2004-10-11,None,Kwitonda,None,Partial View (Dense Vegetation),High (Senior Tracker),Acknowledged by Base
2004-10-11,None,Hirwa,None,Clear View (Full Group),High (Senior Tracker),Acknowledged by Base
2004-10-12,None,Amahoro,None,Partial View (Dense Vegetation),High (Senior Tracker),Acknowledged by Base
2004-10-13,CASE-2026-1184,Susa-A,Sustained nasal discharge,Partial View (Dense Vegetation),Low (Poor Conditions),Sent
2004-10-13,None,Pablo Group,None,Clear View (Full Group),High (Senior Tracker),Acknowledged by Base
2004-10-13,None,Hirwa,None,Clear View (Full Group),High (Senior Tracker),Acknowledged by Base
2004-10-15,None,Hirwa,None,Clear View (Full Group),High (Senior Tracker),Acknowledged by Base
2004-10-16,None,Pablo Group,None,Clear View (Full Group),High (Senior Tracker),Acknowledged by Base
2004-10-17,None,Hirwa,None,Partial View (Dense Vegetation),High (Senior Tracker),Acknowledged by Base
2004-10-22,None,Susa-A,None,Partial View (Dense Vegetation),High (Senior Tracker),Acknowledged by Base
2004-10-23,None,Pablo Group,None,Clear View (Full Group),High (Senior Tracker),Acknowledged by Base
2004-10-25,None,Pablo Group,None,Clear View (Full Group),High (Senior Tracker),Acknowledged by Base
2004-10-27,None,Pablo Group,None,Clear View (Full Group),High (Senior Tracker),Acknowledged by Base
2004-10-29,None,Kwitonda,None,Partial View (Dense Vegetation),High (Senior Tracker),Acknowledged by Base
2004-10-31,None,Hirwa,None,Partial View (Dense Vegetation),High (Senior Tracker),Acknowledged by Base
2004-11-01,None,Hirwa,None,Clear View (Full Group),High (Senior Tracker),Acknowledged by Base
2004-11-09,None,Amahoro,None,Clear View (Full Group),High (Senior Tracker),Acknowledged by Base
2004-11-10,None,Pablo Group,None,Clear View (Full Group),High (Senior Tracker),Acknowledged by Base
2004-11-11,None,Amahoro,None,Clear View (Full Group),High (Senior Tracker),Acknowledged by Base
2004-11-11,None,Hirwa,None,Clear View (Full Group),High (Senior Tracker),Acknowledged by Base
2004-11-12,None,Kwitonda,None,Partial View (Dense Vegetation),High (Senior Tracker),Acknowledged by Base
2004-11-13,None,Hirwa,None,Partial View (Dense Vegetation),High (Senior Tracker),Acknowledged by Base
2004-11-15,None,Pablo Group,None,Clear View (Full Group),High (Senior Tracker),Acknowledged by Base
2004-11-15,None,Hirwa,None,Partial View (Dense Vegetation),High (Senior Tracker),Acknowledged by Base
2004-11-16,CASE-2026-1185,Hirwa,Mild coughing,Partial View (Dense Vegetation),High (Senior Tracker),Acknowledged by Base
2004-11-17,None,Pablo Group,None,Clear View (Full Group),High (Senior Tracker),Acknowledged by Base
2004-11-18,None,Kwitonda,None,Clear View (Full Group),High (Senior Tracker),Acknowledged by Base
2004-11-20,None,Susa-A,None,Clear View (Full Group),High (Senior Tracker),Acknowledged by Base
2004-11-21,None,Kwitonda,None,Clear View (Full Group),High (Senior Tracker),Acknowledged by Base
2004-11-24,None,Susa-A,None,Partial View (Dense Vegetation),High (Senior Tracker),Acknowledged by Base
2004-11-26,None,Amahoro,None,Partial View (Dense Vegetation),High (Senior Tracker),Acknowledged by Base
2004-11-29,None,Pablo Group,None,Partial View (Dense Vegetation),High (Senior Tracker),Acknowledged by Base
2004-11-30,CASE-2026-1186,Kwitonda,Mild coughing,Obscured (Heavy Rain),Medium,Seen
2004-12-03,CASE-2026-1187,Susa-A,Sustained nasal discharge,Clear View (Full Group),High (Senior Tracker),Acknowledged by Base
2004-12-03,None,Amahoro,None,Partial View (Dense Vegetation),High (Senior Tracker),Acknowledged by Base
2004-12-03,None,Hirwa,None,Partial View (Dense Vegetation),High (Senior Tracker),Acknowledged by Base
2004-12-07,None,Amahoro,None,Partial View (Dense Vegetation),High (Senior Tracker),Acknowledged by Base
2004-12-08,None,Kwitonda,None,Clear View (Full Group),High (Senior Tracker),Acknowledged by Base
2004-12-09,None,Kwitonda,None,Clear View (Full Group),High (Senior Tracker),Acknowledged by Base
2004-12-10,None,Pablo Group,None,Clear View (Full Group),High (Senior Tracker),Acknowledged by Base
2004-12-10,None,Kwitonda,None,Clear View (Full Group),High (Senior Tracker),Acknowledged by Base
2004-12-10,None,Hirwa,None,Clear View (Full Group),High (Senior Tracker),Acknowledged by Base
2004-12-12,CASE-2026-1188,Pablo Group,Lethargy,Partial View (Dense Vegetation),Low (Poor Conditions),Seen
2004-12-14,CASE-2026-1189,Susa-A,Sustained nasal discharge,Clear View (Full Group),Medium,Seen
2004-12-14,None,Amahoro,None,Partial View (Dense Vegetation),High (Senior Tracker),Acknowledged by Base
2004-12-14,None,Kwitonda,None,Partial View (Dense Vegetation),High (Senior Tracker),Acknowledged by Base
2004-12-15,None,Susa-A,None,Partial View (Dense Vegetation),High (Senior Tracker),Acknowledged by Base
2004-12-15,None,Hirwa,None,Partial View (Dense Vegetation),High (Senior Tracker),Acknowledged by Base
2004-12-19,None,Pablo Group,None,Partial View (Dense Vegetation),High (Senior Tracker),Acknowledged by Base
2004-12-20,None,Amahoro,None,Partial View (Dense Vegetation),High (Senior Tracker),Acknowledged by Base
2004-12-25,None,Susa-A,None,Clear View (Full Group),High (Senior Tracker),Acknowledged by Base
2004-12-27,None,Susa-A,None,Clear View (Full Group),High (Senior Tracker),Acknowledged by Base
2004-12-28,None,Kwitonda,None,Clear View (Full Group),High (Senior Tracker),Acknowledged by Base
2004-12-28,None,Hirwa,None,Partial View (Dense Vegetation),High (Senior Tracker),Acknowledged by Base
2004-12-29,None,Pablo Group,None,Partial View (Dense Vegetation),High (Senior Tracker),Acknowledged by Base
2004-12-30,None,Pablo Group,None,Clear View (Full Group),High (Senior Tracker),Acknowledged by Base
2005-01-01,None,Pablo Group,None,Partial View (Dense Vegetation),High (Senior Tracker),Acknowledged by Base
2005-01-02,None,Hirwa,None,Clear View (Full Group),High (Senior Tracker),Acknowledged by Base
2005-01-03,None,Kwitonda,None,Partial View (Dense Vegetation),High (Senior Tracker),Acknowledged by Base
2005-01-08,CASE-2026-1190,Susa-A,Mild coughing,Partial View (Dense Vegetation),Low (Poor Conditions),Seen
2005-01-08,CASE-2026-1191,Amahoro,"Heavy coughing, wheezing",Obscured (Heavy Rain),Low (Poor Conditions),Seen
2005-01-09,None,Susa-A,None,Clear View (Full Group),High (Senior Tracker),Acknowledged by Base
2005-01-10,None,Amahoro,None,Partial View (Dense Vegetation),High (Senior Tracker),Acknowledged by Base
2005-01-11,None,Amahoro,None,Clear View (Full Group),High (Senior Tracker),Acknowledged by Base
2005-01-12,None,Pablo Group,None,Partial View (Dense Vegetation),High (Senior Tracker),Acknowledged by Base
2005-01-13,None,Pablo Group,None,Partial View (Dense Vegetation),High (Senior Tracker),Acknowledged by Base
2005-01-14,None,Amahoro,None,Partial View (Dense Vegetation),High (Senior Tracker),Acknowledged by Base
2005-01-17,None,Pablo Group,None,Clear View (Full Group),High (Senior Tracker),Acknowledged by Base
2005-01-27,CASE-2026-1192,Kwitonda,Sustained nasal discharge,Partial View (Dense Vegetation),High (Senior Tracker),Acknowledged by Base
2005-01-27,None,Hirwa,None,Clear View (Full Group),High (Senior Tracker),Acknowledged by Base
2005-01-30,None,Hirwa,None,Clear View (Full Group),High (Senior Tracker),Acknowledged by Base
2005-02-02,None,Hirwa,None,Partial View (Dense Vegetation),High (Senior Tracker),Acknowledged by Base
2005-02-03,None,Susa-A,None,Clear View (Full Group),High (Senior Tracker),Acknowledged by Base
2005-02-10,None,Pablo Group,None,Partial View (Dense Vegetation),High (Senior Tracker),Acknowledged by Base
2005-02-10,None,Kwitonda,None,Clear View (Full Group),High (Senior Tracker),Acknowledged by Base
2005-02-11,CASE-2026-1193,Amahoro,Mild coughing,Clear View (Full Group),Medium,Acknowledged by Base
2005-02-12,None,Susa-A,None,Clear View (Full Group),High (Senior Tracker),Acknowledged by Base
2005-02-13,None,Hirwa,None,Partial View (Dense Vegetation),High (Senior Tracker),Acknowledged by Base
2005-02-15,None,Amahoro,None,Partial View (Dense Vegetation),High (Senior Tracker),Acknowledged by Base
2005-02-18,None,Pablo Group,None,Partial View (Dense Vegetation),High (Senior Tracker),Acknowledged by Base
2005-02-19,None,Pablo Group,None,Partial View (Dense Vegetation),High (Senior Tracker),Acknowledged by Base
2005-02-20,CASE-2026-1194,Kwitonda,Mild coughing,Clear View (Full Group),High (Senior Tracker),Sent
2005-02-22,None,Susa-A,None,Clear View (Full Group),High (Senior Tracker),Acknowledged by Base
2005-02-25,CASE-2026-1195,Hirwa,Mild coughing,Obscured (Heavy Rain),Medium,Seen
2005-02-28,None,Pablo Group,None,Partial View (Dense Vegetation),High (Senior Tracker),Acknowledged by Base
2005-02-28,None,Kwitonda,None,Clear View (Full Group),High (Senior Tracker),Acknowledged by Base
2005-03-01,CASE-2026-1196,Susa-A,Lethargy,Obscured (Heavy Rain),Medium,Sent
2005-03-04,CASE-2026-1197,Pablo Group,Sustained nasal discharge,Clear View (Full Group),High (Senior Tracker),Acknowledged by Base
2005-03-07,None,Susa-A,None,Partial View (Dense Vegetation),High (Senior Tracker),Acknowledged by Base
2005-03-11,None,Pablo Group,None,Partial View (Dense Vegetation),High (Senior Tracker),Acknowledged by Base
2005-03-12,None,Amahoro,None,Partial View (Dense Vegetation),High (Senior Tracker),Acknowledged by Base
2005-03-13,None,Hirwa,None,Clear View (Full Group),High (Senior Tracker),Acknowledged by Base
2005-03-14,None,Susa-A,None,Clear View (Full Group),High (Senior Tracker),Acknowledged by Base
2005-03-15,None,Kwitonda,None,Partial View (Dense Vegetation),High (Senior Tracker),Acknowledged by Base
2005-03-18,None,Amahoro,None,Clear View (Full Group),High (Senior Tracker),Acknowledged by Base
2005-03-18,None,Hirwa,None,Partial View (Dense Vegetation),High (Senior Tracker),Acknowledged by Base
2005-03-21,None,Kwitonda,None,Partial View (Dense Vegetation),High (Senior Tracker),Acknowledged by Base
2005-03-23,None,Susa-A,None,Clear View (Full Group),High (Senior Tracker),Acknowledged by Base
2005-03-24,None,Pablo Group,None,Partial View (Dense Vegetation),High (Senior Tracker),Acknowledged by Base
2005-03-26,None,Susa-A,None,Clear View (Full Group),High (Senior Tracker),Acknowledged by Base
2005-03-28,None,Kwitonda,None,Partial View (Dense Vegetation),High (Senior Tracker),Acknowledged by Base
2005-03-29,None,Pablo Group,None,Clear View (Full Group),High (Senior Tracker),Acknowledged by Base
2005-03-29,CASE-2026-1198,Kwitonda,"Heavy coughing, wheezing",Clear View (Full Group),Medium,Seen
2005-03-31,None,Susa-A,None,Partial View (Dense Vegetation),High (Senior Tracker),Acknowledged by Base
2005-03-31,None,Amahoro,None,Partial View (Dense Vegetation),High (Senior Tracker),Acknowledged by Base
2005-04-01,None,Kwitonda,None,Clear View (Full Group),High (Senior Tracker),Acknowledged by Base
2005-04-01,None,Hirwa,None,Clear View (Full Group),High (Senior Tracker),Acknowledged by Base
2005-04-02,None,Kwitonda,None,Partial View (Dense Vegetation),High (Senior Tracker),Acknowledged by Base
2005-04-03,None,Kwitonda,None,Partial View (Dense Vegetation),High (Senior Tracker),Acknowledged by Base
2005-04-05,None,Pablo Group,None,Clear View (Full Group),High (Senior Tracker),Acknowledged by Base
2005-04-07,CASE-2026-1199,Amahoro,Lethargy,Clear View (Full Group),High (Senior Tracker),Acknowledged by Base
2005-04-10,None,Susa-A,None,Partial View (Dense Vegetation),High (Senior Tracker),Acknowledged by Base
2005-04-10,None,Hirwa,None,Partial View (Dense Vegetation),High (Senior Tracker),Acknowledged by Base
2005-04-13,CASE-2026-1200,Kwitonda,Sustained nasal discharge,Partial View (Dense Vegetation),High (Senior Tracker),Sent
2005-04-15,None,Pablo Group,None,Clear View (Full Group),High (Senior Tracker),Acknowledged by Base
2005-04-15,None,Amahoro,None,Clear View (Full Group),High (Senior Tracker),Acknowledged by Base
2005-04-16,CASE-2026-1201,Kwitonda,Lethargy,Obscured (Heavy Rain),High (Senior Tracker),Acknowledged by Base
2005-04-18,None,Pablo Group,None,Clear View (Full Group),High (Senior Tracker),Acknowledged by Base
2005-04-18,None,Kwitonda,None,Partial View (Dense Vegetation),High (Senior Tracker),Acknowledged by Base
2005-04-20,None,Pablo Group,None,Partial View (Dense Vegetation),High (Senior Tracker),Acknowledged by Base
2005-04-26,None,Pablo Group,None,Partial View (Dense Vegetation),High (Senior Tracker),Acknowledged by Base
2005-04-30,None,Amahoro,None,Clear View (Full Group),High (Senior Tracker),Acknowledged by Base
2005-05-01,None,Amahoro,None,Clear View (Full Group),High (Senior Tracker),Acknowledged by Base
2005-05-05,CASE-2026-1202,Susa-A,Sustained nasal discharge,Partial View (Dense Vegetation),High (Senior Tracker),Seen
2005-05-05,None,Pablo Group,None,Partial View (Dense Vegetation),High (Senior Tracker),Acknowledged by Base
2005-05-06,None,Susa-A,None,Partial View (Dense Vegetation),High (Senior Tracker),Acknowledged by Base
2005-05-07,None,Hirwa,None,Clear View (Full Group),High (Senior Tracker),Acknowledged by Base
2005-05-08,CASE-2026-1203,Susa-A,Sustained nasal discharge,Obscured (Heavy Rain),Medium,Seen
2005-05-09,None,Hirwa,None,Clear View (Full Group),High (Senior Tracker),Acknowledged by Base
2005-05-12,None,Amahoro,None,Partial View (Dense Vegetation),High (Senior Tracker),Acknowledged by Base
2005-05-12,None,Hirwa,None,Partial View (Dense Vegetation),High (Senior Tracker),Acknowledged by Base
2005-05-14,None,Hirwa,None,Clear View (Full Group),High (Senior Tracker),Acknowledged by Base
2005-05-15,None,Susa-A,None,Clear View (Full Group),High (Senior Tracker),Acknowledged by Base
2005-05-15,CASE-2026-1204,Hirwa,Mild coughing,Partial View (Dense Vegetation),Medium,Sent
2005-05-17,None,Hirwa,None,Clear View (Full Group),High (Senior Tracker),Acknowledged by Base
2005-05-19,None,Amahoro,None,Clear View (Full Group),High (Senior Tracker),Acknowledged by Base
2005-05-21,None,Pablo Group,None,Partial View (Dense Vegetation),High (Senior Tracker),Acknowledged by Base
2005-05-21,None,Kwitonda,None,Partial View (Dense Vegetation),High (Senior Tracker),Acknowledged by Base
2005-05-23,None,Amahoro,None,Clear View (Full Group),High (Senior Tracker),Acknowledged by Base
2005-05-23,None,Kwitonda,None,Clear View (Full Group),High (Senior Tracker),Acknowledged by Base
2005-05-28,None,Kwitonda,None,Partial View (Dense Vegetation),High (Senior Tracker),Acknowledged by Base
2005-05-30,CASE-2026-1205,Hirwa,Mild coughing,Clear View (Full Group),Low (Poor Conditions),Seen
2005-05-31,CASE-2026-1206,Amahoro,Mild coughing,Clear View (Full Group),Low (Poor Conditions),Seen
2005-06-02,None,Susa-A,None,Clear View (Full Group),High (Senior Tracker),Acknowledged by Base
2005-06-06,None,Kwitonda,None,Partial View (Dense Vegetation),High (Senior Tracker),Acknowledged by Base
2005-06-09,None,Pablo Group,None,Clear View (Full Group),High (Senior Tracker),Acknowledged by Base
2005-06-10,None,Pablo Group,None,Partial View (Dense Vegetation),High (Senior Tracker),Acknowledged by Base
2005-06-10,None,Kwitonda,None,Partial View (Dense Vegetation),High (Senior Tracker),Acknowledged by Base
2005-06-13,None,Susa-A,None,Clear View (Full Group),High (Senior Tracker),Acknowledged by Base
2005-06-16,None,Pablo Group,None,Partial View (Dense Vegetation),High (Senior Tracker),Acknowledged by Base
2005-06-19,None,Hirwa,None,Clear View (Full Group),High (Senior Tracker),Acknowledged by Base
2005-06-21,CASE-2026-1207,Susa-A,Mild coughing,Clear View (Full Group),Medium,Acknowledged by Base
2005-06-21,CASE-2026-1208,Kwitonda,"Heavy coughing, wheezing",Clear View (Full Group),High (Senior Tracker),Acknowledged by Base
2005-06-22,CASE-2026-1209,Susa-A,Mild coughing,Obscured (Heavy Rain),High (Senior Tracker),Sent
2005-06-24,None,Susa-A,None,Partial View (Dense Vegetation),High (Senior Tracker),Acknowledged by Base
2005-06-24,None,Amahoro,None,Clear View (Full Group),High (Senior Tracker),Acknowledged by Base
2005-06-25,None,Pablo Group,None,Partial View (Dense Vegetation),High (Senior Tracker),Acknowledged by Base
2005-06-25,None,Kwitonda,None,Partial View (Dense Vegetation),High (Senior Tracker),Acknowledged by Base
2005-06-26,CASE-2026-1210,Pablo Group,Sustained nasal discharge,Clear View (Full Group),High (Senior Tracker),Seen
2005-06-26,None,Amahoro,None,Partial View (Dense Vegetation),High (Senior Tracker),Acknowledged by Base
2005-06-27,CASE-2026-1211,Kwitonda,"Heavy coughing, wheezing",Partial View (Dense Vegetation),High (Senior Tracker),Sent
2005-07-01,None,Pablo Group,None,Partial View (Dense Vegetation),High (Senior Tracker),Acknowledged by Base
2005-07-01,None,Hirwa,None,Partial View (Dense Vegetation),High (Senior Tracker),Acknowledged by Base
2005-07-06,None,Amahoro,None,Clear View (Full Group),High (Senior Tracker),Acknowledged by Base
2005-07-09,CASE-2026-1212,Kwitonda,Mild coughing,Clear View (Full Group),Low (Poor Conditions),Sent
2005-07-12,None,Hirwa,None,Clear View (Full Group),High (Senior Tracker),Acknowledged by Base
2005-07-13,None,Susa-A,None,Clear View (Full Group),High (Senior Tracker),Acknowledged by Base
2005-07-13,None,Pablo Group,None,Clear View (Full Group),High (Senior Tracker),Acknowledged by Base
2005-07-14,None,Pablo Group,None,Clear View (Full Group),High (Senior Tracker),Acknowledged by Base
2005-07-18,None,Hirwa,None,Clear View (Full Group),High (Senior Tracker),Acknowledged by Base
2005-07-19,None,Susa-A,None,Partial View (Dense Vegetation),High (Senior Tracker),Acknowledged by Base
2005-07-20,None,Susa-A,None,Partial View (Dense Vegetation),High (Senior Tracker),Acknowledged by Base
2005-07-21,None,Susa-A,None,Clear View (Full Group),High (Senior Tracker),Acknowledged by Base
2005-07-21,None,Pablo Group,None,Partial View (Dense Vegetation),High (Senior Tracker),Acknowledged by Base
2005-07-22,None,Amahoro,None,Partial View (Dense Vegetation),High (Senior Tracker),Acknowledged by Base
2005-07-23,None,Hirwa,None,Clear View (Full Group),High (Senior Tracker),Acknowledged by Base
2005-07-24,CASE-2026-1213,Hirwa,Lethargy,Partial View (Dense Vegetation),Medium,Seen
2005-07-26,CASE-2026-1214,Pablo Group,Mild coughing,Clear View (Full Group),Low (Poor Conditions),Acknowledged by Base
2005-08-01,None,Pablo Group,None,Partial View (Dense Vegetation),High (Senior Tracker),Acknowledged by Base
2005-08-01,None,Kwitonda,None,Clear View (Full Group),High (Senior Tracker),Acknowledged by Base
2005-08-03,CASE-2026-1215,Pablo Group,Mild coughing,Clear View (Full Group),High (Senior Tracker),Acknowledged by Base
2005-08-03,None,Amahoro,None,Partial View (Dense Vegetation),High (Senior Tracker),Acknowledged by Base
2005-08-05,None,Amahoro,None,Partial View (Dense Vegetation),High (Senior Tracker),Acknowledged by Base
2005-08-05,None,Hirwa,None,Clear View (Full Group),High (Senior Tracker),Acknowledged by Base
2005-08-11,None,Susa-A,None,Partial View (Dense Vegetation),High (Senior Tracker),Acknowledged by Base
2005-08-11,None,Amahoro,None,Partial View (Dense Vegetation),High (Senior Tracker),Acknowledged by Base
2005-08-12,None,Susa-A,None,Partial View (Dense Vegetation),High (Senior Tracker),Acknowledged by Base
2005-08-13,None,Pablo Group,None,Partial View (Dense Vegetation),High (Senior Tracker),Acknowledged by Base
2005-08-14,CASE-2026-1216,Susa-A,Sustained nasal discharge,Clear View (Full Group),High (Senior Tracker),Sent
2005-08-14,None,Pablo Group,None,Partial View (Dense Vegetation),High (Senior Tracker),Acknowledged by Base
2005-08-15,None,Pablo Group,None,Partial View (Dense Vegetation),High (Senior Tracker),Acknowledged by Base
2005-08-16,None,Susa-A,None,Clear View (Full Group),High (Senior Tracker),Acknowledged by Base
2005-08-22,None,Pablo Group,None,Partial View (Dense Vegetation),High (Senior Tracker),Acknowledged by Base
2005-08-23,None,Kwitonda,None,Partial View (Dense Vegetation),High (Senior Tracker),Acknowledged by Base
2005-08-24,None,Pablo Group,None,Clear View (Full Group),High (Senior Tracker),Acknowledged by Base
2005-08-26,None,Pablo Group,None,Clear View (Full Group),High (Senior Tracker),Acknowledged by Base
2005-08-28,None,Amahoro,None,Partial View (Dense Vegetation),High (Senior Tracker),Acknowledged by Base
2005-08-29,CASE-2026-1217,Kwitonda,Sustained nasal discharge,Obscured (Heavy Rain),Medium,Acknowledged by Base
2005-08-31,None,Amahoro,None,Partial View (Dense Vegetation),High (Senior Tracker),Acknowledged by Base
2005-09-01,CASE-2026-1218,Kwitonda,Lethargy,Clear View (Full Group),Medium,Sent
2005-09-01,None,Hirwa,None,Partial View (Dense Vegetation),High (Senior Tracker),Acknowledged by Base
2005-09-02,CASE-2026-1219,Amahoro,Mild coughing,Partial View (Dense Vegetation),Low (Poor Conditions),Seen
2005-09-08,None,Kwitonda,None,Partial View (Dense Vegetation),High (Senior Tracker),Acknowledged by Base
2005-09-09,None,Pablo Group,None,Clear View (Full Group),High (Senior Tracker),Acknowledged by Base
2005-09-10,CASE-2026-1220,Susa-A,Lethargy,Partial View (Dense Vegetation),High (Senior Tracker),Sent
2005-09-12,None,Amahoro,None,Partial View (Dense Vegetation),High (Senior Tracker),Acknowledged by Base
2005-09-14,None,Hirwa,None,Clear View (Full Group),High (Senior Tracker),Acknowledged by Base
2005-09-19,None,Hirwa,None,Clear View (Full Group),High (Senior Tracker),Acknowledged by Base
2005-09-20,None,Hirwa,None,Partial View (Dense Vegetation),High (Senior Tracker),Acknowledged by Base
2005-09-22,None,Kwitonda,None,Partial View (Dense Vegetation),High (Senior Tracker),Acknowledged by Base
2005-09-27,None,Susa-A,None,Partial View (Dense Vegetation),High (Senior Tracker),Acknowledged by Base
2005-10-01,None,Kwitonda,None,Clear View (Full Group),High (Senior Tracker),Acknowledged by Base
2005-10-01,None,Hirwa,None,Partial View (Dense Vegetation),High (Senior Tracker),Acknowledged by Base
2005-10-09,None,Amahoro,None,Clear View (Full Group),High (Senior Tracker),Acknowledged by Base
2005-10-09,None,Hirwa,None,Clear View (Full Group),High (Senior Tracker),Acknowledged by Base
2005-10-13,None,Hirwa,None,Partial View (Dense Vegetation),High (Senior Tracker),Acknowledged by Base
2005-10-18,CASE-2026-1221,Amahoro,Mild coughing,Obscured (Heavy Rain),Medium,Sent
2005-10-20,None,Amahoro,None,Partial View (Dense Vegetation),High (Senior Tracker),Acknowledged by Base
2005-10-21,CASE-2026-1222,Hirwa,Lethargy,Obscured (Heavy Rain),High (Senior Tracker),Acknowledged by Base
2005-10-23,None,Pablo Group,None,Clear View (Full Group),High (Senior Tracker),Acknowledged by Base
2005-10-25,None,Kwitonda,None,Partial View (Dense Vegetation),High (Senior Tracker),Acknowledged by Base
2005-10-26,CASE-2026-1223,Hirwa,"Heavy coughing, wheezing",Obscured (Heavy Rain),Low (Poor Conditions),Seen
2005-10-27,None,Pablo Group,None,Clear View (Full Group),High (Senior Tracker),Acknowledged by Base
2005-10-29,None,Pablo Group,None,Clear View (Full Group),High (Senior Tracker),Acknowledged by Base
2005-10-30,None,Pablo Group,None,Partial View (Dense Vegetation),High (Senior Tracker),Acknowledged by Base
2005-11-02,None,Hirwa,None,Clear View (Full Group),High (Senior Tracker),Acknowledged by Base
2005-11-03,None,Kwitonda,None,Clear View (Full Group),High (Senior Tracker),Acknowledged by Base
2005-11-05,None,Susa-A,None,Partial View (Dense Vegetation),High (Senior Tracker),Acknowledged by Base
2005-11-11,CASE-2026-1224,Susa-A,Lethargy,Clear View (Full Group),High (Senior Tracker),Acknowledged by Base
2005-11-13,None,Susa-A,None,Clear View (Full Group),High (Senior Tracker),Acknowledged by Base
2005-11-13,None,Amahoro,None,Partial View (Dense Vegetation),High (Senior Tracker),Acknowledged by Base
2005-11-17,None,Susa-A,None,Clear View (Full Group),High (Senior Tracker),Acknowledged by Base
2005-11-18,CASE-2026-1225,Susa-A,Sustained nasal discharge,Clear View (Full Group),Low (Poor Conditions),Seen
2005-11-18,None,Kwitonda,None,Partial View (Dense Vegetation),High (Senior Tracker),Acknowledged by Base
2005-11-19,None,Pablo Group,None,Clear View (Full Group),High (Senior Tracker),Acknowledged by Base
2005-11-20,None,Susa-A,None,Partial View (Dense Vegetation),High (Senior Tracker),Acknowledged by Base
2005-11-21,None,Pablo Group,None,Partial View (Dense Vegetation),High (Senior Tracker),Acknowledged by Base
2005-11-22,None,Amahoro,None,Clear View (Full Group),High (Senior Tracker),Acknowledged by Base
2005-11-27,None,Kwitonda,None,Clear View (Full Group),High (Senior Tracker),Acknowledged by Base
2005-11-28,None,Susa-A,None,Clear View (Full Group),High (Senior Tracker),Acknowledged by Base
2005-11-29,None,Hirwa,None,Partial View (Dense Vegetation),High (Senior Tracker),Acknowledged by Base
2005-11-30,None,Amahoro,None,Clear View (Full Group),High (Senior Tracker),Acknowledged by Base
2005-12-01,CASE-2026-1226,Hirwa,Sustained nasal discharge,Partial View (Dense Vegetation),Low (Poor Conditions),Seen
2005-12-05,None,Kwitonda,None,Partial View (Dense Vegetation),High (Senior Tracker),Acknowledged by Base
2005-12-06,None,Hirwa,None,Partial View (Dense Vegetation),High (Senior Tracker),Acknowledged by Base
2005-12-07,None,Kwitonda,None,Clear View (Full Group),High (Senior Tracker),Acknowledged by Base
2005-12-09,None,Amahoro,None,Clear View (Full Group),High (Senior Tracker),Acknowledged by Base
2005-12-10,None,Pablo Group,None,Clear View (Full Group),High (Senior Tracker),Acknowledged by Base
2005-12-13,None,Susa-A,None,Clear View (Full Group),High (Senior Tracker),Acknowledged by Base
2005-12-15,None,Susa-A,None,Clear View (Full Group),High (Senior Tracker),Acknowledged by Base
2005-12-15,CASE-2026-1227,Pablo Group,Sustained nasal discharge,Clear View (Full Group),Medium,Acknowledged by Base
2005-12-23,None,Kwitonda,None,Clear View (Full Group),High (Senior Tracker),Acknowledged by Base
2005-12-24,None,Pablo Group,None,Partial View (Dense Vegetation),High (Senior Tracker),Acknowledged by Base
2005-12-26,None,Hirwa,None,Partial View (Dense Vegetation),High (Senior Tracker),Acknowledged by Base
2005-12-27,CASE-2026-1228,Hirwa,Mild coughing,Clear View (Full Group),High (Senior Tracker),Sent
2005-12-28,None,Susa-A,None,Partial View (Dense Vegetation),High (Senior Tracker),Acknowledged by Base
2005-12-28,None,Amahoro,None,Clear View (Full Group),High (Senior Tracker),Acknowledged by Base
2005-12-28,None,Kwitonda,None,Clear View (Full Group),High (Senior Tracker),Acknowledged by Base
2005-12-31,None,Pablo Group,None,Partial View (Dense Vegetation),High (Senior Tracker),Acknowledged by Base
2005-12-31,CASE-2026-1229,Amahoro,Lethargy,Clear View (Full Group),High (Senior Tracker),Acknowledged by Base
2006-01-01,None,Susa-A,None,Clear View (Full Group),High (Senior Tracker),Acknowledged by Base
2006-01-01,None,Kwitonda,None,Partial View (Dense Vegetation),High (Senior Tracker),Acknowledged by Base
2006-01-02,CASE-2026-1230,Susa-A,Sustained nasal discharge,Partial View (Dense Vegetation),High (Senior Tracker),Acknowledged by Base
2006-01-05,None,Pablo Group,None,Partial View (Dense Vegetation),High (Senior Tracker),Acknowledged by Base
2006-01-05,None,Amahoro,None,Partial View (Dense Vegetation),High (Senior Tracker),Acknowledged by Base
2006-01-11,None,Amahoro,None,Clear View (Full Group),High (Senior Tracker),Acknowledged by Base
2006-01-12,None,Kwitonda,None,Clear View (Full Group),High (Senior Tracker),Acknowledged by Base
2006-01-14,None,Amahoro,None,Clear View (Full Group),High (Senior Tracker),Acknowledged by Base
2006-01-16,None,Hirwa,None,Partial View (Dense Vegetation),High (Senior Tracker),Acknowledged by Base
2006-01-17,None,Kwitonda,None,Clear View (Full Group),High (Senior Tracker),Acknowledged by Base
2006-01-21,None,Hirwa,None,Partial View (Dense Vegetation),High (Senior Tracker),Acknowledged by Base
2006-01-22,CASE-2026-1231,Pablo Group,Mild coughing,Clear View (Full Group),High (Senior Tracker),Sent
2006-01-24,None,Susa-A,None,Clear View (Full Group),High (Senior Tracker),Acknowledged by Base
2006-01-27,CASE-2026-1232,Hirwa,Mild coughing,Obscured (Heavy Rain),Low (Poor Conditions),Acknowledged by Base
2006-01-28,None,Hirwa,None,Clear View (Full Group),High (Senior Tracker),Acknowledged by Base
2006-01-29,None,Amahoro,None,Clear View (Full Group),High (Senior Tracker),Acknowledged by Base
2006-02-01,None,Pablo Group,None,Partial View (Dense Vegetation),High (Senior Tracker),Acknowledged by Base
2006-02-02,None,Hirwa,None,Clear View (Full Group),High (Senior Tracker),Acknowledged by Base
2006-02-04,None,Kwitonda,None,Partial View (Dense Vegetation),High (Senior Tracker),Acknowledged by Base
2006-02-05,None,Kwitonda,None,Partial View (Dense Vegetation),High (Senior Tracker),Acknowledged by Base
2006-02-06,None,Hirwa,None,Clear View (Full Group),High (Senior Tracker),Acknowledged by Base
2006-02-07,None,Susa-A,None,Partial View (Dense Vegetation),High (Senior Tracker),Acknowledged by Base
2006-02-07,None,Pablo Group,None,Clear View (Full Group),High (Senior Tracker),Acknowledged by Base
2006-02-08,None,Amahoro,None,Partial View (Dense Vegetation),High (Senior Tracker),Acknowledged by Base
2006-02-15,None,Kwitonda,None,Clear View (Full Group),High (Senior Tracker),Acknowledged by Base
2006-02-18,None,Hirwa,None,Clear View (Full Group),High (Senior Tracker),Acknowledged by Base
2006-02-21,None,Amahoro,None,Clear View (Full Group),High (Senior Tracker),Acknowledged by Base
2006-02-24,None,Amahoro,None,Partial View (Dense Vegetation),High (Senior Tracker),Acknowledged by Base
2006-02-25,CASE-2026-1233,Hirwa,Sustained nasal discharge,Partial View (Dense Vegetation),Medium,Sent
2006-02-26,None,Susa-A,None,Partial View (Dense Vegetation),High (Senior Tracker),Acknowledged by Base
2006-03-04,None,Pablo Group,None,Clear View (Full Group),High (Senior Tracker),Acknowledged by Base
2006-03-06,None,Amahoro,None,Clear View (Full Group),High (Senior Tracker),Acknowledged by Base
2006-03-09,None,Susa-A,None,Clear View (Full Group),High (Senior Tracker),Acknowledged by Base
2006-03-14,None,Hirwa,None,Partial View (Dense Vegetation),High (Senior Tracker),Acknowledged by Base
2006-03-16,None,Susa-A,None,Clear View (Full Group),High (Senior Tracker),Acknowledged by Base
2006-03-17,None,Kwitonda,None,Clear View (Full Group),High (Senior Tracker),Acknowledged by Base
2006-03-19,None,Susa-A,None,Clear View (Full Group),High (Senior Tracker),Acknowledged by Base
2006-03-21,None,Hirwa,None,Clear View (Full Group),High (Senior Tracker),Acknowledged by Base
2006-03-22,None,Amahoro,None,Clear View (Full Group),High (Senior Tracker),Acknowledged by Base
2006-03-24,None,Pablo Group,None,Clear View (Full Group),High (Senior Tracker),Acknowledged by Base
2006-03-24,None,Amahoro,None,Clear View (Full Group),High (Senior Tracker),Acknowledged by Base
2006-03-25,None,Kwitonda,None,Clear View (Full Group),High (Senior Tracker),Acknowledged by Base
2006-03-26,CASE-2026-1234,Pablo Group,Mild coughing,Partial View (Dense Vegetation),Low (Poor Conditions),Seen
2006-03-29,CASE-2026-1235,Amahoro,Mild coughing,Clear View (Full Group),Medium,Sent
2006-03-31,None,Kwitonda,None,Clear View (Full Group),High (Senior Tracker),Acknowledged by Base
2006-04-01,CASE-2026-1236,Susa-A,Sustained nasal discharge,Clear View (Full Group),High (Senior Tracker),Seen
2006-04-02,None,Hirwa,None,Clear View (Full Group),High (Senior Tracker),Acknowledged by Base
2006-04-03,None,Hirwa,None,Clear View (Full Group),High (Senior Tracker),Acknowledged by Base
2006-04-04,None,Kwitonda,None,Clear View (Full Group),High (Senior Tracker),Acknowledged by Base
2006-04-06,CASE-2026-1237,Pablo Group,Mild coughing,Partial View (Dense Vegetation),High (Senior Tracker),Acknowledged by Base
2006-04-07,None,Pablo Group,None,Clear View (Full Group),High (Senior Tracker),Acknowledged by Base
2006-04-08,CASE-2026-1238,Susa-A,Lethargy,Partial View (Dense Vegetation),Medium,Acknowledged by Base
2006-04-09,CASE-2026-1239,Kwitonda,Sustained nasal discharge,Partial View (Dense Vegetation),High (Senior Tracker),Seen
2006-04-11,None,Susa-A,None,Partial View (Dense Vegetation),High (Senior Tracker),Acknowledged by Base
2006-04-11,CASE-2026-1240,Pablo Group,Sustained nasal discharge,Obscured (Heavy Rain),High (Senior Tracker),Seen
2006-04-11,None,Amahoro,None,Clear View (Full Group),High (Senior Tracker),Acknowledged by Base
2006-04-12,None,Hirwa,None,Partial View (Dense Vegetation),High (Senior Tracker),Acknowledged by Base
2006-04-14,None,Kwitonda,None,Clear View (Full Group),High (Senior Tracker),Acknowledged by Base
2006-04-16,None,Kwitonda,None,Clear View (Full Group),High (Senior Tracker),Acknowledged by Base
2006-04-19,CASE-2026-1241,Pablo Group,Mild coughing,Clear View (Full Group),High (Senior Tracker),Sent
2006-04-20,None,Kwitonda,None,Clear View (Full Group),High (Senior Tracker),Acknowledged by Base
2006-04-25,CASE-2026-1242,Hirwa,Lethargy,Clear View (Full Group),High (Senior Tracker),Seen
2006-04-27,CASE-2026-1243,Hirwa,Sustained nasal discharge,Clear View (Full Group),High (Senior Tracker),Acknowledged by Base
2006-04-29,None,Kwitonda,None,Clear View (Full Group),High (Senior Tracker),Acknowledged by Base
2006-04-29,None,Hirwa,None,Partial View (Dense Vegetation),High (Senior Tracker),Acknowledged by Base
2006-04-30,None,Kwitonda,None,Partial View (Dense Vegetation),High (Senior Tracker),Acknowledged by Base
2006-05-03,None,Kwitonda,None,Clear View (Full Group),High (Senior Tracker),Acknowledged by Base
2006-05-05,None,Amahoro,None,Clear View (Full Group),High (Senior Tracker),Acknowledged by Base
2006-05-06,None,Amahoro,None,Clear View (Full Group),High (Senior Tracker),Acknowledged by Base
2006-05-08,None,Hirwa,None,Partial View (Dense Vegetation),High (Senior Tracker),Acknowledged by Base
2006-05-10,None,Kwitonda,None,Clear View (Full Group),High (Senior Tracker),Acknowledged by Base
2006-05-11,None,Pablo Group,None,Partial View (Dense Vegetation),High (Senior Tracker),Acknowledged by Base
2006-05-12,None,Pablo Group,None,Partial View (Dense Vegetation),High (Senior Tracker),Acknowledged by Base
2006-05-12,None,Kwitonda,None,Partial View (Dense Vegetation),High (Senior Tracker),Acknowledged by Base
2006-05-15,CASE-2026-1244,Hirwa,Mild coughing,Clear View (Full Group),High (Senior Tracker),Seen
2006-05-19,None,Susa-A,None,Partial View (Dense Vegetation),High (Senior Tracker),Acknowledged by Base
2006-05-22,None,Hirwa,None,Clear View (Full Group),High (Senior Tracker),Acknowledged by Base
2006-05-23,None,Pablo Group,None,Clear View (Full Group),High (Senior Tracker),Acknowledged by Base
2006-05-25,None,Susa-A,None,Clear View (Full Group),High (Senior Tracker),Acknowledged by Base
2006-05-27,None,Hirwa,None,Clear View (Full Group),High (Senior Tracker),Acknowledged by Base
2006-05-29,None,Amahoro,None,Clear View (Full Group),High (Senior Tracker),Acknowledged by Base
2006-05-30,None,Susa-A,None,Clear View (Full Group),High (Senior Tracker),Acknowledged by Base
2006-06-04,None,Susa-A,None,Partial View (Dense Vegetation),High (Senior Tracker),Acknowledged by Base
2006-06-06,None,Amahoro,None,Partial View (Dense Vegetation),High (Senior Tracker),Acknowledged by Base
2006-06-06,CASE-2026-1245,Kwitonda,Lethargy,Clear View (Full Group),High (Senior Tracker),Sent
2006-06-09,None,Pablo Group,None,Clear View (Full Group),High (Senior Tracker),Acknowledged by Base
2006-06-10,None,Susa-A,None,Clear View (Full Group),High (Senior Tracker),Acknowledged by Base
2006-06-11,None,Kwitonda,None,Clear View (Full Group),High (Senior Tracker),Acknowledged by Base
2006-06-16,None,Hirwa,None,Clear View (Full Group),High (Senior Tracker),Acknowledged by Base
2006-06-17,None,Amahoro,None,Partial View (Dense Vegetation),High (Senior Tracker),Acknowledged by Base
2006-06-20,CASE-2026-1246,Susa-A,Mild coughing,Partial View (Dense Vegetation),High (Senior Tracker),Seen
2006-06-22,None,Susa-A,None,Clear View (Full Group),High (Senior Tracker),Acknowledged by Base
2006-06-22,None,Amahoro,None,Clear View (Full Group),High (Senior Tracker),Acknowledged by Base
2006-06-22,CASE-2026-1247,Hirwa,"Heavy coughing, wheezing",Partial View (Dense Vegetation),Medium,Seen
2006-06-23,None,Susa-A,None,Clear View (Full Group),High (Senior Tracker),Acknowledged by Base
2006-06-23,None,Kwitonda,None,Partial View (Dense Vegetation),High (Senior Tracker),Acknowledged by Base
2006-06-23,CASE-2026-1248,Hirwa,Mild coughing,Partial View (Dense Vegetation),High (Senior Tracker),Acknowledged by Base
2006-06-25,None,Hirwa,None,Partial View (Dense Vegetation),High (Senior Tracker),Acknowledged by Base
2006-06-26,CASE-2026-1249,Susa-A,Mild coughing,Partial View (Dense Vegetation),High (Senior Tracker),Acknowledged by Base
2006-06-27,None,Susa-A,None,Clear View (Full Group),High (Senior Tracker),Acknowledged by Base
2006-06-28,CASE-2026-1250,Kwitonda,Sustained nasal discharge,Partial View (Dense Vegetation),Medium,Seen
2006-06-28,None,Hirwa,None,Partial View (Dense Vegetation),High (Senior Tracker),Acknowledged by Base
2006-06-29,None,Amahoro,None,Clear View (Full Group),High (Senior Tracker),Acknowledged by Base
2006-06-29,None,Hirwa,None,Clear View (Full Group),High (Senior Tracker),Acknowledged by Base
2006-07-03,None,Kwitonda,None,Partial View (Dense Vegetation),High (Senior Tracker),Acknowledged by Base
2006-07-04,None,Susa-A,None,Clear View (Full Group),High (Senior Tracker),Acknowledged by Base
2006-07-05,None,Pablo Group,None,Partial View (Dense Vegetation),High (Senior Tracker),Acknowledged by Base
2006-07-06,None,Hirwa,None,Partial View (Dense Vegetation),High (Senior Tracker),Acknowledged by Base
2006-07-07,None,Amahoro,None,Clear View (Full Group),High (Senior Tracker),Acknowledged by Base
2006-07-08,None,Amahoro,None,Partial View (Dense Vegetation),High (Senior Tracker),Acknowledged by Base
2006-07-09,None,Pablo Group,None,Partial View (Dense Vegetation),High (Senior Tracker),Acknowledged by Base
2006-07-12,None,Kwitonda,None,Clear View (Full Group),High (Senior Tracker),Acknowledged by Base
2006-07-16,None,Susa-A,None,Partial View (Dense Vegetation),High (Senior Tracker),Acknowledged by Base
2006-07-16,None,Kwitonda,None,Clear View (Full Group),High (Senior Tracker),Acknowledged by Base
2006-07-17,None,Amahoro,None,Partial View (Dense Vegetation),High (Senior Tracker),Acknowledged by Base
2006-07-19,None,Susa-A,None,Clear View (Full Group),High (Senior Tracker),Acknowledged by Base
2006-07-22,None,Amahoro,None,Clear View (Full Group),High (Senior Tracker),Acknowledged by Base
2006-07-22,CASE-2026-1251,Kwitonda,Mild coughing,Clear View (Full Group),Medium,Acknowledged by Base
2006-07-25,None,Kwitonda,None,Partial View (Dense Vegetation),High (Senior Tracker),Acknowledged by Base
2006-07-28,None,Pablo Group,None,Clear View (Full Group),High (Senior Tracker),Acknowledged by Base
2006-07-30,None,Pablo Group,None,Partial View (Dense Vegetation),High (Senior Tracker),Acknowledged by Base
2006-07-30,None,Kwitonda,None,Partial View (Dense Vegetation),High (Senior Tracker),Acknowledged by Base
2006-07-31,None,Hirwa,None,Clear View (Full Group),High (Senior Tracker),Acknowledged by Base
2006-08-03,None,Pablo Group,None,Partial View (Dense Vegetation),High (Senior Tracker),Acknowledged by Base
2006-08-05,None,Kwitonda,None,Partial View (Dense Vegetation),High (Senior Tracker),Acknowledged by Base
2006-08-07,None,Hirwa,None,Partial View (Dense Vegetation),High (Senior Tracker),Acknowledged by Base
2006-08-08,None,Amahoro,None,Clear View (Full Group),High (Senior Tracker),Acknowledged by Base
2006-08-12,None,Kwitonda,None,Partial View (Dense Vegetation),High (Senior Tracker),Acknowledged by Base
2006-08-13,None,Amahoro,None,Clear View (Full Group),High (Senior Tracker),Acknowledged by Base
2006-08-15,None,Susa-A,None,Partial View (Dense Vegetation),High (Senior Tracker),Acknowledged by Base
2006-08-19,None,Kwitonda,None,Partial View (Dense Vegetation),High (Senior Tracker),Acknowledged by Base
2006-08-20,None,Hirwa,None,Partial View (Dense Vegetation),High (Senior Tracker),Acknowledged by Base
2006-08-21,None,Susa-A,None,Partial View (Dense Vegetation),High (Senior Tracker),Acknowledged by Base
2006-08-27,None,Amahoro,None,Partial View (Dense Vegetation),High (Senior Tracker),Acknowledged by Base
2006-08-28,CASE-2026-1252,Kwitonda,Mild coughing,Partial View (Dense Vegetation),High (Senior Tracker),Seen
2006-08-29,None,Kwitonda,None,Clear View (Full Group),High (Senior Tracker),Acknowledged by Base
2006-08-30,None,Susa-A,None,Clear View (Full Group),High (Senior Tracker),Acknowledged by Base
2006-08-31,CASE-2026-1253,Susa-A,Mild coughing,Partial View (Dense Vegetation),High (Senior Tracker),Acknowledged by Base
2006-09-01,None,Amahoro,None,Partial View (Dense Vegetation),High (Senior Tracker),Acknowledged by Base
2006-09-05,None,Amahoro,None,Partial View (Dense Vegetation),High (Senior Tracker),Acknowledged by Base
2006-09-06,None,Kwitonda,None,Partial View (Dense Vegetation),High (Senior Tracker),Acknowledged by Base
2006-09-07,None,Susa-A,None,Clear View (Full Group),High (Senior Tracker),Acknowledged by Base
2006-09-07,None,Pablo Group,None,Clear View (Full Group),High (Senior Tracker),Acknowledged by Base
2006-09-08,None,Pablo Group,None,Clear View (Full Group),High (Senior Tracker),Acknowledged by Base
2006-09-10,None,Pablo Group,None,Partial View (Dense Vegetation),High (Senior Tracker),Acknowledged by Base
2006-09-12,None,Pablo Group,None,Partial View (Dense Vegetation),High (Senior Tracker),Acknowledged by Base
2006-09-12,None,Hirwa,None,Partial View (Dense Vegetation),High (Senior Tracker),Acknowledged by Base
2006-09-13,None,Amahoro,None,Partial View (Dense Vegetation),High (Senior Tracker),Acknowledged by Base
2006-09-14,None,Pablo Group,None,Clear View (Full Group),High (Senior Tracker),Acknowledged by Base
2006-09-14,None,Amahoro,None,Partial View (Dense Vegetation),High (Senior Tracker),Acknowledged by Base
2006-09-16,None,Kwitonda,None,Clear View (Full Group),High (Senior Tracker),Acknowledged by Base
2006-09-20,None,Susa-A,None,Partial View (Dense Vegetation),High (Senior Tracker),Acknowledged by Base
2006-09-21,None,Susa-A,None,Partial View (Dense Vegetation),High (Senior Tracker),Acknowledged by Base
2006-09-23,CASE-2026-1254,Hirwa,Lethargy,Clear View (Full Group),High (Senior Tracker),Sent
2006-09-24,CASE-2026-1255,Kwitonda,"Heavy coughing, wheezing",Obscured (Heavy Rain),High (Senior Tracker),Seen
2006-09-25,None,Amahoro,None,Partial View (Dense Vegetation),High (Senior Tracker),Acknowledged by Base
2006-09-28,None,Kwitonda,None,Clear View (Full Group),High (Senior Tracker),Acknowledged by Base
2006-10-01,None,Hirwa,None,Clear View (Full Group),High (Senior Tracker),Acknowledged by Base
2006-10-03,CASE-2026-1256,Hirwa,Sustained nasal discharge,Obscured (Heavy Rain),Low (Poor Conditions),Sent
2006-10-04,None,Susa-A,None,Clear View (Full Group),High (Senior Tracker),Acknowledged by Base
2006-10-06,None,Susa-A,None,Partial View (Dense Vegetation),High (Senior Tracker),Acknowledged by Base
2006-10-06,None,Hirwa,None,Clear View (Full Group),High (Senior Tracker),Acknowledged by Base
2006-10-07,CASE-2026-1257,Pablo Group,Sustained nasal discharge,Clear View (Full Group),High (Senior Tracker),Seen
2006-10-09,None,Amahoro,None,Partial View (Dense Vegetation),High (Senior Tracker),Acknowledged by Base
2006-10-11,None,Pablo Group,None,Partial View (Dense Vegetation),High (Senior Tracker),Acknowledged by Base
2006-10-12,None,Pablo Group,None,Partial View (Dense Vegetation),High (Senior Tracker),Acknowledged by Base
2006-10-13,None,Hirwa,None,Clear View (Full Group),High (Senior Tracker),Acknowledged by Base
2006-10-14,None,Kwitonda,None,Partial View (Dense Vegetation),High (Senior Tracker),Acknowledged by Base
2006-10-16,None,Kwitonda,None,Clear View (Full Group),High (Senior Tracker),Acknowledged by Base
2006-10-17,None,Amahoro,None,Clear View (Full Group),High (Senior Tracker),Acknowledged by Base
2006-10-18,None,Amahoro,None,Clear View (Full Group),High (Senior Tracker),Acknowledged by Base
2006-10-20,None,Kwitonda,None,Partial View (Dense Vegetation),High (Senior Tracker),Acknowledged by Base
2006-10-22,None,Hirwa,None,Partial View (Dense Vegetation),High (Senior Tracker),Acknowledged by Base
2006-10-23,None,Kwitonda,None,Clear View (Full Group),High (Senior Tracker),Acknowledged by Base
2006-10-24,None,Susa-A,None,Clear View (Full Group),High (Senior Tracker),Acknowledged by Base
2006-10-25,None,Kwitonda,None,Clear View (Full Group),High (Senior Tracker),Acknowledged by Base
2006-10-27,CASE-2026-1258,Susa-A,Sustained nasal discharge,Clear View (Full Group),High (Senior Tracker),Seen
2006-10-27,None,Hirwa,None,Partial View (Dense Vegetation),High (Senior Tracker),Acknowledged by Base
2006-10-28,None,Hirwa,None,Partial View (Dense Vegetation),High (Senior Tracker),Acknowledged by Base
2006-10-29,None,Susa-A,None,Partial View (Dense Vegetation),High (Senior Tracker),Acknowledged by Base
2006-10-30,None,Susa-A,None,Partial View (Dense Vegetation),High (Senior Tracker),Acknowledged by Base
2006-11-01,None,Pablo Group,None,Partial View (Dense Vegetation),High (Senior Tracker),Acknowledged by Base
2006-11-03,None,Pablo Group,None,Clear View (Full Group),High (Senior Tracker),Acknowledged by Base
2006-11-04,None,Pablo Group,None,Partial View (Dense Vegetation),High (Senior Tracker),Acknowledged by Base
2006-11-07,None,Hirwa,None,Partial View (Dense Vegetation),High (Senior Tracker),Acknowledged by Base
2006-11-08,None,Hirwa,None,Partial View (Dense Vegetation),High (Senior Tracker),Acknowledged by Base
2006-11-13,None,Susa-A,None,Clear View (Full Group),High (Senior Tracker),Acknowledged by Base
2006-11-15,None,Amahoro,None,Clear View (Full Group),High (Senior Tracker),Acknowledged by Base
2006-11-17,None,Amahoro,None,Clear View (Full Group),High (Senior Tracker),Acknowledged by Base
2006-11-17,None,Hirwa,None,Partial View (Dense Vegetation),High (Senior Tracker),Acknowledged by Base
2006-11-22,None,Amahoro,None,Partial View (Dense Vegetation),High (Senior Tracker),Acknowledged by Base
2006-11-22,None,Hirwa,None,Partial View (Dense Vegetation),High (Senior Tracker),Acknowledged by Base
2006-11-28,None,Kwitonda,None,Clear View (Full Group),High (Senior Tracker),Acknowledged by Base
2006-11-28,None,Hirwa,None,Partial View (Dense Vegetation),High (Senior Tracker),Acknowledged by Base
2006-11-30,None,Kwitonda,None,Clear View (Full Group),High (Senior Tracker),Acknowledged by Base
2006-12-02,None,Hirwa,None,Clear View (Full Group),High (Senior Tracker),Acknowledged by Base
2006-12-03,CASE-2026-1259,Pablo Group,Mild coughing,Clear View (Full Group),High (Senior Tracker),Acknowledged by Base
2006-12-04,None,Pablo Group,None,Clear View (Full Group),High (Senior Tracker),Acknowledged by Base
2006-12-05,None,Pablo Group,None,Partial View (Dense Vegetation),High (Senior Tracker),Acknowledged by Base
2006-12-05,None,Hirwa,None,Partial View (Dense Vegetation),High (Senior Tracker),Acknowledged by Base
2006-12-08,None,Pablo Group,None,Clear View (Full Group),High (Senior Tracker),Acknowledged by Base
2006-12-10,CASE-2026-1260,Susa-A,Mild coughing,Obscured (Heavy Rain),Medium,Acknowledged by Base
2006-12-11,None,Amahoro,None,Clear View (Full Group),High (Senior Tracker),Acknowledged by Base
2006-12-12,None,Pablo Group,None,Partial View (Dense Vegetation),High (Senior Tracker),Acknowledged by Base
2006-12-12,CASE-2026-1261,Hirwa,Mild coughing,Obscured (Heavy Rain),Medium,Seen
2006-12-16,None,Amahoro,None,Clear View (Full Group),High (Senior Tracker),Acknowledged by Base
2006-12-17,None,Hirwa,None,Clear View (Full Group),High (Senior Tracker),Acknowledged by Base
2006-12-21,None,Amahoro,None,Partial View (Dense Vegetation),High (Senior Tracker),Acknowledged by Base
2006-12-22,CASE-2026-1262,Kwitonda,Sustained nasal discharge,Obscured (Heavy Rain),High (Senior Tracker),Acknowledged by Base
2006-12-23,None,Pablo Group,None,Clear View (Full Group),High (Senior Tracker),Acknowledged by Base
2006-12-24,None,Kwitonda,None,Clear View (Full Group),High (Senior Tracker),Acknowledged by Base
2006-12-28,CASE-2026-1263,Pablo Group,Lethargy,Obscured (Heavy Rain),Medium,Sent
2006-12-29,None,Hirwa,None,Partial View (Dense Vegetation),High (Senior Tracker),Acknowledged by Base
2006-12-31,None,Susa-A,None,Clear View (Full Group),High (Senior Tracker),Acknowledged by Base
2007-01-03,None,Susa-A,None,Clear View (Full Group),High (Senior Tracker),Acknowledged by Base
2007-01-03,None,Hirwa,None,Clear View (Full Group),High (Senior Tracker),Acknowledged by Base
2007-01-06,None,Pablo Group,None,Clear View (Full Group),High (Senior Tracker),Acknowledged by Base
2007-01-09,None,Susa-A,None,Partial View (Dense Vegetation),High (Senior Tracker),Acknowledged by Base
2007-01-09,CASE-2026-1264,Pablo Group,Mild coughing,Partial View (Dense Vegetation),Low (Poor Conditions),Acknowledged by Base
2007-01-12,None,Amahoro,None,Partial View (Dense Vegetation),High (Senior Tracker),Acknowledged by Base
2007-01-14,None,Hirwa,None,Clear View (Full Group),High (Senior Tracker),Acknowledged by Base
2007-01-15,None,Susa-A,None,Clear View (Full Group),High (Senior Tracker),Acknowledged by Base
2007-01-17,CASE-2026-1265,Susa-A,Lethargy,Obscured (Heavy Rain),High (Senior Tracker),Acknowledged by Base
2007-01-18,None,Susa-A,None,Clear View (Full Group),High (Senior Tracker),Acknowledged by Base
2007-01-18,None,Hirwa,None,Clear View (Full Group),High (Senior Tracker),Acknowledged by Base
2007-01-24,None,Kwitonda,None,Clear View (Full Group),High (Senior Tracker),Acknowledged by Base
2007-01-25,None,Susa-A,None,Partial View (Dense Vegetation),High (Senior Tracker),Acknowledged by Base
2007-01-27,None,Pablo Group,None,Clear View (Full Group),High (Senior Tracker),Acknowledged by Base
2007-01-27,CASE-2026-1266,Amahoro,Mild coughing,Partial View (Dense Vegetation),High (Senior Tracker),Acknowledged by Base
2007-01-29,None,Pablo Group,None,Partial View (Dense Vegetation),High (Senior Tracker),Acknowledged by Base
2007-02-01,None,Susa-A,None,Clear View (Full Group),High (Senior Tracker),Acknowledged by Base
2007-02-01,None,Pablo Group,None,Partial View (Dense Vegetation),High (Senior Tracker),Acknowledged by Base
2007-02-02,None,Pablo Group,None,Partial View (Dense Vegetation),High (Senior Tracker),Acknowledged by Base
2007-02-03,None,Kwitonda,None,Clear View (Full Group),High (Senior Tracker),Acknowledged by Base
2007-02-06,CASE-2026-1267,Amahoro,Mild coughing,Clear View (Full Group),Medium,Seen
2007-02-09,None,Susa-A,None,Clear View (Full Group),High (Senior Tracker),Acknowledged by Base
2007-02-16,None,Pablo Group,None,Clear View (Full Group),High (Senior Tracker),Acknowledged by Base
2007-02-17,CASE-2026-1268,Pablo Group,Lethargy,Clear View (Full Group),High (Senior Tracker),Acknowledged by Base
2007-02-18,None,Susa-A,None,Partial View (Dense Vegetation),High (Senior Tracker),Acknowledged by Base
2007-02-20,None,Kwitonda,None,Partial View (Dense Vegetation),High (Senior Tracker),Acknowledged by Base
2007-02-22,CASE-2026-1269,Susa-A,Mild coughing,Clear View (Full Group),High (Senior Tracker),Sent
2007-02-22,None,Pablo Group,None,Clear View (Full Group),High (Senior Tracker),Acknowledged by Base
2007-02-24,None,Pablo Group,None,Clear View (Full Group),High (Senior Tracker),Acknowledged by Base
2007-02-24,None,Amahoro,None,Clear View (Full Group),High (Senior Tracker),Acknowledged by Base
2007-02-24,None,Hirwa,None,Partial View (Dense Vegetation),High (Senior Tracker),Acknowledged by Base
2007-02-25,None,Susa-A,None,Partial View (Dense Vegetation),High (Senior Tracker),Acknowledged by Base
2007-02-27,None,Susa-A,None,Clear View (Full Group),High (Senior Tracker),Acknowledged by Base
2007-03-02,None,Susa-A,None,Partial View (Dense Vegetation),High (Senior Tracker),Acknowledged by Base
2007-03-03,None,Hirwa,None,Clear View (Full Group),High (Senior Tracker),Acknowledged by Base
2007-03-04,None,Hirwa,None,Partial View (Dense Vegetation),High (Senior Tracker),Acknowledged by Base
2007-03-06,CASE-2026-1270,Amahoro,Lethargy,Partial View (Dense Vegetation),High (Senior Tracker),Seen
2007-03-08,None,Pablo Group,None,Clear View (Full Group),High (Senior Tracker),Acknowledged by Base
2007-03-12,None,Kwitonda,None,Partial View (Dense Vegetation),High (Senior Tracker),Acknowledged by Base
2007-03-13,None,Amahoro,None,Partial View (Dense Vegetation),High (Senior Tracker),Acknowledged by Base
2007-03-14,None,Kwitonda,None,Partial View (Dense Vegetation),High (Senior Tracker),Acknowledged by Base
2007-03-15,None,Amahoro,None,Clear View (Full Group),High (Senior Tracker),Acknowledged by Base
2007-03-16,None,Kwitonda,None,Partial View (Dense Vegetation),High (Senior Tracker),Acknowledged by Base
2007-03-17,None,Kwitonda,None,Clear View (Full Group),High (Senior Tracker),Acknowledged by Base
2007-03-22,None,Susa-A,None,Clear View (Full Group),High (Senior Tracker),Acknowledged by Base
2007-03-23,None,Pablo Group,None,Clear View (Full Group),High (Senior Tracker),Acknowledged by Base
2007-03-23,CASE-2026-1271,Amahoro,Sustained nasal discharge,Clear View (Full Group),High (Senior Tracker),Sent
2007-03-24,None,Pablo Group,None,Partial View (Dense Vegetation),High (Senior Tracker),Acknowledged by Base
2007-03-27,None,Kwitonda,None,Clear View (Full Group),High (Senior Tracker),Acknowledged by Base
2007-03-28,None,Pablo Group,None,Partial View (Dense Vegetation),High (Senior Tracker),Acknowledged by Base
2007-03-31,None,Kwitonda,None,Clear View (Full Group),High (Senior Tracker),Acknowledged by Base
2007-03-31,None,Hirwa,None,Partial View (Dense Vegetation),High (Senior Tracker),Acknowledged by Base
2007-04-06,None,Kwitonda,None,Clear View (Full Group),High (Senior Tracker),Acknowledged by Base
2007-04-09,None,Hirwa,None,Partial View (Dense Vegetation),High (Senior Tracker),Acknowledged by Base
2007-04-18,None,Kwitonda,None,Clear View (Full Group),High (Senior Tracker),Acknowledged by Base
2007-04-19,CASE-2026-1272,Amahoro,Sustained nasal discharge,Clear View (Full Group),Medium,Seen
2007-04-21,None,Pablo Group,None,Partial View (Dense Vegetation),High (Senior Tracker),Acknowledged by Base
2007-04-22,None,Pablo Group,None,Partial View (Dense Vegetation),High (Senior Tracker),Acknowledged by Base
2007-04-25,None,Kwitonda,None,Clear View (Full Group),High (Senior Tracker),Acknowledged by Base
2007-04-28,None,Pablo Group,None,Partial View (Dense Vegetation),High (Senior Tracker),Acknowledged by Base
2007-04-28,None,Hirwa,None,Clear View (Full Group),High (Senior Tracker),Acknowledged by Base
2007-04-29,None,Amahoro,None,Partial View (Dense Vegetation),High (Senior Tracker),Acknowledged by Base
2007-04-29,None,Hirwa,None,Clear View (Full Group),High (Senior Tracker),Acknowledged by Base
2007-04-30,None,Pablo Group,None,Clear View (Full Group),High (Senior Tracker),Acknowledged by Base
2007-05-01,CASE-2026-1273,Kwitonda,Sustained nasal discharge,Obscured (Heavy Rain),High (Senior Tracker),Seen
2007-05-02,None,Susa-A,None,Clear View (Full Group),High (Senior Tracker),Acknowledged by Base
2007-05-02,CASE-2026-1274,Pablo Group,Mild coughing,Partial View (Dense Vegetation),Low (Poor Conditions),Sent
2007-05-02,CASE-2026-1275,Hirwa,Mild coughing,Obscured (Heavy Rain),Low (Poor Conditions),Seen
2007-05-04,None,Pablo Group,None,Clear View (Full Group),High (Senior Tracker),Acknowledged by Base
2007-05-04,CASE-2026-1276,Hirwa,Sustained nasal discharge,Clear View (Full Group),Low (Poor Conditions),Seen
2007-05-06,None,Hirwa,None,Partial View (Dense Vegetation),High (Senior Tracker),Acknowledged by Base
2007-05-12,None,Kwitonda,None,Partial View (Dense Vegetation),High (Senior Tracker),Acknowledged by Base
2007-05-15,None,Kwitonda,None,Partial View (Dense Vegetation),High (Senior Tracker),Acknowledged by Base
2007-05-16,None,Amahoro,None,Clear View (Full Group),High (Senior Tracker),Acknowledged by Base
2007-05-20,CASE-2026-1277,Pablo Group,Sustained nasal discharge,Partial View (Dense Vegetation),High (Senior Tracker),Seen
2007-05-21,None,Pablo Group,None,Partial View (Dense Vegetation),High (Senior Tracker),Acknowledged by Base
2007-05-22,None,Hirwa,None,Partial View (Dense Vegetation),High (Senior Tracker),Acknowledged by Base
2007-05-23,None,Kwitonda,None,Partial View (Dense Vegetation),High (Senior Tracker),Acknowledged by Base
2007-05-29,None,Pablo Group,None,Clear View (Full Group),High (Senior Tracker),Acknowledged by Base
2007-05-30,CASE-2026-1278,Pablo Group,Mild coughing,Clear View (Full Group),High (Senior Tracker),Acknowledged by Base
2007-05-31,None,Pablo Group,None,Partial View (Dense Vegetation),High (Senior Tracker),Acknowledged by Base
2007-06-01,None,Amahoro,None,Clear View (Full Group),High (Senior Tracker),Acknowledged by Base
2007-06-04,None,Hirwa,None,Clear View (Full Group),High (Senior Tracker),Acknowledged by Base
2007-06-05,None,Susa-A,None,Partial View (Dense Vegetation),High (Senior Tracker),Acknowledged by Base
2007-06-05,None,Amahoro,None,Partial View (Dense Vegetation),High (Senior Tracker),Acknowledged by Base
2007-06-06,None,Amahoro,None,Partial View (Dense Vegetation),High (Senior Tracker),Acknowledged by Base
2007-06-07,None,Hirwa,None,Partial View (Dense Vegetation),High (Senior Tracker),Acknowledged by Base
2007-06-09,CASE-2026-1279,Kwitonda,Mild coughing,Obscured (Heavy Rain),High (Senior Tracker),Seen
2007-06-11,None,Pablo Group,None,Clear View (Full Group),High (Senior Tracker),Acknowledged by Base
2007-06-13,None,Susa-A,None,Partial View (Dense Vegetation),High (Senior Tracker),Acknowledged by Base
2007-06-15,None,Amahoro,None,Clear View (Full Group),High (Senior Tracker),Acknowledged by Base
2007-06-15,None,Hirwa,None,Partial View (Dense Vegetation),High (Senior Tracker),Acknowledged by Base
2007-06-18,None,Amahoro,None,Clear View (Full Group),High (Senior Tracker),Acknowledged by Base
2007-06-19,None,Pablo Group,None,Partial View (Dense Vegetation),High (Senior Tracker),Acknowledged by Base
2007-06-20,None,Hirwa,None,Clear View (Full Group),High (Senior Tracker),Acknowledged by Base
2007-06-22,None,Kwitonda,None,Partial View (Dense Vegetation),High (Senior Tracker),Acknowledged by Base
2007-06-23,None,Susa-A,None,Partial View (Dense Vegetation),High (Senior Tracker),Acknowledged by Base
2007-06-23,None,Pablo Group,None,Clear View (Full Group),High (Senior Tracker),Acknowledged by Base
2007-06-24,None,Pablo Group,None,Clear View (Full Group),High (Senior Tracker),Acknowledged by Base
2007-06-24,CASE-2026-1280,Hirwa,Sustained nasal discharge,Clear View (Full Group),Medium,Acknowledged by Base
2007-06-30,None,Kwitonda,None,Partial View (Dense Vegetation),High (Senior Tracker),Acknowledged by Base
2007-07-04,CASE-2026-1281,Kwitonda,Sustained nasal discharge,Obscured (Heavy Rain),High (Senior Tracker),Sent
2007-07-06,None,Kwitonda,None,Partial View (Dense Vegetation),High (Senior Tracker),Acknowledged by Base
2007-07-10,None,Susa-A,None,Partial View (Dense Vegetation),High (Senior Tracker),Acknowledged by Base
2007-07-10,None,Amahoro,None,Partial View (Dense Vegetation),High (Senior Tracker),Acknowledged by Base
2007-07-14,None,Susa-A,None,Partial View (Dense Vegetation),High (Senior Tracker),Acknowledged by Base
2007-07-15,None,Hirwa,None,Partial View (Dense Vegetation),High (Senior Tracker),Acknowledged by Base
2007-07-16,None,Pablo Group,None,Clear View (Full Group),High (Senior Tracker),Acknowledged by Base
2007-07-17,None,Kwitonda,None,Partial View (Dense Vegetation),High (Senior Tracker),Acknowledged by Base
2007-07-19,None,Pablo Group,None,Clear View (Full Group),High (Senior Tracker),Acknowledged by Base
2007-07-20,None,Pablo Group,None,Clear View (Full Group),High (Senior Tracker),Acknowledged by Base
2007-07-20,CASE-2026-1282,Kwitonda,Sustained nasal discharge,Obscured (Heavy Rain),High (Senior Tracker),Sent
2007-07-24,None,Pablo Group,None,Partial View (Dense Vegetation),High (Senior Tracker),Acknowledged by Base
2007-07-24,None,Kwitonda,None,Partial View (Dense Vegetation),High (Senior Tracker),Acknowledged by Base
2007-07-27,None,Hirwa,None,Clear View (Full Group),High (Senior Tracker),Acknowledged by Base
2007-07-31,CASE-2026-1283,Hirwa,Mild coughing,Obscured (Heavy Rain),High (Senior Tracker),Seen
2007-08-01,None,Amahoro,None,Clear View (Full Group),High (Senior Tracker),Acknowledged by Base
2007-08-03,CASE-2026-1284,Hirwa,Mild coughing,Clear View (Full Group),Low (Poor Conditions),Seen
2007-08-06,None,Kwitonda,None,Clear View (Full Group),High (Senior Tracker),Acknowledged by Base
2007-08-08,None,Hirwa,None,Partial View (Dense Vegetation),High (Senior Tracker),Acknowledged by Base
2007-08-10,None,Hirwa,None,Partial View (Dense Vegetation),High (Senior Tracker),Acknowledged by Base
2007-08-13,None,Pablo Group,None,Clear View (Full Group),High (Senior Tracker),Acknowledged by Base
2007-08-14,None,Susa-A,None,Clear View (Full Group),High (Senior Tracker),Acknowledged by Base
2007-08-14,None,Pablo Group,None,Partial View (Dense Vegetation),High (Senior Tracker),Acknowledged by Base
2007-08-16,CASE-2026-1285,Kwitonda,Mild coughing,Partial View (Dense Vegetation),High (Senior Tracker),Sent
2007-08-17,None,Pablo Group,None,Clear View (Full Group),High (Senior Tracker),Acknowledged by Base
2007-08-18,CASE-2026-1286,Kwitonda,Mild coughing,Partial View (Dense Vegetation),Low (Poor Conditions),Seen
2007-08-19,None,Susa-A,None,Clear View (Full Group),High (Senior Tracker),Acknowledged by Base
2007-08-20,None,Susa-A,None,Clear View (Full Group),High (Senior Tracker),Acknowledged by Base
2007-08-21,None,Amahoro,None,Partial View (Dense Vegetation),High (Senior Tracker),Acknowledged by Base
2007-08-22,CASE-2026-1287,Hirwa,Lethargy,Partial View (Dense Vegetation),Low (Poor Conditions),Sent
2007-08-23,None,Kwitonda,None,Clear View (Full Group),High (Senior Tracker),Acknowledged by Base
2007-08-24,None,Susa-A,None,Partial View (Dense Vegetation),High (Senior Tracker),Acknowledged by Base
2007-08-25,CASE-2026-1288,Susa-A,Sustained nasal discharge,Partial View (Dense Vegetation),Medium,Acknowledged by Base
2007-08-25,None,Hirwa,None,Partial View (Dense Vegetation),High (Senior Tracker),Acknowledged by Base
2007-08-26,None,Susa-A,None,Clear View (Full Group),High (Senior Tracker),Acknowledged by Base
2007-08-27,CASE-2026-1289,Amahoro,Mild coughing,Clear View (Full Group),Medium,Seen
2007-08-29,None,Amahoro,None,Clear View (Full Group),High (Senior Tracker),Acknowledged by Base
2007-08-30,None,Hirwa,None,Partial View (Dense Vegetation),High (Senior Tracker),Acknowledged by Base
2007-08-31,None,Susa-A,None,Partial View (Dense Vegetation),High (Senior Tracker),Acknowledged by Base
2007-09-02,CASE-2026-1290,Pablo Group,Mild coughing,Partial View (Dense Vegetation),Low (Poor Conditions),Acknowledged by Base
2007-09-02,None,Kwitonda,None,Clear View (Full Group),High (Senior Tracker),Acknowledged by Base
2007-09-03,None,Susa-A,None,Clear View (Full Group),High (Senior Tracker),Acknowledged by Base
2007-09-06,None,Hirwa,None,Clear View (Full Group),High (Senior Tracker),Acknowledged by Base
2007-09-11,None,Amahoro,None,Clear View (Full Group),High (Senior Tracker),Acknowledged by Base
2007-09-14,CASE-2026-1291,Susa-A,Sustained nasal discharge,Partial View (Dense Vegetation),High (Senior Tracker),Seen
2007-09-16,None,Amahoro,None,Clear View (Full Group),High (Senior Tracker),Acknowledged by Base
2007-09-19,CASE-2026-1292,Amahoro,Mild coughing,Obscured (Heavy Rain),High (Senior Tracker),Seen
2007-09-22,None,Amahoro,None,Partial View (Dense Vegetation),High (Senior Tracker),Acknowledged by Base
2007-09-26,None,Pablo Group,None,Clear View (Full Group),High (Senior Tracker),Acknowledged by Base
2007-09-26,CASE-2026-1293,Kwitonda,Mild coughing,Partial View (Dense Vegetation),Low (Poor Conditions),Sent
2007-09-28,None,Pablo Group,None,Partial View (Dense Vegetation),High (Senior Tracker),Acknowledged by Base
2007-09-28,None,Kwitonda,None,Clear View (Full Group),High (Senior Tracker),Acknowledged by Base
2007-09-28,CASE-2026-1294,Hirwa,Sustained nasal discharge,Partial View (Dense Vegetation),Medium,Acknowledged by Base
2007-10-01,None,Kwitonda,None,Partial View (Dense Vegetation),High (Senior Tracker),Acknowledged by Base
2007-10-04,None,Susa-A,None,Clear View (Full Group),High (Senior Tracker),Acknowledged by Base
2007-10-05,CASE-2026-1295,Kwitonda,Mild coughing,Partial View (Dense Vegetation),High (Senior Tracker),Seen
2007-10-07,None,Pablo Group,None,Clear View (Full Group),High (Senior Tracker),Acknowledged by Base
2007-10-09,None,Susa-A,None,Clear View (Full Group),High (Senior Tracker),Acknowledged by Base
2007-10-09,CASE-2026-1296,Amahoro,Sustained nasal discharge,Clear View (Full Group),High (Senior Tracker),Sent
2007-10-10,CASE-2026-1297,Amahoro,Sustained nasal discharge,Obscured (Heavy Rain),High (Senior Tracker),Seen
2007-10-12,None,Kwitonda,None,Clear View (Full Group),High (Senior Tracker),Acknowledged by Base
2007-10-15,CASE-2026-1298,Kwitonda,Mild coughing,Obscured (Heavy Rain),Low (Poor Conditions),Acknowledged by Base
2007-10-16,None,Amahoro,None,Clear View (Full Group),High (Senior Tracker),Acknowledged by Base
2007-10-16,None,Hirwa,None,Clear View (Full Group),High (Senior Tracker),Acknowledged by Base
2007-10-19,None,Susa-A,None,Partial View (Dense Vegetation),High (Senior Tracker),Acknowledged by Base
2007-10-20,None,Amahoro,None,Clear View (Full Group),High (Senior Tracker),Acknowledged by Base
2007-10-22,None,Amahoro,None,Partial View (Dense Vegetation),High (Senior Tracker),Acknowledged by Base
2007-10-23,None,Pablo Group,None,Clear View (Full Group),High (Senior Tracker),Acknowledged by Base
2007-10-27,None,Kwitonda,None,Partial View (Dense Vegetation),High (Senior Tracker),Acknowledged by Base
2007-10-27,None,Hirwa,None,Clear View (Full Group),High (Senior Tracker),Acknowledged by Base
2007-10-28,None,Amahoro,None,Clear View (Full Group),High (Senior Tracker),Acknowledged by Base
2007-11-01,None,Susa-A,None,Partial View (Dense Vegetation),High (Senior Tracker),Acknowledged by Base
2007-11-03,None,Hirwa,None,Partial View (Dense Vegetation),High (Senior Tracker),Acknowledged by Base
2007-11-05,None,Susa-A,None,Clear View (Full Group),High (Senior Tracker),Acknowledged by Base
2007-11-06,None,Amahoro,None,Partial View (Dense Vegetation),High (Senior Tracker),Acknowledged by Base
2007-11-08,None,Pablo Group,None,Clear View (Full Group),High (Senior Tracker),Acknowledged by Base
2007-11-08,None,Kwitonda,None,Clear View (Full Group),High (Senior Tracker),Acknowledged by Base
2007-11-10,None,Kwitonda,None,Clear View (Full Group),High (Senior Tracker),Acknowledged by Base
2007-11-11,None,Hirwa,None,Partial View (Dense Vegetation),High (Senior Tracker),Acknowledged by Base
2007-11-13,None,Hirwa,None,Clear View (Full Group),High (Senior Tracker),Acknowledged by Base
2007-11-14,CASE-2026-1299,Susa-A,Mild coughing,Partial View (Dense Vegetation),Medium,Acknowledged by Base
2007-11-14,None,Hirwa,None,Partial View (Dense Vegetation),High (Senior Tracker),Acknowledged by Base
2007-11-15,None,Hirwa,None,Partial View (Dense Vegetation),High (Senior Tracker),Acknowledged by Base
2007-11-17,None,Kwitonda,None,Partial View (Dense Vegetation),High (Senior Tracker),Acknowledged by Base
2007-11-17,CASE-2026-1300,Hirwa,Mild coughing,Partial View (Dense Vegetation),High (Senior Tracker),Sent
2007-11-19,None,Amahoro,None,Clear View (Full Group),High (Senior Tracker),Acknowledged by Base
2007-11-20,None,Amahoro,None,Clear View (Full Group),High (Senior Tracker),Acknowledged by Base
2007-11-21,None,Susa-A,None,Partial View (Dense Vegetation),High (Senior Tracker),Acknowledged by Base
2007-11-21,None,Amahoro,None,Clear View (Full Group),High (Senior Tracker),Acknowledged by Base
2007-11-22,None,Kwitonda,None,Partial View (Dense Vegetation),High (Senior Tracker),Acknowledged by Base
2007-11-25,None,Pablo Group,None,Partial View (Dense Vegetation),High (Senior Tracker),Acknowledged by Base
2007-11-27,None,Pablo Group,None,Clear View (Full Group),High (Senior Tracker),Acknowledged by Base
2007-11-29,CASE-2026-1301,Pablo Group,Mild coughing,Obscured (Heavy Rain),High (Senior Tracker),Acknowledged by Base
2007-11-29,None,Kwitonda,None,Partial View (Dense Vegetation),High (Senior Tracker),Acknowledged by Base
2007-11-30,None,Susa-A,None,Partial View (Dense Vegetation),High (Senior Tracker),Acknowledged by Base
2007-11-30,None,Hirwa,None,Clear View (Full Group),High (Senior Tracker),Acknowledged by Base
2007-12-01,None,Amahoro,None,Clear View (Full Group),High (Senior Tracker),Acknowledged by Base
2007-12-06,CASE-2026-1302,Pablo Group,Mild coughing,Clear View (Full Group),Low (Poor Conditions),Sent
2007-12-07,None,Susa-A,None,Partial View (Dense Vegetation),High (Senior Tracker),Acknowledged by Base
2007-12-09,None,Pablo Group,None,Clear View (Full Group),High (Senior Tracker),Acknowledged by Base
2007-12-09,None,Amahoro,None,Clear View (Full Group),High (Senior Tracker),Acknowledged by Base
2007-12-11,None,Amahoro,None,Partial View (Dense Vegetation),High (Senior Tracker),Acknowledged by Base
2007-12-12,None,Hirwa,None,Partial View (Dense Vegetation),High (Senior Tracker),Acknowledged by Base
2007-12-14,None,Susa-A,None,Partial View (Dense Vegetation),High (Senior Tracker),Acknowledged by Base
2007-12-14,None,Kwitonda,None,Partial View (Dense Vegetation),High (Senior Tracker),Acknowledged by Base
2007-12-15,None,Susa-A,None,Partial View (Dense Vegetation),High (Senior Tracker),Acknowledged by Base
2007-12-15,None,Amahoro,None,Clear View (Full Group),High (Senior Tracker),Acknowledged by Base
2007-12-18,None,Susa-A,None,Partial View (Dense Vegetation),High (Senior Tracker),Acknowledged by Base
2007-12-21,None,Hirwa,None,Partial View (Dense Vegetation),High (Senior Tracker),Acknowledged by Base
2007-12-23,None,Hirwa,None,Clear View (Full Group),High (Senior Tracker),Acknowledged by Base
2007-12-24,None,Hirwa,None,Partial View (Dense Vegetation),High (Senior Tracker),Acknowledged by Base
2007-12-25,None,Susa-A,None,Clear View (Full Group),High (Senior Tracker),Acknowledged by Base
2007-12-25,None,Kwitonda,None,Clear View (Full Group),High (Senior Tracker),Acknowledged by Base
2007-12-27,None,Amahoro,None,Clear View (Full Group),High (Senior Tracker),Acknowledged by Base
2007-12-30,None,Pablo Group,None,Clear View (Full Group),High (Senior Tracker),Acknowledged by Base
2007-12-31,None,Kwitonda,None,Partial View (Dense Vegetation),High (Senior Tracker),Acknowledged by Base
2008-01-02,None,Pablo Group,None,Partial View (Dense Vegetation),High (Senior Tracker),Acknowledged by Base
2008-01-02,None,Kwitonda,None,Clear View (Full Group),High (Senior Tracker),Acknowledged by Base
2008-01-07,CASE-2026-1303,Susa-A,Sustained nasal discharge,Partial View (Dense Vegetation),Medium,Acknowledged by Base
2008-01-11,None,Hirwa,None,Partial View (Dense Vegetation),High (Senior Tracker),Acknowledged by Base
2008-01-12,None,Pablo Group,None,Clear View (Full Group),High (Senior Tracker),Acknowledged by Base
2008-01-12,None,Amahoro,None,Clear View (Full Group),High (Senior Tracker),Acknowledged by Base
2008-01-14,None,Pablo Group,None,Partial View (Dense Vegetation),High (Senior Tracker),Acknowledged by Base
2008-01-19,None,Amahoro,None,Clear View (Full Group),High (Senior Tracker),Acknowledged by Base
2008-01-20,None,Amahoro,None,Partial View (Dense Vegetation),High (Senior Tracker),Acknowledged by Base
2008-01-22,None,Susa-A,None,Partial View (Dense Vegetation),High (Senior Tracker),Acknowledged by Base
2008-01-26,None,Hirwa,None,Partial View (Dense Vegetation),High (Senior Tracker),Acknowledged by Base
2008-01-30,None,Hirwa,None,Clear View (Full Group),High (Senior Tracker),Acknowledged by Base
2008-02-03,None,Hirwa,None,Partial View (Dense Vegetation),High (Senior Tracker),Acknowledged by Base
2008-02-06,None,Susa-A,None,Partial View (Dense Vegetation),High (Senior Tracker),Acknowledged by Base
2008-02-08,None,Amahoro,None,Partial View (Dense Vegetation),High (Senior Tracker),Acknowledged by Base
2008-02-11,CASE-2026-1304,Susa-A,Mild coughing,Partial View (Dense Vegetation),Low (Poor Conditions),Sent
2008-02-14,None,Amahoro,None,Clear View (Full Group),High (Senior Tracker),Acknowledged by Base
2008-02-15,None,Amahoro,None,Clear View (Full Group),High (Senior Tracker),Acknowledged by Base
2008-02-19,None,Kwitonda,None,Clear View (Full Group),High (Senior Tracker),Acknowledged by Base
2008-02-19,None,Hirwa,None,Partial View (Dense Vegetation),High (Senior Tracker),Acknowledged by Base
2008-02-22,None,Hirwa,None,Partial View (Dense Vegetation),High (Senior Tracker),Acknowledged by Base
2008-02-23,None,Pablo Group,None,Partial View (Dense Vegetation),High (Senior Tracker),Acknowledged by Base
2008-02-24,None,Susa-A,None,Partial View (Dense Vegetation),High (Senior Tracker),Acknowledged by Base
2008-02-25,None,Kwitonda,None,Clear View (Full Group),High (Senior Tracker),Acknowledged by Base
2008-02-28,None,Hirwa,None,Clear View (Full Group),High (Senior Tracker),Acknowledged by Base
2008-03-02,None,Susa-A,None,Clear View (Full Group),High (Senior Tracker),Acknowledged by Base
2008-03-02,None,Pablo Group,None,Partial View (Dense Vegetation),High (Senior Tracker),Acknowledged by Base
2008-03-04,None,Pablo Group,None,Clear View (Full Group),High (Senior Tracker),Acknowledged by Base
2008-03-06,None,Susa-A,None,Clear View (Full Group),High (Senior Tracker),Acknowledged by Base
2008-03-06,None,Pablo Group,None,Partial View (Dense Vegetation),High (Senior Tracker),Acknowledged by Base
2008-03-06,None,Amahoro,None,Partial View (Dense Vegetation),High (Senior Tracker),Acknowledged by Base
2008-03-07,None,Kwitonda,None,Clear View (Full Group),High (Senior Tracker),Acknowledged by Base
2008-03-08,None,Susa-A,None,Partial View (Dense Vegetation),High (Senior Tracker),Acknowledged by Base
2008-03-09,None,Pablo Group,None,Clear View (Full Group),High (Senior Tracker),Acknowledged by Base
2008-03-09,CASE-2026-1305,Kwitonda,Lethargy,Clear View (Full Group),High (Senior Tracker),Acknowledged by Base
2008-03-13,None,Pablo Group,None,Clear View (Full Group),High (Senior Tracker),Acknowledged by Base
2008-03-14,None,Kwitonda,None,Partial View (Dense Vegetation),High (Senior Tracker),Acknowledged by Base
2008-03-19,None,Susa-A,None,Clear View (Full Group),High (Senior Tracker),Acknowledged by Base
2008-03-19,CASE-2026-1306,Kwitonda,Mild coughing,Obscured (Heavy Rain),High (Senior Tracker),Sent
2008-03-22,None,Susa-A,None,Clear View (Full Group),High (Senior Tracker),Acknowledged by Base
2008-03-25,None,Pablo Group,None,Clear View (Full Group),High (Senior Tracker),Acknowledged by Base
2008-03-26,None,Amahoro,None,Clear View (Full Group),High (Senior Tracker),Acknowledged by Base
2008-03-27,CASE-2026-1307,Kwitonda,Sustained nasal discharge,Partial View (Dense Vegetation),High (Senior Tracker),Seen
2008-03-28,CASE-2026-1308,Kwitonda,Mild coughing,Clear View (Full Group),High (Senior Tracker),Acknowledged by Base
2008-03-28,None,Hirwa,None,Clear View (Full Group),High (Senior Tracker),Acknowledged by Base
2008-03-31,None,Susa-A,None,Clear View (Full Group),High (Senior Tracker),Acknowledged by Base
2008-03-31,None,Pablo Group,None,Partial View (Dense Vegetation),High (Senior Tracker),Acknowledged by Base
2008-04-01,None,Kwitonda,None,Clear View (Full Group),High (Senior Tracker),Acknowledged by Base
2008-04-01,None,Hirwa,None,Clear View (Full Group),High (Senior Tracker),Acknowledged by Base
2008-04-02,None,Susa-A,None,Partial View (Dense Vegetation),High (Senior Tracker),Acknowledged by Base
2008-04-07,None,Pablo Group,None,Clear View (Full Group),High (Senior Tracker),Acknowledged by Base
2008-04-08,None,Susa-A,None,Clear View (Full Group),High (Senior Tracker),Acknowledged by Base
2008-04-09,CASE-2026-1309,Kwitonda,Sustained nasal discharge,Clear View (Full Group),High (Senior Tracker),Sent
2008-04-15,None,Hirwa,None,Partial View (Dense Vegetation),High (Senior Tracker),Acknowledged by Base
2008-04-16,None,Susa-A,None,Clear View (Full Group),High (Senior Tracker),Acknowledged by Base
2008-04-16,None,Amahoro,None,Clear View (Full Group),High (Senior Tracker),Acknowledged by Base
2008-04-16,None,Kwitonda,None,Partial View (Dense Vegetation),High (Senior Tracker),Acknowledged by Base
2008-04-17,None,Kwitonda,None,Clear View (Full Group),High (Senior Tracker),Acknowledged by Base
2008-04-17,None,Hirwa,None,Partial View (Dense Vegetation),High (Senior Tracker),Acknowledged by Base
2008-04-18,CASE-2026-1310,Pablo Group,Lethargy,Partial View (Dense Vegetation),High (Senior Tracker),Acknowledged by Base
2008-04-18,None,Hirwa,None,Partial View (Dense Vegetation),High (Senior Tracker),Acknowledged by Base
2008-04-19,None,Susa-A,None,Clear View (Full Group),High (Senior Tracker),Acknowledged by Base
2008-04-19,CASE-2026-1311,Amahoro,Mild coughing,Partial View (Dense Vegetation),High (Senior Tracker),Sent
2008-04-21,None,Amahoro,None,Partial View (Dense Vegetation),High (Senior Tracker),Acknowledged by Base
2008-04-21,None,Kwitonda,None,Partial View (Dense Vegetation),High (Senior Tracker),Acknowledged by Base
2008-04-21,None,Hirwa,None,Partial View (Dense Vegetation),High (Senior Tracker),Acknowledged by Base
2008-04-22,None,Pablo Group,None,Partial View (Dense Vegetation),High (Senior Tracker),Acknowledged by Base
2008-04-22,None,Hirwa,None,Partial View (Dense Vegetation),High (Senior Tracker),Acknowledged by Base
2008-04-23,None,Hirwa,None,Clear View (Full Group),High (Senior Tracker),Acknowledged by Base
2008-04-29,None,Hirwa,None,Clear View (Full Group),High (Senior Tracker),Acknowledged by Base
2008-04-30,None,Pablo Group,None,Partial View (Dense Vegetation),High (Senior Tracker),Acknowledged by Base
2008-05-01,None,Kwitonda,None,Partial View (Dense Vegetation),High (Senior Tracker),Acknowledged by Base
2008-05-02,None,Hirwa,None,Partial View (Dense Vegetation),High (Senior Tracker),Acknowledged by Base
2008-05-03,None,Kwitonda,None,Clear View (Full Group),High (Senior Tracker),Acknowledged by Base
2008-05-04,None,Hirwa,None,Clear View (Full Group),High (Senior Tracker),Acknowledged by Base
2008-05-05,None,Amahoro,None,Clear View (Full Group),High (Senior Tracker),Acknowledged by Base
2008-05-06,CASE-2026-1312,Kwitonda,Mild coughing,Clear View (Full Group),Medium,Acknowledged by Base
2008-05-07,None,Susa-A,None,Clear View (Full Group),High (Senior Tracker),Acknowledged by Base
2008-05-09,None,Pablo Group,None,Partial View (Dense Vegetation),High (Senior Tracker),Acknowledged by Base
2008-05-09,None,Amahoro,None,Partial View (Dense Vegetation),High (Senior Tracker),Acknowledged by Base
2008-05-10,None,Hirwa,None,Partial View (Dense Vegetation),High (Senior Tracker),Acknowledged by Base
2008-05-12,None,Susa-A,None,Partial View (Dense Vegetation),High (Senior Tracker),Acknowledged by Base
2008-05-13,CASE-2026-1313,Hirwa,Mild coughing,Partial View (Dense Vegetation),High (Senior Tracker),Acknowledged by Base
2008-05-16,None,Susa-A,None,Clear View (Full Group),High (Senior Tracker),Acknowledged by Base
2008-05-16,CASE-2026-1314,Hirwa,Mild coughing,Clear View (Full Group),High (Senior Tracker),Acknowledged by Base
2008-05-19,None,Pablo Group,None,Clear View (Full Group),High (Senior Tracker),Acknowledged by Base
2008-05-20,None,Susa-A,None,Partial View (Dense Vegetation),High (Senior Tracker),Acknowledged by Base
2008-05-20,CASE-2026-1315,Kwitonda,Mild coughing,Partial View (Dense Vegetation),Medium,Sent
2008-05-21,None,Pablo Group,None,Partial View (Dense Vegetation),High (Senior Tracker),Acknowledged by Base
2008-05-22,None,Pablo Group,None,Partial View (Dense Vegetation),High (Senior Tracker),Acknowledged by Base
2008-05-24,None,Kwitonda,None,Clear View (Full Group),High (Senior Tracker),Acknowledged by Base
2008-05-25,None,Amahoro,None,Clear View (Full Group),High (Senior Tracker),Acknowledged by Base
2008-05-25,None,Kwitonda,None,Clear View (Full Group),High (Senior Tracker),Acknowledged by Base
2008-05-26,None,Pablo Group,None,Clear View (Full Group),High (Senior Tracker),Acknowledged by Base
2008-05-31,None,Hirwa,None,Clear View (Full Group),High (Senior Tracker),Acknowledged by Base
2008-06-04,None,Hirwa,None,Clear View (Full Group),High (Senior Tracker),Acknowledged by Base
2008-06-07,None,Pablo Group,None,Clear View (Full Group),High (Senior Tracker),Acknowledged by Base
2008-06-12,CASE-2026-1316,Pablo Group,Sustained nasal discharge,Obscured (Heavy Rain),Medium,Seen
2008-06-12,None,Amahoro,None,Partial View (Dense Vegetation),High (Senior Tracker),Acknowledged by Base
2008-06-14,CASE-2026-1317,Amahoro,Lethargy,Clear View (Full Group),Low (Poor Conditions),Seen
2008-06-17,None,Pablo Group,None,Clear View (Full Group),High (Senior Tracker),Acknowledged by Base
2008-06-18,None,Hirwa,None,Partial View (Dense Vegetation),High (Senior Tracker),Acknowledged by Base
2008-06-19,None,Pablo Group,None,Clear View (Full Group),High (Senior Tracker),Acknowledged by Base
2008-06-19,None,Kwitonda,None,Partial View (Dense Vegetation),High (Senior Tracker),Acknowledged by Base
2008-06-20,None,Pablo Group,None,Clear View (Full Group),High (Senior Tracker),Acknowledged by Base
2008-06-20,None,Kwitonda,None,Partial View (Dense Vegetation),High (Senior Tracker),Acknowledged by Base
2008-06-20,None,Hirwa,None,Partial View (Dense Vegetation),High (Senior Tracker),Acknowledged by Base
2008-06-21,CASE-2026-1318,Pablo Group,"Heavy coughing, wheezing",Partial View (Dense Vegetation),High (Senior Tracker),Acknowledged by Base
2008-06-21,None,Kwitonda,None,Clear View (Full Group),High (Senior Tracker),Acknowledged by Base
2008-06-22,None,Pablo Group,None,Clear View (Full Group),High (Senior Tracker),Acknowledged by Base
2008-06-24,CASE-2026-1319,Pablo Group,Mild coughing,Clear View (Full Group),High (Senior Tracker),Acknowledged by Base
2008-06-26,None,Pablo Group,None,Partial View (Dense Vegetation),High (Senior Tracker),Acknowledged by Base
2008-06-28,None,Amahoro,None,Clear View (Full Group),High (Senior Tracker),Acknowledged by Base
2008-06-29,None,Pablo Group,None,Clear View (Full Group),High (Senior Tracker),Acknowledged by Base
2008-06-30,None,Hirwa,None,Clear View (Full Group),High (Senior Tracker),Acknowledged by Base
2008-07-01,None,Amahoro,None,Clear View (Full Group),High (Senior Tracker),Acknowledged by Base
2008-07-03,None,Amahoro,None,Clear View (Full Group),High (Senior Tracker),Acknowledged by Base
2008-07-05,None,Susa-A,None,Partial View (Dense Vegetation),High (Senior Tracker),Acknowledged by Base
2008-07-07,CASE-2026-1320,Kwitonda,Mild coughing,Clear View (Full Group),Medium,Seen
2008-07-08,None,Amahoro,None,Clear View (Full Group),High (Senior Tracker),Acknowledged by Base
2008-07-10,None,Kwitonda,None,Clear View (Full Group),High (Senior Tracker),Acknowledged by Base
2008-07-11,None,Susa-A,None,Clear View (Full Group),High (Senior Tracker),Acknowledged by Base
2008-07-13,CASE-2026-1321,Amahoro,Mild coughing,Clear View (Full Group),Low (Poor Conditions),Seen
2008-07-14,None,Amahoro,None,Clear View (Full Group),High (Senior Tracker),Acknowledged by Base
2008-07-15,None,Kwitonda,None,Clear View (Full Group),High (Senior Tracker),Acknowledged by Base
2008-07-17,CASE-2026-1322,Hirwa,Sustained nasal discharge,Clear View (Full Group),High (Senior Tracker),Seen
2008-07-22,None,Hirwa,None,Clear View (Full Group),High (Senior Tracker),Acknowledged by Base
2008-07-25,None,Pablo Group,None,Partial View (Dense Vegetation),High (Senior Tracker),Acknowledged by Base
2008-07-25,None,Kwitonda,None,Clear View (Full Group),High (Senior Tracker),Acknowledged by Base
2008-07-28,None,Amahoro,None,Partial View (Dense Vegetation),High (Senior Tracker),Acknowledged by Base
2008-08-01,None,Amahoro,None,Clear View (Full Group),High (Senior Tracker),Acknowledged by Base
2008-08-01,None,Hirwa,None,Clear View (Full Group),High (Senior Tracker),Acknowledged by Base
2008-08-02,None,Susa-A,None,Partial View (Dense Vegetation),High (Senior Tracker),Acknowledged by Base
2008-08-06,None,Pablo Group,None,Clear View (Full Group),High (Senior Tracker),Acknowledged by Base
2008-08-07,None,Pablo Group,None,Clear View (Full Group),High (Senior Tracker),Acknowledged by Base
2008-08-10,None,Amahoro,None,Partial View (Dense Vegetation),High (Senior Tracker),Acknowledged by Base
2008-08-11,CASE-2026-1323,Kwitonda,Lethargy,Obscured (Heavy Rain),High (Senior Tracker),Seen
2008-08-15,CASE-2026-1324,Pablo Group,Mild coughing,Clear View (Full Group),Low (Poor Conditions),Seen
2008-08-16,CASE-2026-1325,Pablo Group,Mild coughing,Obscured (Heavy Rain),High (Senior Tracker),Acknowledged by Base
2008-08-17,None,Pablo Group,None,Clear View (Full Group),High (Senior Tracker),Acknowledged by Base
2008-08-18,None,Pablo Group,None,Clear View (Full Group),High (Senior Tracker),Acknowledged by Base
2008-08-18,None,Amahoro,None,Partial View (Dense Vegetation),High (Senior Tracker),Acknowledged by Base
2008-08-18,CASE-2026-1326,Kwitonda,Sustained nasal discharge,Clear View (Full Group),Medium,Sent
2008-08-22,None,Susa-A,None,Clear View (Full Group),High (Senior Tracker),Acknowledged by Base
2008-08-22,None,Kwitonda,None,Partial View (Dense Vegetation),High (Senior Tracker),Acknowledged by Base
2008-08-23,None,Pablo Group,None,Clear View (Full Group),High (Senior Tracker),Acknowledged by Base
2008-08-23,None,Hirwa,None,Clear View (Full Group),High (Senior Tracker),Acknowledged by Base
2008-08-26,None,Kwitonda,None,Clear View (Full Group),High (Senior Tracker),Acknowledged by Base
2008-08-27,None,Kwitonda,None,Clear View (Full Group),High (Senior Tracker),Acknowledged by Base
2008-08-28,None,Kwitonda,None,Partial View (Dense Vegetation),High (Senior Tracker),Acknowledged by Base
2008-08-29,None,Susa-A,None,Partial View (Dense Vegetation),High (Senior Tracker),Acknowledged by Base
2008-08-30,None,Pablo Group,None,Partial View (Dense Vegetation),High (Senior Tracker),Acknowledged by Base
2008-08-30,None,Kwitonda,None,Clear View (Full Group),High (Senior Tracker),Acknowledged by Base
2008-08-31,None,Kwitonda,None,Partial View (Dense Vegetation),High (Senior Tracker),Acknowledged by Base
2008-09-01,None,Kwitonda,None,Partial View (Dense Vegetation),High (Senior Tracker),Acknowledged by Base
2008-09-08,None,Hirwa,None,Clear View (Full Group),High (Senior Tracker),Acknowledged by Base
2008-09-10,None,Kwitonda,None,Partial View (Dense Vegetation),High (Senior Tracker),Acknowledged by Base
2008-09-12,None,Kwitonda,None,Partial View (Dense Vegetation),High (Senior Tracker),Acknowledged by Base
2008-09-16,None,Kwitonda,None,Partial View (Dense Vegetation),High (Senior Tracker),Acknowledged by Base
2008-09-16,None,Hirwa,None,Clear View (Full Group),High (Senior Tracker),Acknowledged by Base
2008-09-17,None,Pablo Group,None,Clear View (Full Group),High (Senior Tracker),Acknowledged by Base
2008-09-17,CASE-2026-1327,Kwitonda,Mild coughing,Clear View (Full Group),Low (Poor Conditions),Seen
2008-09-17,None,Hirwa,None,Partial View (Dense Vegetation),High (Senior Tracker),Acknowledged by Base
2008-09-18,None,Amahoro,None,Clear View (Full Group),High (Senior Tracker),Acknowledged by Base
2008-09-18,None,Kwitonda,None,Clear View (Full Group),High (Senior Tracker),Acknowledged by Base
2008-09-21,None,Pablo Group,None,Clear View (Full Group),High (Senior Tracker),Acknowledged by Base
2008-09-22,None,Pablo Group,None,Partial View (Dense Vegetation),High (Senior Tracker),Acknowledged by Base
2008-09-26,CASE-2026-1328,Pablo Group,Lethargy,Clear View (Full Group),High (Senior Tracker),Seen
2008-09-26,None,Kwitonda,None,Partial View (Dense Vegetation),High (Senior Tracker),Acknowledged by Base
2008-09-27,None,Amahoro,None,Clear View (Full Group),High (Senior Tracker),Acknowledged by Base
2008-09-27,None,Kwitonda,None,Clear View (Full Group),High (Senior Tracker),Acknowledged by Base
2008-09-28,None,Pablo Group,None,Clear View (Full Group),High (Senior Tracker),Acknowledged by Base
2008-09-30,CASE-2026-1329,Amahoro,Sustained nasal discharge,Clear View (Full Group),Low (Poor Conditions),Seen
2008-10-02,None,Susa-A,None,Partial View (Dense Vegetation),High (Senior Tracker),Acknowledged by Base
2008-10-05,None,Kwitonda,None,Partial View (Dense Vegetation),High (Senior Tracker),Acknowledged by Base
2008-10-12,None,Hirwa,None,Clear View (Full Group),High (Senior Tracker),Acknowledged by Base
2008-10-15,None,Pablo Group,None,Clear View (Full Group),High (Senior Tracker),Acknowledged by Base
2008-10-16,None,Hirwa,None,Partial View (Dense Vegetation),High (Senior Tracker),Acknowledged by Base
2008-10-17,None,Susa-A,None,Partial View (Dense Vegetation),High (Senior Tracker),Acknowledged by Base
2008-10-17,None,Kwitonda,None,Clear View (Full Group),High (Senior Tracker),Acknowledged by Base
2008-10-21,None,Susa-A,None,Partial View (Dense Vegetation),High (Senior Tracker),Acknowledged by Base
2008-10-22,CASE-2026-1330,Hirwa,Mild coughing,Partial View (Dense Vegetation),High (Senior Tracker),Seen
2008-10-23,None,Hirwa,None,Partial View (Dense Vegetation),High (Senior Tracker),Acknowledged by Base
2008-10-26,None,Pablo Group,None,Clear View (Full Group),High (Senior Tracker),Acknowledged by Base
2008-10-27,None,Susa-A,None,Partial View (Dense Vegetation),High (Senior Tracker),Acknowledged by Base
2008-10-28,None,Amahoro,None,Clear View (Full Group),High (Senior Tracker),Acknowledged by Base
2008-11-03,None,Hirwa,None,Partial View (Dense Vegetation),High (Senior Tracker),Acknowledged by Base
2008-11-04,None,Susa-A,None,Clear View (Full Group),High (Senior Tracker),Acknowledged by Base
2008-11-07,None,Pablo Group,None,Clear View (Full Group),High (Senior Tracker),Acknowledged by Base
2008-11-08,CASE-2026-1331,Kwitonda,Lethargy,Clear View (Full Group),Medium,Sent
2008-11-09,CASE-2026-1332,Susa-A,Mild coughing,Clear View (Full Group),High (Senior Tracker),Acknowledged by Base
2008-11-10,None,Pablo Group,None,Clear View (Full Group),High (Senior Tracker),Acknowledged by Base
2008-11-16,None,Kwitonda,None,Partial View (Dense Vegetation),High (Senior Tracker),Acknowledged by Base
2008-11-18,CASE-2026-1333,Hirwa,Mild coughing,Partial View (Dense Vegetation),High (Senior Tracker),Seen
2008-11-19,CASE-2026-1334,Kwitonda,Lethargy,Obscured (Heavy Rain),Low (Poor Conditions),Seen
2008-11-24,None,Hirwa,None,Partial View (Dense Vegetation),High (Senior Tracker),Acknowledged by Base
2008-11-25,None,Kwitonda,None,Clear View (Full Group),High (Senior Tracker),Acknowledged by Base
2008-11-26,None,Pablo Group,None,Partial View (Dense Vegetation),High (Senior Tracker),Acknowledged by Base
2008-11-30,CASE-2026-1335,Hirwa,Mild coughing,Partial View (Dense Vegetation),High (Senior Tracker),Seen
2008-12-03,None,Susa-A,None,Clear View (Full Group),High (Senior Tracker),Acknowledged by Base
2008-12-06,None,Amahoro,None,Partial View (Dense Vegetation),High (Senior Tracker),Acknowledged by Base
2008-12-09,None,Susa-A,None,Clear View (Full Group),High (Senior Tracker),Acknowledged by Base
2008-12-09,CASE-2026-1336,Kwitonda,Sustained nasal discharge,Partial View (Dense Vegetation),Medium,Seen
2008-12-10,None,Pablo Group,None,Clear View (Full Group),High (Senior Tracker),Acknowledged by Base
2008-12-11,None,Kwitonda,None,Partial View (Dense Vegetation),High (Senior Tracker),Acknowledged by Base
2008-12-11,None,Hirwa,None,Partial View (Dense Vegetation),High (Senior Tracker),Acknowledged by Base
2008-12-13,None,Kwitonda,None,Partial View (Dense Vegetation),High (Senior Tracker),Acknowledged by Base
2008-12-14,None,Kwitonda,None,Partial View (Dense Vegetation),High (Senior Tracker),Acknowledged by Base
2008-12-16,None,Kwitonda,None,Clear View (Full Group),High (Senior Tracker),Acknowledged by Base
2008-12-19,None,Pablo Group,None,Clear View (Full Group),High (Senior Tracker),Acknowledged by Base
2008-12-27,None,Susa-A,None,Partial View (Dense Vegetation),High (Senior Tracker),Acknowledged by Base
2008-12-29,CASE-2026-1337,Susa-A,Mild coughing,Clear View (Full Group),High (Senior Tracker),Sent
2008-12-30,None,Amahoro,None,Clear View (Full Group),High (Senior Tracker),Acknowledged by Base
2009-01-04,None,Kwitonda,None,Clear View (Full Group),High (Senior Tracker),Acknowledged by Base
2009-01-05,None,Pablo Group,None,Clear View (Full Group),High (Senior Tracker),Acknowledged by Base
2009-01-06,None,Susa-A,None,Partial View (Dense Vegetation),High (Senior Tracker),Acknowledged by Base
2009-01-07,None,Susa-A,None,Clear View (Full Group),High (Senior Tracker),Acknowledged by Base
2009-01-09,None,Pablo Group,None,Partial View (Dense Vegetation),High (Senior Tracker),Acknowledged by Base
2009-01-09,CASE-2026-1338,Amahoro,Sustained nasal discharge,Partial View (Dense Vegetation),High (Senior Tracker),Sent
2009-01-11,None,Pablo Group,None,Clear View (Full Group),High (Senior Tracker),Acknowledged by Base
2009-01-11,CASE-2026-1339,Hirwa,Mild coughing,Partial View (Dense Vegetation),Low (Poor Conditions),Acknowledged by Base
2009-01-12,None,Hirwa,None,Clear View (Full Group),High (Senior Tracker),Acknowledged by Base
2009-01-15,None,Susa-A,None,Partial View (Dense Vegetation),High (Senior Tracker),Acknowledged by Base
2009-01-17,None,Amahoro,None,Partial View (Dense Vegetation),High (Senior Tracker),Acknowledged by Base
2009-01-17,None,Kwitonda,None,Partial View (Dense Vegetation),High (Senior Tracker),Acknowledged by Base
2009-01-18,None,Susa-A,None,Partial View (Dense Vegetation),High (Senior Tracker),Acknowledged by Base
2009-01-18,None,Pablo Group,None,Clear View (Full Group),High (Senior Tracker),Acknowledged by Base
2009-01-20,None,Amahoro,None,Clear View (Full Group),High (Senior Tracker),Acknowledged by Base
2009-01-20,None,Kwitonda,None,Clear View (Full Group),High (Senior Tracker),Acknowledged by Base
2009-01-21,CASE-2026-1340,Hirwa,Mild coughing,Partial View (Dense Vegetation),High (Senior Tracker),Sent
2009-01-28,None,Amahoro,None,Partial View (Dense Vegetation),High (Senior Tracker),Acknowledged by Base
2009-01-28,None,Kwitonda,None,Clear View (Full Group),High (Senior Tracker),Acknowledged by Base
2009-01-30,None,Pablo Group,None,Clear View (Full Group),High (Senior Tracker),Acknowledged by Base
2009-01-30,CASE-2026-1341,Hirwa,Mild coughing,Clear View (Full Group),Medium,Seen
2009-02-04,None,Amahoro,None,Partial View (Dense Vegetation),High (Senior Tracker),Acknowledged by Base
2009-02-04,CASE-2026-1342,Kwitonda,Mild coughing,Clear View (Full Group),High (Senior Tracker),Seen
2009-02-09,None,Pablo Group,None,Partial View (Dense Vegetation),High (Senior Tracker),Acknowledged by Base
2009-02-10,None,Pablo Group,None,Clear View (Full Group),High (Senior Tracker),Acknowledged by Base
2009-02-11,None,Kwitonda,None,Partial View (Dense Vegetation),High (Senior Tracker),Acknowledged by Base
2009-02-14,None,Hirwa,None,Clear View (Full Group),High (Senior Tracker),Acknowledged by Base
2009-02-16,None,Amahoro,None,Partial View (Dense Vegetation),High (Senior Tracker),Acknowledged by Base
2009-02-17,CASE-2026-1343,Amahoro,Mild coughing,Clear View (Full Group),Medium,Acknowledged by Base
2009-02-22,None,Amahoro,None,Partial View (Dense Vegetation),High (Senior Tracker),Acknowledged by Base
2009-02-26,CASE-2026-1344,Pablo Group,Sustained nasal discharge,Partial View (Dense Vegetation),Low (Poor Conditions),Acknowledged by Base
2009-03-03,CASE-2026-1345,Hirwa,Mild coughing,Partial View (Dense Vegetation),High (Senior Tracker),Seen
2009-03-05,None,Kwitonda,None,Clear View (Full Group),High (Senior Tracker),Acknowledged by Base
2009-03-07,None,Amahoro,None,Clear View (Full Group),High (Senior Tracker),Acknowledged by Base
2009-03-10,None,Amahoro,None,Partial View (Dense Vegetation),High (Senior Tracker),Acknowledged by Base
2009-03-11,None,Susa-A,None,Clear View (Full Group),High (Senior Tracker),Acknowledged by Base
2009-03-12,None,Amahoro,None,Partial View (Dense Vegetation),High (Senior Tracker),Acknowledged by Base
2009-03-13,None,Hirwa,None,Partial View (Dense Vegetation),High (Senior Tracker),Acknowledged by Base
2009-03-14,None,Pablo Group,None,Clear View (Full Group),High (Senior Tracker),Acknowledged by Base
2009-03-14,CASE-2026-1346,Kwitonda,Mild coughing,Partial View (Dense Vegetation),High (Senior Tracker),Seen
2009-03-18,None,Susa-A,None,Partial View (Dense Vegetation),High (Senior Tracker),Acknowledged by Base
2009-03-18,None,Hirwa,None,Partial View (Dense Vegetation),High (Senior Tracker),Acknowledged by Base
2009-03-29,None,Amahoro,None,Partial View (Dense Vegetation),High (Senior Tracker),Acknowledged by Base
2009-03-29,None,Kwitonda,None,Partial View (Dense Vegetation),High (Senior Tracker),Acknowledged by Base
2009-03-30,None,Pablo Group,None,Clear View (Full Group),High (Senior Tracker),Acknowledged by Base
2009-03-31,None,Hirwa,None,Clear View (Full Group),High (Senior Tracker),Acknowledged by Base
2009-04-01,None,Amahoro,None,Partial View (Dense Vegetation),High (Senior Tracker),Acknowledged by Base
2009-04-03,None,Kwitonda,None,Partial View (Dense Vegetation),High (Senior Tracker),Acknowledged by Base
2009-04-03,CASE-2026-1347,Hirwa,Sustained nasal discharge,Partial View (Dense Vegetation),High (Senior Tracker),Sent
2009-04-06,CASE-2026-1348,Amahoro,Mild coughing,Partial View (Dense Vegetation),High (Senior Tracker),Sent
2009-04-09,None,Amahoro,None,Partial View (Dense Vegetation),High (Senior Tracker),Acknowledged by Base
2009-04-10,None,Amahoro,None,Partial View (Dense Vegetation),High (Senior Tracker),Acknowledged by Base
2009-04-11,CASE-2026-1349,Pablo Group,Mild coughing,Partial View (Dense Vegetation),Medium,Sent
2009-04-11,None,Amahoro,None,Partial View (Dense Vegetation),High (Senior Tracker),Acknowledged by Base
2009-04-13,CASE-2026-1350,Susa-A,Mild coughing,Obscured (Heavy Rain),High (Senior Tracker),Acknowledged by Base
2009-04-14,None,Kwitonda,None,Partial View (Dense Vegetation),High (Senior Tracker),Acknowledged by Base
2009-04-16,CASE-2026-1351,Amahoro,Sustained nasal discharge,Obscured (Heavy Rain),Medium,Seen
2009-04-19,CASE-2026-1352,Amahoro,Sustained nasal discharge,Partial View (Dense Vegetation),Medium,Acknowledged by Base
2009-04-20,CASE-2026-1353,Kwitonda,Lethargy,Clear View (Full Group),Medium,Acknowledged by Base
2009-04-22,None,Susa-A,None,Clear View (Full Group),High (Senior Tracker),Acknowledged by Base
2009-04-22,None,Kwitonda,None,Clear View (Full Group),High (Senior Tracker),Acknowledged by Base
2009-04-24,None,Susa-A,None,Partial View (Dense Vegetation),High (Senior Tracker),Acknowledged by Base
2009-04-24,None,Pablo Group,None,Clear View (Full Group),High (Senior Tracker),Acknowledged by Base
2009-04-25,None,Pablo Group,None,Partial View (Dense Vegetation),High (Senior Tracker),Acknowledged by Base
2009-04-28,None,Susa-A,None,Partial View (Dense Vegetation),High (Senior Tracker),Acknowledged by Base
2009-04-30,None,Pablo Group,None,Clear View (Full Group),High (Senior Tracker),Acknowledged by Base
2009-05-01,None,Kwitonda,None,Clear View (Full Group),High (Senior Tracker),Acknowledged by Base
2009-05-03,None,Susa-A,None,Clear View (Full Group),High (Senior Tracker),Acknowledged by Base
2009-05-04,CASE-2026-1354,Amahoro,Sustained nasal discharge,Partial View (Dense Vegetation),Low (Poor Conditions),Acknowledged by Base
2009-05-05,None,Amahoro,None,Clear View (Full Group),High (Senior Tracker),Acknowledged by Base
2009-05-05,None,Kwitonda,None,Clear View (Full Group),High (Senior Tracker),Acknowledged by Base
2009-05-06,None,Hirwa,None,Clear View (Full Group),High (Senior Tracker),Acknowledged by Base
2009-05-07,None,Kwitonda,None,Clear View (Full Group),High (Senior Tracker),Acknowledged by Base
2009-05-07,CASE-2026-1355,Hirwa,Mild coughing,Clear View (Full Group),High (Senior Tracker),Seen
2009-05-09,None,Amahoro,None,Partial View (Dense Vegetation),High (Senior Tracker),Acknowledged by Base
2009-05-19,None,Susa-A,None,Partial View (Dense Vegetation),High (Senior Tracker),Acknowledged by Base
2009-05-23,None,Susa-A,None,Partial View (Dense Vegetation),High (Senior Tracker),Acknowledged by Base
2009-05-23,None,Kwitonda,None,Clear View (Full Group),High (Senior Tracker),Acknowledged by Base
2009-05-23,None,Hirwa,None,Partial View (Dense Vegetation),High (Senior Tracker),Acknowledged by Base
2009-05-27,None,Kwitonda,None,Clear View (Full Group),High (Senior Tracker),Acknowledged by Base
2009-05-27,None,Hirwa,None,Clear View (Full Group),High (Senior Tracker),Acknowledged by Base
2009-05-28,CASE-2026-1356,Pablo Group,Sustained nasal discharge,Clear View (Full Group),High (Senior Tracker),Seen
2009-05-28,None,Amahoro,None,Clear View (Full Group),High (Senior Tracker),Acknowledged by Base
2009-05-28,None,Kwitonda,None,Clear View (Full Group),High (Senior Tracker),Acknowledged by Base
2009-06-02,None,Hirwa,None,Clear View (Full Group),High (Senior Tracker),Acknowledged by Base
2009-06-04,None,Pablo Group,None,Partial View (Dense Vegetation),High (Senior Tracker),Acknowledged by Base
2009-06-05,None,Pablo Group,None,Clear View (Full Group),High (Senior Tracker),Acknowledged by Base
2009-06-08,None,Pablo Group,None,Partial View (Dense Vegetation),High (Senior Tracker),Acknowledged by Base
2009-06-11,None,Susa-A,None,Clear View (Full Group),High (Senior Tracker),Acknowledged by Base
2009-06-11,None,Hirwa,None,Clear View (Full Group),High (Senior Tracker),Acknowledged by Base
2009-06-16,None,Pablo Group,None,Clear View (Full Group),High (Senior Tracker),Acknowledged by Base
2009-06-17,None,Amahoro,None,Clear View (Full Group),High (Senior Tracker),Acknowledged by Base
2009-06-19,None,Kwitonda,None,Partial View (Dense Vegetation),High (Senior Tracker),Acknowledged by Base
2009-06-20,None,Pablo Group,None,Partial View (Dense Vegetation),High (Senior Tracker),Acknowledged by Base
2009-06-22,None,Kwitonda,None,Partial View (Dense Vegetation),High (Senior Tracker),Acknowledged by Base
2009-06-23,None,Pablo Group,None,Partial View (Dense Vegetation),High (Senior Tracker),Acknowledged by Base
2009-06-24,None,Pablo Group,None,Clear View (Full Group),High (Senior Tracker),Acknowledged by Base
2009-06-26,None,Pablo Group,None,Clear View (Full Group),High (Senior Tracker),Acknowledged by Base
2009-06-26,None,Amahoro,None,Clear View (Full Group),High (Senior Tracker),Acknowledged by Base
2009-07-01,None,Susa-A,None,Clear View (Full Group),High (Senior Tracker),Acknowledged by Base
2009-07-05,None,Amahoro,None,Partial View (Dense Vegetation),High (Senior Tracker),Acknowledged by Base
2009-07-05,None,Kwitonda,None,Clear View (Full Group),High (Senior Tracker),Acknowledged by Base
2009-07-06,None,Susa-A,None,Clear View (Full Group),High (Senior Tracker),Acknowledged by Base
2009-07-07,CASE-2026-1357,Kwitonda,Sustained nasal discharge,Clear View (Full Group),High (Senior Tracker),Acknowledged by Base
2009-07-08,None,Pablo Group,None,Clear View (Full Group),High (Senior Tracker),Acknowledged by Base
2009-07-09,None,Hirwa,None,Clear View (Full Group),High (Senior Tracker),Acknowledged by Base
2009-07-10,None,Pablo Group,None,Partial View (Dense Vegetation),High (Senior Tracker),Acknowledged by Base
2009-07-16,None,Susa-A,None,Clear View (Full Group),High (Senior Tracker),Acknowledged by Base
2009-07-18,None,Pablo Group,None,Partial View (Dense Vegetation),High (Senior Tracker),Acknowledged by Base
2009-07-19,None,Susa-A,None,Clear View (Full Group),High (Senior Tracker),Acknowledged by Base
2009-07-19,CASE-2026-1358,Pablo Group,Sustained nasal discharge,Partial View (Dense Vegetation),Medium,Acknowledged by Base
2009-07-19,None,Kwitonda,None,Partial View (Dense Vegetation),High (Senior Tracker),Acknowledged by Base
2009-07-20,None,Hirwa,None,Partial View (Dense Vegetation),High (Senior Tracker),Acknowledged by Base
2009-07-22,None,Amahoro,None,Partial View (Dense Vegetation),High (Senior Tracker),Acknowledged by Base
2009-07-23,None,Kwitonda,None,Clear View (Full Group),High (Senior Tracker),Acknowledged by Base
2009-07-25,None,Susa-A,None,Partial View (Dense Vegetation),High (Senior Tracker),Acknowledged by Base
2009-07-25,None,Pablo Group,None,Partial View (Dense Vegetation),High (Senior Tracker),Acknowledged by Base
2009-07-27,CASE-2026-1359,Pablo Group,Lethargy,Obscured (Heavy Rain),High (Senior Tracker),Sent
2009-07-27,None,Kwitonda,None,Partial View (Dense Vegetation),High (Senior Tracker),Acknowledged by Base
2009-07-29,None,Susa-A,None,Clear View (Full Group),High (Senior Tracker),Acknowledged by Base
2009-07-30,None,Amahoro,None,Partial View (Dense Vegetation),High (Senior Tracker),Acknowledged by Base
2009-07-31,None,Amahoro,None,Clear View (Full Group),High (Senior Tracker),Acknowledged by Base
2009-08-01,CASE-2026-1360,Amahoro,Sustained nasal discharge,Clear View (Full Group),High (Senior Tracker),Acknowledged by Base
2009-08-01,CASE-2026-1361,Kwitonda,Lethargy,Obscured (Heavy Rain),Medium,Seen
2009-08-03,None,Amahoro,None,Clear View (Full Group),High (Senior Tracker),Acknowledged by Base
2009-08-09,None,Amahoro,None,Partial View (Dense Vegetation),High (Senior Tracker),Acknowledged by Base
2009-08-10,CASE-2026-1362,Hirwa,"Heavy coughing, wheezing",Partial View (Dense Vegetation),Medium,Acknowledged by Base
2009-08-11,CASE-2026-1363,Kwitonda,Mild coughing,Obscured (Heavy Rain),Medium,Acknowledged by Base
2009-08-12,None,Susa-A,None,Clear View (Full Group),High (Senior Tracker),Acknowledged by Base
2009-08-13,None,Susa-A,None,Clear View (Full Group),High (Senior Tracker),Acknowledged by Base
2009-08-14,None,Kwitonda,None,Clear View (Full Group),High (Senior Tracker),Acknowledged by Base
2009-08-16,None,Amahoro,None,Clear View (Full Group),High (Senior Tracker),Acknowledged by Base
2009-08-16,None,Kwitonda,None,Clear View (Full Group),High (Senior Tracker),Acknowledged by Base
2009-08-18,None,Susa-A,None,Clear View (Full Group),High (Senior Tracker),Acknowledged by Base
2009-08-19,None,Pablo Group,None,Partial View (Dense Vegetation),High (Senior Tracker),Acknowledged by Base
2009-08-21,None,Hirwa,None,Clear View (Full Group),High (Senior Tracker),Acknowledged by Base
2009-08-22,None,Hirwa,None,Clear View (Full Group),High (Senior Tracker),Acknowledged by Base
2009-08-24,CASE-2026-1364,Hirwa,Mild coughing,Clear View (Full Group),Medium,Sent
2009-08-26,None,Amahoro,None,Clear View (Full Group),High (Senior Tracker),Acknowledged by Base
2009-08-26,None,Kwitonda,None,Partial View (Dense Vegetation),High (Senior Tracker),Acknowledged by Base
2009-08-27,None,Kwitonda,None,Partial View (Dense Vegetation),High (Senior Tracker),Acknowledged by Base
2009-08-29,None,Hirwa,None,Partial View (Dense Vegetation),High (Senior Tracker),Acknowledged by Base
2009-08-30,None,Hirwa,None,Partial View (Dense Vegetation),High (Senior Tracker),Acknowledged by Base
2009-09-02,None,Hirwa,None,Clear View (Full Group),High (Senior Tracker),Acknowledged by Base
2009-09-04,None,Kwitonda,None,Partial View (Dense Vegetation),High (Senior Tracker),Acknowledged by Base
2009-09-05,None,Susa-A,None,Partial View (Dense Vegetation),High (Senior Tracker),Acknowledged by Base
2009-09-05,None,Pablo Group,None,Clear View (Full Group),High (Senior Tracker),Acknowledged by Base
2009-09-08,None,Susa-A,None,Clear View (Full Group),High (Senior Tracker),Acknowledged by Base
2009-09-13,None,Hirwa,None,Clear View (Full Group),High (Senior Tracker),Acknowledged by Base
2009-09-14,None,Amahoro,None,Clear View (Full Group),High (Senior Tracker),Acknowledged by Base
2009-09-15,CASE-2026-1365,Pablo Group,Mild coughing,Partial View (Dense Vegetation),Low (Poor Conditions),Sent
2009-09-16,CASE-2026-1366,Kwitonda,Mild coughing,Clear View (Full Group),Medium,Seen
2009-09-19,CASE-2026-1367,Kwitonda,"Heavy coughing, wheezing",Clear View (Full Group),Medium,Sent
2009-09-21,None,Amahoro,None,Partial View (Dense Vegetation),High (Senior Tracker),Acknowledged by Base
2009-09-21,CASE-2026-1368,Hirwa,Lethargy,Partial View (Dense Vegetation),High (Senior Tracker),Seen
2009-09-22,CASE-2026-1369,Susa-A,Mild coughing,Clear View (Full Group),High (Senior Tracker),Acknowledged by Base
2009-09-22,CASE-2026-1370,Hirwa,Mild coughing,Partial View (Dense Vegetation),Medium,Seen
2009-09-23,None,Kwitonda,None,Partial View (Dense Vegetation),High (Senior Tracker),Acknowledged by Base
2009-09-23,None,Hirwa,None,Partial View (Dense Vegetation),High (Senior Tracker),Acknowledged by Base
2009-09-24,None,Amahoro,None,Partial View (Dense Vegetation),High (Senior Tracker),Acknowledged by Base
2009-09-25,None,Susa-A,None,Partial View (Dense Vegetation),High (Senior Tracker),Acknowledged by Base
2009-09-26,None,Kwitonda,None,Partial View (Dense Vegetation),High (Senior Tracker),Acknowledged by Base
2009-09-27,CASE-2026-1371,Hirwa,Lethargy,Partial View (Dense Vegetation),High (Senior Tracker),Acknowledged by Base
2009-09-30,None,Amahoro,None,Clear View (Full Group),High (Senior Tracker),Acknowledged by Base
2009-10-03,None,Pablo Group,None,Partial View (Dense Vegetation),High (Senior Tracker),Acknowledged by Base
2009-10-07,None,Pablo Group,None,Partial View (Dense Vegetation),High (Senior Tracker),Acknowledged by Base
2009-10-07,None,Amahoro,None,Clear View (Full Group),High (Senior Tracker),Acknowledged by Base
2009-10-08,None,Susa-A,None,Partial View (Dense Vegetation),High (Senior Tracker),Acknowledged by Base
2009-10-08,CASE-2026-1372,Kwitonda,Sustained nasal discharge,Clear View (Full Group),Low (Poor Conditions),Acknowledged by Base
2009-10-09,None,Susa-A,None,Partial View (Dense Vegetation),High (Senior Tracker),Acknowledged by Base
2009-10-09,None,Hirwa,None,Partial View (Dense Vegetation),High (Senior Tracker),Acknowledged by Base
2009-10-11,None,Kwitonda,None,Partial View (Dense Vegetation),High (Senior Tracker),Acknowledged by Base
2009-10-11,CASE-2026-1373,Hirwa,Lethargy,Obscured (Heavy Rain),High (Senior Tracker),Sent
2009-10-15,None,Kwitonda,None,Clear View (Full Group),High (Senior Tracker),Acknowledged by Base
2009-10-18,None,Susa-A,None,Partial View (Dense Vegetation),High (Senior Tracker),Acknowledged by Base
2009-10-18,None,Kwitonda,None,Clear View (Full Group),High (Senior Tracker),Acknowledged by Base
2009-10-19,None,Amahoro,None,Partial View (Dense Vegetation),High (Senior Tracker),Acknowledged by Base
2009-10-19,None,Hirwa,None,Partial View (Dense Vegetation),High (Senior Tracker),Acknowledged by Base
2009-10-21,None,Susa-A,None,Clear View (Full Group),High (Senior Tracker),Acknowledged by Base
2009-10-21,None,Amahoro,None,Partial View (Dense Vegetation),High (Senior Tracker),Acknowledged by Base
2009-10-23,None,Hirwa,None,Clear View (Full Group),High (Senior Tracker),Acknowledged by Base
2009-10-28,CASE-2026-1374,Susa-A,Mild coughing,Partial View (Dense Vegetation),High (Senior Tracker),Acknowledged by Base
2009-10-29,None,Pablo Group,None,Clear View (Full Group),High (Senior Tracker),Acknowledged by Base
2009-10-30,None,Pablo Group,None,Partial View (Dense Vegetation),High (Senior Tracker),Acknowledged by Base
2009-10-30,None,Kwitonda,None,Clear View (Full Group),High (Senior Tracker),Acknowledged by Base
2009-10-31,None,Amahoro,None,Partial View (Dense Vegetation),High (Senior Tracker),Acknowledged by Base
2009-11-01,CASE-2026-1375,Kwitonda,Sustained nasal discharge,Partial View (Dense Vegetation),High (Senior Tracker),Acknowledged by Base
2009-11-02,None,Amahoro,None,Partial View (Dense Vegetation),High (Senior Tracker),Acknowledged by Base
2009-11-04,None,Pablo Group,None,Clear View (Full Group),High (Senior Tracker),Acknowledged by Base
2009-11-04,None,Kwitonda,None,Clear View (Full Group),High (Senior Tracker),Acknowledged by Base
2009-11-07,None,Susa-A,None,Partial View (Dense Vegetation),High (Senior Tracker),Acknowledged by Base
2009-11-08,None,Susa-A,None,Clear View (Full Group),High (Senior Tracker),Acknowledged by Base
2009-11-08,None,Amahoro,None,Partial View (Dense Vegetation),High (Senior Tracker),Acknowledged by Base
2009-11-08,None,Hirwa,None,Clear View (Full Group),High (Senior Tracker),Acknowledged by Base
2009-11-15,None,Kwitonda,None,Partial View (Dense Vegetation),High (Senior Tracker),Acknowledged by Base
2009-11-16,None,Susa-A,None,Clear View (Full Group),High (Senior Tracker),Acknowledged by Base
2009-11-16,None,Kwitonda,None,Partial View (Dense Vegetation),High (Senior Tracker),Acknowledged by Base
2009-11-18,None,Hirwa,None,Clear View (Full Group),High (Senior Tracker),Acknowledged by Base
2009-11-20,None,Amahoro,None,Clear View (Full Group),High (Senior Tracker),Acknowledged by Base
2009-11-21,None,Amahoro,None,Clear View (Full Group),High (Senior Tracker),Acknowledged by Base
2009-11-21,None,Kwitonda,None,Partial View (Dense Vegetation),High (Senior Tracker),Acknowledged by Base
2009-11-21,None,Hirwa,None,Partial View (Dense Vegetation),High (Senior Tracker),Acknowledged by Base
2009-11-25,None,Kwitonda,None,Partial View (Dense Vegetation),High (Senior Tracker),Acknowledged by Base
2009-11-26,None,Pablo Group,None,Clear View (Full Group),High (Senior Tracker),Acknowledged by Base
2009-11-27,CASE-2026-1376,Susa-A,Mild coughing,Obscured (Heavy Rain),Medium,Acknowledged by Base
2009-11-27,None,Amahoro,None,Clear View (Full Group),High (Senior Tracker),Acknowledged by Base
2009-11-27,CASE-2026-1377,Kwitonda,Mild coughing,Clear View (Full Group),Medium,Sent
2009-11-29,CASE-2026-1378,Hirwa,Sustained nasal discharge,Obscured (Heavy Rain),High (Senior Tracker),Acknowledged by Base
2009-12-01,CASE-2026-1379,Pablo Group,Mild coughing,Partial View (Dense Vegetation),High (Senior Tracker),Acknowledged by Base
2009-12-08,CASE-2026-1380,Kwitonda,Sustained nasal discharge,Clear View (Full Group),Medium,Acknowledged by Base
2009-12-09,None,Susa-A,None,Clear View (Full Group),High (Senior Tracker),Acknowledged by Base
2009-12-09,None,Amahoro,None,Clear View (Full Group),High (Senior Tracker),Acknowledged by Base
2009-12-11,None,Amahoro,None,Partial View (Dense Vegetation),High (Senior Tracker),Acknowledged by Base
2009-12-14,None,Amahoro,None,Clear View (Full Group),High (Senior Tracker),Acknowledged by Base
2009-12-14,None,Kwitonda,None,Clear View (Full Group),High (Senior Tracker),Acknowledged by Base
2009-12-15,CASE-2026-1381,Susa-A,Mild coughing,Partial View (Dense Vegetation),Medium,Seen
2009-12-15,None,Pablo Group,None,Partial View (Dense Vegetation),High (Senior Tracker),Acknowledged by Base
2009-12-15,None,Hirwa,None,Clear View (Full Group),High (Senior Tracker),Acknowledged by Base
2009-12-16,None,Pablo Group,None,Clear View (Full Group),High (Senior Tracker),Acknowledged by Base
2009-12-16,None,Kwitonda,None,Clear View (Full Group),High (Senior Tracker),Acknowledged by Base
2009-12-16,None,Hirwa,None,Clear View (Full Group),High (Senior Tracker),Acknowledged by Base
2009-12-17,None,Pablo Group,None,Clear View (Full Group),High (Senior Tracker),Acknowledged by Base
2009-12-19,None,Susa-A,None,Partial View (Dense Vegetation),High (Senior Tracker),Acknowledged by Base
2009-12-20,None,Susa-A,None,Clear View (Full Group),High (Senior Tracker),Acknowledged by Base
2009-12-21,None,Kwitonda,None,Partial View (Dense Vegetation),High (Senior Tracker),Acknowledged by Base
2009-12-24,None,Pablo Group,None,Partial View (Dense Vegetation),High (Senior Tracker),Acknowledged by Base
2009-12-25,None,Pablo Group,None,Partial View (Dense Vegetation),High (Senior Tracker),Acknowledged by Base
2009-12-25,None,Amahoro,None,Clear View (Full Group),High (Senior Tracker),Acknowledged by Base
2009-12-26,None,Susa-A,None,Clear View (Full Group),High (Senior Tracker),Acknowledged by Base
2009-12-27,None,Pablo Group,None,Partial View (Dense Vegetation),High (Senior Tracker),Acknowledged by Base
2009-12-28,None,Amahoro,None,Clear View (Full Group),High (Senior Tracker),Acknowledged by Base
2009-12-29,None,Kwitonda,None,Clear View (Full Group),High (Senior Tracker),Acknowledged by Base
2010-01-07,None,Susa-A,None,Partial View (Dense Vegetation),High (Senior Tracker),Acknowledged by Base
2010-01-08,None,Pablo Group,None,Clear View (Full Group),High (Senior Tracker),Acknowledged by Base
2010-01-10,None,Pablo Group,None,Clear View (Full Group),High (Senior Tracker),Acknowledged by Base
2010-01-10,None,Amahoro,None,Partial View (Dense Vegetation),High (Senior Tracker),Acknowledged by Base
2010-01-11,CASE-2026-1382,Kwitonda,Mild coughing,Clear View (Full Group),High (Senior Tracker),Acknowledged by Base
2010-01-13,None,Pablo Group,None,Clear View (Full Group),High (Senior Tracker),Acknowledged by Base
2010-01-14,None,Kwitonda,None,Clear View (Full Group),High (Senior Tracker),Acknowledged by Base
2010-01-14,None,Hirwa,None,Partial View (Dense Vegetation),High (Senior Tracker),Acknowledged by Base
2010-01-15,None,Susa-A,None,Partial View (Dense Vegetation),High (Senior Tracker),Acknowledged by Base
2010-01-15,None,Hirwa,None,Partial View (Dense Vegetation),High (Senior Tracker),Acknowledged by Base
2010-01-16,None,Amahoro,None,Partial View (Dense Vegetation),High (Senior Tracker),Acknowledged by Base
2010-01-22,None,Amahoro,None,Clear View (Full Group),High (Senior Tracker),Acknowledged by Base
2010-01-23,CASE-2026-1383,Pablo Group,Sustained nasal discharge,Partial View (Dense Vegetation),Low (Poor Conditions),Seen
2010-01-27,None,Hirwa,None,Clear View (Full Group),High (Senior Tracker),Acknowledged by Base
2010-01-29,CASE-2026-1384,Amahoro,Mild coughing,Partial View (Dense Vegetation),Medium,Sent
2010-01-31,None,Hirwa,None,Clear View (Full Group),High (Senior Tracker),Acknowledged by Base
2010-02-01,None,Kwitonda,None,Partial View (Dense Vegetation),High (Senior Tracker),Acknowledged by Base
2010-02-06,None,Susa-A,None,Partial View (Dense Vegetation),High (Senior Tracker),Acknowledged by Base
2010-02-06,None,Pablo Group,None,Clear View (Full Group),High (Senior Tracker),Acknowledged by Base
2010-02-09,None,Kwitonda,None,Clear View (Full Group),High (Senior Tracker),Acknowledged by Base
2010-02-10,None,Amahoro,None,Clear View (Full Group),High (Senior Tracker),Acknowledged by Base
2010-02-10,None,Hirwa,None,Clear View (Full Group),High (Senior Tracker),Acknowledged by Base
2010-02-11,None,Susa-A,None,Partial View (Dense Vegetation),High (Senior Tracker),Acknowledged by Base
2010-02-11,None,Hirwa,None,Clear View (Full Group),High (Senior Tracker),Acknowledged by Base
2010-02-12,None,Kwitonda,None,Clear View (Full Group),High (Senior Tracker),Acknowledged by Base
2010-02-14,CASE-2026-1385,Hirwa,Sustained nasal discharge,Partial View (Dense Vegetation),High (Senior Tracker),Acknowledged by Base
2010-02-15,None,Pablo Group,None,Partial View (Dense Vegetation),High (Senior Tracker),Acknowledged by Base
2010-02-16,None,Pablo Group,None,Partial View (Dense Vegetation),High (Senior Tracker),Acknowledged by Base
2010-02-16,None,Amahoro,None,Clear View (Full Group),High (Senior Tracker),Acknowledged by Base
2010-02-19,CASE-2026-1386,Hirwa,Lethargy,Clear View (Full Group),High (Senior Tracker),Seen
2010-02-23,CASE-2026-1387,Kwitonda,Sustained nasal discharge,Partial View (Dense Vegetation),High (Senior Tracker),Seen
2010-02-24,None,Hirwa,None,Clear View (Full Group),High (Senior Tracker),Acknowledged by Base
2010-02-25,None,Hirwa,None,Clear View (Full Group),High (Senior Tracker),Acknowledged by Base
2010-02-26,None,Susa-A,None,Clear View (Full Group),High (Senior Tracker),Acknowledged by Base
2010-02-26,None,Pablo Group,None,Partial View (Dense Vegetation),High (Senior Tracker),Acknowledged by Base
2010-02-27,None,Kwitonda,None,Clear View (Full Group),High (Senior Tracker),Acknowledged by Base
2010-03-01,None,Susa-A,None,Partial View (Dense Vegetation),High (Senior Tracker),Acknowledged by Base
2010-03-01,None,Pablo Group,None,Partial View (Dense Vegetation),High (Senior Tracker),Acknowledged by Base
2010-03-04,None,Amahoro,None,Clear View (Full Group),High (Senior Tracker),Acknowledged by Base
2010-03-06,None,Pablo Group,None,Clear View (Full Group),High (Senior Tracker),Acknowledged by Base
2010-03-07,None,Susa-A,None,Clear View (Full Group),High (Senior Tracker),Acknowledged by Base
2010-03-10,None,Pablo Group,None,Partial View (Dense Vegetation),High (Senior Tracker),Acknowledged by Base
2010-03-11,None,Hirwa,None,Partial View (Dense Vegetation),High (Senior Tracker),Acknowledged by Base
2010-03-12,CASE-2026-1388,Susa-A,Lethargy,Partial View (Dense Vegetation),High (Senior Tracker),Acknowledged by Base
2010-03-16,CASE-2026-1389,Pablo Group,Sustained nasal discharge,Clear View (Full Group),High (Senior Tracker),Sent
2010-03-17,None,Pablo Group,None,Clear View (Full Group),High (Senior Tracker),Acknowledged by Base
2010-03-17,None,Amahoro,None,Clear View (Full Group),High (Senior Tracker),Acknowledged by Base
2010-03-18,None,Kwitonda,None,Clear View (Full Group),High (Senior Tracker),Acknowledged by Base
2010-03-19,None,Susa-A,None,Clear View (Full Group),High (Senior Tracker),Acknowledged by Base
2010-03-22,None,Amahoro,None,Clear View (Full Group),High (Senior Tracker),Acknowledged by Base
2010-03-24,None,Susa-A,None,Partial View (Dense Vegetation),High (Senior Tracker),Acknowledged by Base
2010-03-24,CASE-2026-1390,Kwitonda,Mild coughing,Clear View (Full Group),High (Senior Tracker),Acknowledged by Base
2010-03-25,None,Pablo Group,None,Clear View (Full Group),High (Senior Tracker),Acknowledged by Base
2010-03-26,None,Kwitonda,None,Clear View (Full Group),High (Senior Tracker),Acknowledged by Base
2010-03-27,None,Pablo Group,None,Partial View (Dense Vegetation),High (Senior Tracker),Acknowledged by Base
2010-04-02,None,Susa-A,None,Partial View (Dense Vegetation),High (Senior Tracker),Acknowledged by Base
2010-04-05,None,Pablo Group,None,Partial View (Dense Vegetation),High (Senior Tracker),Acknowledged by Base
2010-04-06,None,Amahoro,None,Partial View (Dense Vegetation),High (Senior Tracker),Acknowledged by Base
2010-04-06,None,Kwitonda,None,Partial View (Dense Vegetation),High (Senior Tracker),Acknowledged by Base
2010-04-08,CASE-2026-1391,Pablo Group,Sustained nasal discharge,Clear View (Full Group),Medium,Sent
2010-04-11,None,Hirwa,None,Partial View (Dense Vegetation),High (Senior Tracker),Acknowledged by Base
2010-04-12,None,Susa-A,None,Clear View (Full Group),High (Senior Tracker),Acknowledged by Base
2010-04-13,CASE-2026-1392,Susa-A,Lethargy,Obscured (Heavy Rain),High (Senior Tracker),Sent
2010-04-14,None,Kwitonda,None,Clear View (Full Group),High (Senior Tracker),Acknowledged by Base
2010-04-15,CASE-2026-1393,Amahoro,Mild coughing,Partial View (Dense Vegetation),Low (Poor Conditions),Acknowledged by Base
2010-04-16,None,Hirwa,None,Clear View (Full Group),High (Senior Tracker),Acknowledged by Base
2010-04-18,None,Kwitonda,None,Clear View (Full Group),High (Senior Tracker),Acknowledged by Base
2010-04-18,None,Hirwa,None,Partial View (Dense Vegetation),High (Senior Tracker),Acknowledged by Base
2010-04-28,None,Pablo Group,None,Clear View (Full Group),High (Senior Tracker),Acknowledged by Base
2010-04-30,None,Amahoro,None,Clear View (Full Group),High (Senior Tracker),Acknowledged by Base
2010-05-02,CASE-2026-1394,Pablo Group,Sustained nasal discharge,Clear View (Full Group),High (Senior Tracker),Sent
2010-05-02,None,Amahoro,None,Partial View (Dense Vegetation),High (Senior Tracker),Acknowledged by Base
2010-05-03,None,Amahoro,None,Clear View (Full Group),High (Senior Tracker),Acknowledged by Base
2010-05-09,None,Kwitonda,None,Clear View (Full Group),High (Senior Tracker),Acknowledged by Base
2010-05-10,None,Amahoro,None,Clear View (Full Group),High (Senior Tracker),Acknowledged by Base
2010-05-17,None,Hirwa,None,Clear View (Full Group),High (Senior Tracker),Acknowledged by Base
2010-05-18,None,Amahoro,None,Partial View (Dense Vegetation),High (Senior Tracker),Acknowledged by Base
2010-05-19,None,Pablo Group,None,Clear View (Full Group),High (Senior Tracker),Acknowledged by Base
2010-05-20,None,Amahoro,None,Clear View (Full Group),High (Senior Tracker),Acknowledged by Base
2010-05-23,None,Hirwa,None,Partial View (Dense Vegetation),High (Senior Tracker),Acknowledged by Base
2010-05-25,None,Amahoro,None,Partial View (Dense Vegetation),High (Senior Tracker),Acknowledged by Base
2010-05-26,None,Amahoro,None,Partial View (Dense Vegetation),High (Senior Tracker),Acknowledged by Base
2010-05-26,None,Hirwa,None,Partial View (Dense Vegetation),High (Senior Tracker),Acknowledged by Base
2010-05-30,None,Hirwa,None,Partial View (Dense Vegetation),High (Senior Tracker),Acknowledged by Base
2010-05-31,None,Susa-A,None,Partial View (Dense Vegetation),High (Senior Tracker),Acknowledged by Base
2010-06-01,None,Kwitonda,None,Partial View (Dense Vegetation),High (Senior Tracker),Acknowledged by Base
2010-06-03,None,Amahoro,None,Partial View (Dense Vegetation),High (Senior Tracker),Acknowledged by Base
2010-06-03,None,Kwitonda,None,Partial View (Dense Vegetation),High (Senior Tracker),Acknowledged by Base
2010-06-04,None,Pablo Group,None,Clear View (Full Group),High (Senior Tracker),Acknowledged by Base
2010-06-04,None,Amahoro,None,Clear View (Full Group),High (Senior Tracker),Acknowledged by Base
2010-06-06,None,Kwitonda,None,Clear View (Full Group),High (Senior Tracker),Acknowledged by Base
2010-06-07,CASE-2026-1395,Pablo Group,Sustained nasal discharge,Clear View (Full Group),High (Senior Tracker),Seen
2010-06-09,None,Amahoro,None,Partial View (Dense Vegetation),High (Senior Tracker),Acknowledged by Base
2010-06-10,None,Hirwa,None,Partial View (Dense Vegetation),High (Senior Tracker),Acknowledged by Base
2010-06-11,None,Hirwa,None,Partial View (Dense Vegetation),High (Senior Tracker),Acknowledged by Base
2010-06-14,CASE-2026-1396,Kwitonda,Mild coughing,Clear View (Full Group),Low (Poor Conditions),Seen
2010-06-15,None,Amahoro,None,Clear View (Full Group),High (Senior Tracker),Acknowledged by Base
2010-06-17,None,Hirwa,None,Partial View (Dense Vegetation),High (Senior Tracker),Acknowledged by Base
2010-06-19,None,Kwitonda,None,Clear View (Full Group),High (Senior Tracker),Acknowledged by Base
2010-06-20,None,Susa-A,None,Clear View (Full Group),High (Senior Tracker),Acknowledged by Base
2010-06-20,None,Pablo Group,None,Clear View (Full Group),High (Senior Tracker),Acknowledged by Base
2010-06-22,None,Amahoro,None,Clear View (Full Group),High (Senior Tracker),Acknowledged by Base
2010-06-24,None,Hirwa,None,Clear View (Full Group),High (Senior Tracker),Acknowledged by Base
2010-06-25,None,Susa-A,None,Partial View (Dense Vegetation),High (Senior Tracker),Acknowledged by Base
2010-06-29,CASE-2026-1397,Susa-A,"Heavy coughing, wheezing",Obscured (Heavy Rain),Medium,Acknowledged by Base
2010-06-30,None,Amahoro,None,Partial View (Dense Vegetation),High (Senior Tracker),Acknowledged by Base
2010-07-01,None,Hirwa,None,Partial View (Dense Vegetation),High (Senior Tracker),Acknowledged by Base
2010-07-03,CASE-2026-1398,Amahoro,Sustained nasal discharge,Partial View (Dense Vegetation),High (Senior Tracker),Acknowledged by Base
2010-07-04,CASE-2026-1399,Susa-A,Mild coughing,Obscured (Heavy Rain),Low (Poor Conditions),Acknowledged by Base
2010-07-05,None,Susa-A,None,Clear View (Full Group),High (Senior Tracker),Acknowledged by Base
2010-07-05,None,Hirwa,None,Partial View (Dense Vegetation),High (Senior Tracker),Acknowledged by Base
2010-07-09,None,Amahoro,None,Partial View (Dense Vegetation),High (Senior Tracker),Acknowledged by Base
2010-07-10,None,Susa-A,None,Partial View (Dense Vegetation),High (Senior Tracker),Acknowledged by Base
2010-07-10,None,Amahoro,None,Partial View (Dense Vegetation),High (Senior Tracker),Acknowledged by Base
2010-07-11,None,Susa-A,None,Clear View (Full Group),High (Senior Tracker),Acknowledged by Base
2010-07-13,None,Kwitonda,None,Clear View (Full Group),High (Senior Tracker),Acknowledged by Base
2010-07-22,None,Susa-A,None,Clear View (Full Group),High (Senior Tracker),Acknowledged by Base
2010-07-22,None,Pablo Group,None,Clear View (Full Group),High (Senior Tracker),Acknowledged by Base
2010-07-22,None,Amahoro,None,Clear View (Full Group),High (Senior Tracker),Acknowledged by Base
2010-07-22,None,Kwitonda,None,Clear View (Full Group),High (Senior Tracker),Acknowledged by Base
2010-07-24,None,Susa-A,None,Clear View (Full Group),High (Senior Tracker),Acknowledged by Base
2010-07-24,None,Hirwa,None,Partial View (Dense Vegetation),High (Senior Tracker),Acknowledged by Base
2010-07-26,None,Pablo Group,None,Partial View (Dense Vegetation),High (Senior Tracker),Acknowledged by Base
2010-07-27,None,Pablo Group,None,Clear View (Full Group),High (Senior Tracker),Acknowledged by Base
2010-07-28,None,Pablo Group,None,Partial View (Dense Vegetation),High (Senior Tracker),Acknowledged by Base
2010-08-02,None,Susa-A,None,Partial View (Dense Vegetation),High (Senior Tracker),Acknowledged by Base
2010-08-03,None,Susa-A,None,Clear View (Full Group),High (Senior Tracker),Acknowledged by Base
2010-08-03,CASE-2026-1400,Pablo Group,Sustained nasal discharge,Obscured (Heavy Rain),High (Senior Tracker),Sent
2010-08-03,None,Amahoro,None,Partial View (Dense Vegetation),High (Senior Tracker),Acknowledged by Base
2010-08-06,None,Pablo Group,None,Clear View (Full Group),High (Senior Tracker),Acknowledged by Base
2010-08-07,None,Susa-A,None,Clear View (Full Group),High (Senior Tracker),Acknowledged by Base
2010-08-07,None,Kwitonda,None,Partial View (Dense Vegetation),High (Senior Tracker),Acknowledged by Base
2010-08-08,None,Pablo Group,None,Partial View (Dense Vegetation),High (Senior Tracker),Acknowledged by Base
2010-08-10,None,Kwitonda,None,Clear View (Full Group),High (Senior Tracker),Acknowledged by Base
2010-08-11,None,Pablo Group,None,Clear View (Full Group),High (Senior Tracker),Acknowledged by Base
2010-08-15,None,Susa-A,None,Partial View (Dense Vegetation),High (Senior Tracker),Acknowledged by Base
2010-08-15,CASE-2026-1401,Hirwa,Mild coughing,Clear View (Full Group),Medium,Sent
2010-08-17,None,Pablo Group,None,Clear View (Full Group),High (Senior Tracker),Acknowledged by Base
2010-08-23,None,Kwitonda,None,Partial View (Dense Vegetation),High (Senior Tracker),Acknowledged by Base
2010-08-28,None,Kwitonda,None,Partial View (Dense Vegetation),High (Senior Tracker),Acknowledged by Base
2010-08-29,None,Amahoro,None,Partial View (Dense Vegetation),High (Senior Tracker),Acknowledged by Base
2010-08-29,None,Hirwa,None,Clear View (Full Group),High (Senior Tracker),Acknowledged by Base
2010-08-30,None,Amahoro,None,Clear View (Full Group),High (Senior Tracker),Acknowledged by Base
2010-08-30,None,Kwitonda,None,Clear View (Full Group),High (Senior Tracker),Acknowledged by Base
2010-09-03,None,Pablo Group,None,Clear View (Full Group),High (Senior Tracker),Acknowledged by Base
2010-09-03,None,Kwitonda,None,Clear View (Full Group),High (Senior Tracker),Acknowledged by Base
2010-09-04,CASE-2026-1402,Pablo Group,Mild coughing,Partial View (Dense Vegetation),Medium,Acknowledged by Base
2010-09-04,None,Kwitonda,None,Clear View (Full Group),High (Senior Tracker),Acknowledged by Base
2010-09-05,None,Susa-A,None,Clear View (Full Group),High (Senior Tracker),Acknowledged by Base
2010-09-07,CASE-2026-1403,Amahoro,Lethargy,Obscured (Heavy Rain),High (Senior Tracker),Seen
2010-09-07,None,Hirwa,None,Partial View (Dense Vegetation),High (Senior Tracker),Acknowledged by Base
2010-09-09,None,Amahoro,None,Partial View (Dense Vegetation),High (Senior Tracker),Acknowledged by Base
2010-09-09,None,Kwitonda,None,Partial View (Dense Vegetation),High (Senior Tracker),Acknowledged by Base
2010-09-14,None,Amahoro,None,Partial View (Dense Vegetation),High (Senior Tracker),Acknowledged by Base
2010-09-17,None,Kwitonda,None,Partial View (Dense Vegetation),High (Senior Tracker),Acknowledged by Base
2010-09-19,None,Pablo Group,None,Partial View (Dense Vegetation),High (Senior Tracker),Acknowledged by Base
2010-09-19,None,Hirwa,None,Clear View (Full Group),High (Senior Tracker),Acknowledged by Base
2010-09-20,None,Amahoro,None,Partial View (Dense Vegetation),High (Senior Tracker),Acknowledged by Base
2010-09-21,None,Kwitonda,None,Clear View (Full Group),High (Senior Tracker),Acknowledged by Base
2010-09-22,None,Pablo Group,None,Clear View (Full Group),High (Senior Tracker),Acknowledged by Base
2010-09-23,None,Amahoro,None,Clear View (Full Group),High (Senior Tracker),Acknowledged by Base
2010-09-28,None,Kwitonda,None,Partial View (Dense Vegetation),High (Senior Tracker),Acknowledged by Base
2010-09-30,CASE-2026-1404,Pablo Group,Mild coughing,Clear View (Full Group),High (Senior Tracker),Sent
2010-10-06,None,Kwitonda,None,Clear View (Full Group),High (Senior Tracker),Acknowledged by Base
2010-10-07,None,Pablo Group,None,Clear View (Full Group),High (Senior Tracker),Acknowledged by Base
2010-10-08,None,Susa-A,None,Partial View (Dense Vegetation),High (Senior Tracker),Acknowledged by Base
2010-10-09,None,Hirwa,None,Clear View (Full Group),High (Senior Tracker),Acknowledged by Base
2010-10-11,None,Susa-A,None,Clear View (Full Group),High (Senior Tracker),Acknowledged by Base
2010-10-12,None,Hirwa,None,Clear View (Full Group),High (Senior Tracker),Acknowledged by Base
2010-10-14,None,Susa-A,None,Clear View (Full Group),High (Senior Tracker),Acknowledged by Base
2010-10-14,None,Hirwa,None,Partial View (Dense Vegetation),High (Senior Tracker),Acknowledged by Base
2010-10-16,None,Hirwa,None,Clear View (Full Group),High (Senior Tracker),Acknowledged by Base
2010-10-17,None,Kwitonda,None,Partial View (Dense Vegetation),High (Senior Tracker),Acknowledged by Base
2010-10-18,CASE-2026-1405,Susa-A,"Heavy coughing, wheezing",Clear View (Full Group),Low (Poor Conditions),Acknowledged by Base
2010-10-18,None,Pablo Group,None,Partial View (Dense Vegetation),High (Senior Tracker),Acknowledged by Base
2010-10-19,CASE-2026-1406,Kwitonda,Mild coughing,Partial View (Dense Vegetation),High (Senior Tracker),Acknowledged by Base
2010-10-24,CASE-2026-1407,Kwitonda,Mild coughing,Obscured (Heavy Rain),High (Senior Tracker),Acknowledged by Base
2010-10-25,None,Susa-A,None,Clear View (Full Group),High (Senior Tracker),Acknowledged by Base
2010-10-26,CASE-2026-1408,Kwitonda,Mild coughing,Clear View (Full Group),High (Senior Tracker),Seen
2010-10-28,None,Hirwa,None,Partial View (Dense Vegetation),High (Senior Tracker),Acknowledged by Base
2010-10-30,None,Amahoro,None,Partial View (Dense Vegetation),High (Senior Tracker),Acknowledged by Base
2010-11-05,CASE-2026-1409,Hirwa,Sustained nasal discharge,Obscured (Heavy Rain),High (Senior Tracker),Seen
2010-11-07,None,Amahoro,None,Partial View (Dense Vegetation),High (Senior Tracker),Acknowledged by Base
2010-11-07,None,Hirwa,None,Partial View (Dense Vegetation),High (Senior Tracker),Acknowledged by Base
2010-11-09,None,Pablo Group,None,Partial View (Dense Vegetation),High (Senior Tracker),Acknowledged by Base
2010-11-10,None,Pablo Group,None,Partial View (Dense Vegetation),High (Senior Tracker),Acknowledged by Base
2010-11-10,None,Kwitonda,None,Clear View (Full Group),High (Senior Tracker),Acknowledged by Base
2010-11-11,None,Kwitonda,None,Clear View (Full Group),High (Senior Tracker),Acknowledged by Base
2010-11-11,CASE-2026-1410,Hirwa,Mild coughing,Partial View (Dense Vegetation),High (Senior Tracker),Seen
2010-11-12,None,Amahoro,None,Partial View (Dense Vegetation),High (Senior Tracker),Acknowledged by Base
2010-11-13,CASE-2026-1411,Pablo Group,Lethargy,Clear View (Full Group),Medium,Acknowledged by Base
2010-11-14,CASE-2026-1412,Kwitonda,Sustained nasal discharge,Partial View (Dense Vegetation),High (Senior Tracker),Seen
2010-11-15,None,Amahoro,None,Partial View (Dense Vegetation),High (Senior Tracker),Acknowledged by Base
2010-11-15,None,Kwitonda,None,Clear View (Full Group),High (Senior Tracker),Acknowledged by Base
2010-11-15,None,Hirwa,None,Clear View (Full Group),High (Senior Tracker),Acknowledged by Base
2010-11-20,None,Hirwa,None,Partial View (Dense Vegetation),High (Senior Tracker),Acknowledged by Base
2010-11-22,None,Pablo Group,None,Partial View (Dense Vegetation),High (Senior Tracker),Acknowledged by Base
2010-11-22,None,Hirwa,None,Clear View (Full Group),High (Senior Tracker),Acknowledged by Base
2010-11-28,None,Susa-A,None,Clear View (Full Group),High (Senior Tracker),Acknowledged by Base
2010-11-28,None,Amahoro,None,Partial View (Dense Vegetation),High (Senior Tracker),Acknowledged by Base
2010-11-29,None,Hirwa,None,Partial View (Dense Vegetation),High (Senior Tracker),Acknowledged by Base
2010-12-04,None,Susa-A,None,Partial View (Dense Vegetation),High (Senior Tracker),Acknowledged by Base
2010-12-04,None,Amahoro,None,Clear View (Full Group),High (Senior Tracker),Acknowledged by Base
2010-12-06,None,Hirwa,None,Partial View (Dense Vegetation),High (Senior Tracker),Acknowledged by Base
2010-12-07,None,Amahoro,None,Clear View (Full Group),High (Senior Tracker),Acknowledged by Base
2010-12-09,CASE-2026-1413,Susa-A,Mild coughing,Clear View (Full Group),Medium,Seen
2010-12-09,None,Hirwa,None,Clear View (Full Group),High (Senior Tracker),Acknowledged by Base
2010-12-12,None,Hirwa,None,Clear View (Full Group),High (Senior Tracker),Acknowledged by Base
2010-12-13,None,Susa-A,None,Partial View (Dense Vegetation),High (Senior Tracker),Acknowledged by Base
2010-12-15,None,Pablo Group,None,Clear View (Full Group),High (Senior Tracker),Acknowledged by Base
2010-12-15,None,Amahoro,None,Clear View (Full Group),High (Senior Tracker),Acknowledged by Base
2010-12-16,None,Susa-A,None,Clear View (Full Group),High (Senior Tracker),Acknowledged by Base
2010-12-16,None,Kwitonda,None,Clear View (Full Group),High (Senior Tracker),Acknowledged by Base
2010-12-16,None,Hirwa,None,Clear View (Full Group),High (Senior Tracker),Acknowledged by Base
2010-12-19,None,Amahoro,None,Clear View (Full Group),High (Senior Tracker),Acknowledged by Base
2010-12-19,None,Kwitonda,None,Clear View (Full Group),High (Senior Tracker),Acknowledged by Base
2010-12-20,None,Susa-A,None,Clear View (Full Group),High (Senior Tracker),Acknowledged by Base
2010-12-20,None,Hirwa,None,Partial View (Dense Vegetation),High (Senior Tracker),Acknowledged by Base
2010-12-22,None,Pablo Group,None,Partial View (Dense Vegetation),High (Senior Tracker),Acknowledged by Base
2010-12-23,None,Susa-A,None,Partial View (Dense Vegetation),High (Senior Tracker),Acknowledged by Base
2010-12-23,None,Kwitonda,None,Clear View (Full Group),High (Senior Tracker),Acknowledged by Base
2010-12-26,None,Pablo Group,None,Clear View (Full Group),High (Senior Tracker),Acknowledged by Base
2010-12-31,None,Kwitonda,None,Partial View (Dense Vegetation),High (Senior Tracker),Acknowledged by Base
2011-01-01,None,Amahoro,None,Partial View (Dense Vegetation),High (Senior Tracker),Acknowledged by Base
2011-01-04,None,Kwitonda,None,Clear View (Full Group),High (Senior Tracker),Acknowledged by Base
2011-01-08,None,Kwitonda,None,Partial View (Dense Vegetation),High (Senior Tracker),Acknowledged by Base
2011-01-09,None,Susa-A,None,Clear View (Full Group),High (Senior Tracker),Acknowledged by Base
2011-01-09,CASE-2026-1414,Amahoro,Mild coughing,Partial View (Dense Vegetation),High (Senior Tracker),Seen
2011-01-11,None,Amahoro,None,Clear View (Full Group),High (Senior Tracker),Acknowledged by Base
2011-01-14,None,Hirwa,None,Clear View (Full Group),High (Senior Tracker),Acknowledged by Base
2011-01-17,None,Amahoro,None,Partial View (Dense Vegetation),High (Senior Tracker),Acknowledged by Base
2011-01-19,None,Kwitonda,None,Clear View (Full Group),High (Senior Tracker),Acknowledged by Base
2011-01-20,None,Amahoro,None,Partial View (Dense Vegetation),High (Senior Tracker),Acknowledged by Base
2011-01-22,CASE-2026-1415,Pablo Group,Mild coughing,Partial View (Dense Vegetation),High (Senior Tracker),Sent
2011-01-27,None,Amahoro,None,Partial View (Dense Vegetation),High (Senior Tracker),Acknowledged by Base
2011-01-28,None,Pablo Group,None,Partial View (Dense Vegetation),High (Senior Tracker),Acknowledged by Base
2011-01-29,None,Amahoro,None,Partial View (Dense Vegetation),High (Senior Tracker),Acknowledged by Base
2011-02-02,None,Kwitonda,None,Partial View (Dense Vegetation),High (Senior Tracker),Acknowledged by Base
2011-02-04,CASE-2026-1416,Kwitonda,Mild coughing,Partial View (Dense Vegetation),High (Senior Tracker),Sent
2011-02-07,None,Susa-A,None,Partial View (Dense Vegetation),High (Senior Tracker),Acknowledged by Base
2011-02-07,None,Kwitonda,None,Clear View (Full Group),High (Senior Tracker),Acknowledged by Base
2011-02-10,None,Hirwa,None,Clear View (Full Group),High (Senior Tracker),Acknowledged by Base
2011-02-13,None,Kwitonda,None,Clear View (Full Group),High (Senior Tracker),Acknowledged by Base
2011-02-13,None,Hirwa,None,Clear View (Full Group),High (Senior Tracker),Acknowledged by Base
2011-02-14,CASE-2026-1417,Kwitonda,Sustained nasal discharge,Partial View (Dense Vegetation),Low (Poor Conditions),Seen
2011-02-14,None,Hirwa,None,Clear View (Full Group),High (Senior Tracker),Acknowledged by Base
2011-02-15,None,Amahoro,None,Clear View (Full Group),High (Senior Tracker),Acknowledged by Base
2011-02-16,None,Pablo Group,None,Clear View (Full Group),High (Senior Tracker),Acknowledged by Base
2011-02-16,None,Amahoro,None,Partial View (Dense Vegetation),High (Senior Tracker),Acknowledged by Base
2011-02-22,None,Amahoro,None,Partial View (Dense Vegetation),High (Senior Tracker),Acknowledged by Base
2011-02-22,None,Hirwa,None,Clear View (Full Group),High (Senior Tracker),Acknowledged by Base
2011-02-27,None,Hirwa,None,Partial View (Dense Vegetation),High (Senior Tracker),Acknowledged by Base
2011-02-28,None,Kwitonda,None,Partial View (Dense Vegetation),High (Senior Tracker),Acknowledged by Base
2011-03-01,None,Kwitonda,None,Clear View (Full Group),High (Senior Tracker),Acknowledged by Base
2011-03-03,None,Hirwa,None,Partial View (Dense Vegetation),High (Senior Tracker),Acknowledged by Base
2011-03-08,None,Susa-A,None,Partial View (Dense Vegetation),High (Senior Tracker),Acknowledged by Base
2011-03-08,None,Amahoro,None,Partial View (Dense Vegetation),High (Senior Tracker),Acknowledged by Base
2011-03-08,None,Hirwa,None,Partial View (Dense Vegetation),High (Senior Tracker),Acknowledged by Base
2011-03-09,None,Amahoro,None,Clear View (Full Group),High (Senior Tracker),Acknowledged by Base
2011-03-10,None,Susa-A,None,Partial View (Dense Vegetation),High (Senior Tracker),Acknowledged by Base
2011-03-11,None,Amahoro,None,Partial View (Dense Vegetation),High (Senior Tracker),Acknowledged by Base
2011-03-13,None,Pablo Group,None,Clear View (Full Group),High (Senior Tracker),Acknowledged by Base
2011-03-14,CASE-2026-1418,Pablo Group,Sustained nasal discharge,Obscured (Heavy Rain),Medium,Acknowledged by Base
2011-03-15,None,Amahoro,None,Clear View (Full Group),High (Senior Tracker),Acknowledged by Base
2011-03-18,None,Susa-A,None,Partial View (Dense Vegetation),High (Senior Tracker),Acknowledged by Base
2011-03-22,CASE-2026-1419,Kwitonda,"Heavy coughing, wheezing",Partial View (Dense Vegetation),Low (Poor Conditions),Acknowledged by Base
2011-04-01,None,Susa-A,None,Clear View (Full Group),High (Senior Tracker),Acknowledged by Base
2011-04-02,None,Kwitonda,None,Clear View (Full Group),High (Senior Tracker),Acknowledged by Base
2011-04-08,None,Susa-A,None,Partial View (Dense Vegetation),High (Senior Tracker),Acknowledged by Base
2011-04-08,None,Hirwa,None,Partial View (Dense Vegetation),High (Senior Tracker),Acknowledged by Base
2011-04-10,None,Kwitonda,None,Clear View (Full Group),High (Senior Tracker),Acknowledged by Base
2011-04-11,None,Kwitonda,None,Clear View (Full Group),High (Senior Tracker),Acknowledged by Base
2011-04-14,None,Kwitonda,None,Partial View (Dense Vegetation),High (Senior Tracker),Acknowledged by Base
2011-04-17,None,Amahoro,None,Clear View (Full Group),High (Senior Tracker),Acknowledged by Base
2011-04-18,None,Hirwa,None,Partial View (Dense Vegetation),High (Senior Tracker),Acknowledged by Base
2011-04-19,None,Amahoro,None,Clear View (Full Group),High (Senior Tracker),Acknowledged by Base
2011-04-21,None,Amahoro,None,Partial View (Dense Vegetation),High (Senior Tracker),Acknowledged by Base
2011-04-23,None,Hirwa,None,Partial View (Dense Vegetation),High (Senior Tracker),Acknowledged by Base
2011-04-24,None,Susa-A,None,Clear View (Full Group),High (Senior Tracker),Acknowledged by Base
2011-04-25,None,Hirwa,None,Clear View (Full Group),High (Senior Tracker),Acknowledged by Base
2011-04-26,CASE-2026-1420,Pablo Group,Sustained nasal discharge,Partial View (Dense Vegetation),High (Senior Tracker),Sent
2011-04-28,None,Pablo Group,None,Partial View (Dense Vegetation),High (Senior Tracker),Acknowledged by Base
2011-04-29,CASE-2026-1421,Amahoro,Sustained nasal discharge,Clear View (Full Group),Medium,Acknowledged by Base
2011-05-01,None,Hirwa,None,Clear View (Full Group),High (Senior Tracker),Acknowledged by Base
2011-05-02,None,Hirwa,None,Clear View (Full Group),High (Senior Tracker),Acknowledged by Base
2011-05-03,None,Hirwa,None,Clear View (Full Group),High (Senior Tracker),Acknowledged by Base
2011-05-05,CASE-2026-1422,Susa-A,Lethargy,Obscured (Heavy Rain),Low (Poor Conditions),Sent
2011-05-05,None,Pablo Group,None,Partial View (Dense Vegetation),High (Senior Tracker),Acknowledged by Base
2011-05-06,None,Amahoro,None,Clear View (Full Group),High (Senior Tracker),Acknowledged by Base
2011-05-07,None,Susa-A,None,Partial View (Dense Vegetation),High (Senior Tracker),Acknowledged by Base
2011-05-08,None,Susa-A,None,Clear View (Full Group),High (Senior Tracker),Acknowledged by Base
2011-05-08,CASE-2026-1423,Amahoro,Mild coughing,Clear View (Full Group),High (Senior Tracker),Seen
2011-05-08,CASE-2026-1424,Hirwa,Mild coughing,Clear View (Full Group),Medium,Sent
2011-05-11,None,Kwitonda,None,Partial View (Dense Vegetation),High (Senior Tracker),Acknowledged by Base
2011-05-12,None,Hirwa,None,Partial View (Dense Vegetation),High (Senior Tracker),Acknowledged by Base
2011-05-17,None,Pablo Group,None,Clear View (Full Group),High (Senior Tracker),Acknowledged by Base
2011-05-17,None,Amahoro,None,Clear View (Full Group),High (Senior Tracker),Acknowledged by Base
2011-05-18,None,Amahoro,None,Partial View (Dense Vegetation),High (Senior Tracker),Acknowledged by Base
2011-05-18,None,Hirwa,None,Clear View (Full Group),High (Senior Tracker),Acknowledged by Base
2011-05-21,None,Susa-A,None,Partial View (Dense Vegetation),High (Senior Tracker),Acknowledged by Base
2011-05-23,None,Kwitonda,None,Partial View (Dense Vegetation),High (Senior Tracker),Acknowledged by Base
2011-05-27,None,Pablo Group,None,Partial View (Dense Vegetation),High (Senior Tracker),Acknowledged by Base
2011-05-27,None,Amahoro,None,Clear View (Full Group),High (Senior Tracker),Acknowledged by Base
2011-05-29,None,Susa-A,None,Partial View (Dense Vegetation),High (Senior Tracker),Acknowledged by Base
2011-05-29,None,Pablo Group,None,Clear View (Full Group),High (Senior Tracker),Acknowledged by Base
2011-06-01,None,Hirwa,None,Partial View (Dense Vegetation),High (Senior Tracker),Acknowledged by Base
2011-06-02,None,Amahoro,None,Partial View (Dense Vegetation),High (Senior Tracker),Acknowledged by Base
2011-06-02,None,Hirwa,None,Partial View (Dense Vegetation),High (Senior Tracker),Acknowledged by Base
2011-06-03,None,Susa-A,None,Partial View (Dense Vegetation),High (Senior Tracker),Acknowledged by Base
2011-06-06,None,Susa-A,None,Clear View (Full Group),High (Senior Tracker),Acknowledged by Base
2011-06-09,None,Pablo Group,None,Clear View (Full Group),High (Senior Tracker),Acknowledged by Base
2011-06-14,CASE-2026-1425,Hirwa,Lethargy,Clear View (Full Group),High (Senior Tracker),Sent
2011-06-15,None,Amahoro,None,Partial View (Dense Vegetation),High (Senior Tracker),Acknowledged by Base
2011-06-19,None,Pablo Group,None,Partial View (Dense Vegetation),High (Senior Tracker),Acknowledged by Base
2011-06-21,None,Susa-A,None,Partial View (Dense Vegetation),High (Senior Tracker),Acknowledged by Base
2011-06-22,None,Pablo Group,None,Clear View (Full Group),High (Senior Tracker),Acknowledged by Base
2011-07-02,CASE-2026-1426,Pablo Group,Sustained nasal discharge,Partial View (Dense Vegetation),Low (Poor Conditions),Sent
2011-07-02,None,Amahoro,None,Clear View (Full Group),High (Senior Tracker),Acknowledged by Base
2011-07-02,None,Hirwa,None,Clear View (Full Group),High (Senior Tracker),Acknowledged by Base
2011-07-04,None,Hirwa,None,Clear View (Full Group),High (Senior Tracker),Acknowledged by Base
2011-07-07,None,Amahoro,None,Partial View (Dense Vegetation),High (Senior Tracker),Acknowledged by Base
2011-07-08,None,Kwitonda,None,Partial View (Dense Vegetation),High (Senior Tracker),Acknowledged by Base
2011-07-09,None,Susa-A,None,Partial View (Dense Vegetation),High (Senior Tracker),Acknowledged by Base
2011-07-09,None,Kwitonda,None,Clear View (Full Group),High (Senior Tracker),Acknowledged by Base
2011-07-10,CASE-2026-1427,Kwitonda,Sustained nasal discharge,Partial View (Dense Vegetation),Medium,Acknowledged by Base
2011-07-11,None,Pablo Group,None,Partial View (Dense Vegetation),High (Senior Tracker),Acknowledged by Base
2011-07-12,CASE-2026-1428,Susa-A,Mild coughing,Partial View (Dense Vegetation),Medium,Sent
2011-07-13,CASE-2026-1429,Kwitonda,Lethargy,Clear View (Full Group),High (Senior Tracker),Seen
2011-07-15,None,Hirwa,None,Partial View (Dense Vegetation),High (Senior Tracker),Acknowledged by Base
2011-07-17,None,Susa-A,None,Clear View (Full Group),High (Senior Tracker),Acknowledged by Base
2011-07-17,None,Pablo Group,None,Clear View (Full Group),High (Senior Tracker),Acknowledged by Base
2011-07-19,None,Kwitonda,None,Partial View (Dense Vegetation),High (Senior Tracker),Acknowledged by Base
2011-07-20,None,Kwitonda,None,Clear View (Full Group),High (Senior Tracker),Acknowledged by Base
2011-07-21,CASE-2026-1430,Kwitonda,Mild coughing,Partial View (Dense Vegetation),Medium,Seen
2011-07-25,None,Hirwa,None,Clear View (Full Group),High (Senior Tracker),Acknowledged by Base
2011-07-29,None,Hirwa,None,Partial View (Dense Vegetation),High (Senior Tracker),Acknowledged by Base
2011-07-30,None,Pablo Group,None,Clear View (Full Group),High (Senior Tracker),Acknowledged by Base
2011-07-30,None,Hirwa,None,Partial View (Dense Vegetation),High (Senior Tracker),Acknowledged by Base
2011-07-31,None,Kwitonda,None,Clear View (Full Group),High (Senior Tracker),Acknowledged by Base
2011-08-01,None,Pablo Group,None,Clear View (Full Group),High (Senior Tracker),Acknowledged by Base
2011-08-02,CASE-2026-1431,Hirwa,Mild coughing,Partial View (Dense Vegetation),High (Senior Tracker),Seen
2011-08-04,None,Pablo Group,None,Clear View (Full Group),High (Senior Tracker),Acknowledged by Base
2011-08-04,None,Amahoro,None,Partial View (Dense Vegetation),High (Senior Tracker),Acknowledged by Base
2011-08-07,None,Amahoro,None,Partial View (Dense Vegetation),High (Senior Tracker),Acknowledged by Base
2011-08-10,None,Kwitonda,None,Partial View (Dense Vegetation),High (Senior Tracker),Acknowledged by Base
2011-08-13,None,Amahoro,None,Partial View (Dense Vegetation),High (Senior Tracker),Acknowledged by Base
2011-08-14,None,Kwitonda,None,Clear View (Full Group),High (Senior Tracker),Acknowledged by Base
2011-08-16,None,Pablo Group,None,Clear View (Full Group),High (Senior Tracker),Acknowledged by Base
2011-08-16,None,Amahoro,None,Clear View (Full Group),High (Senior Tracker),Acknowledged by Base
2011-08-19,None,Susa-A,None,Clear View (Full Group),High (Senior Tracker),Acknowledged by Base
2011-08-19,CASE-2026-1432,Pablo Group,"Heavy coughing, wheezing",Clear View (Full Group),Medium,Sent
2011-08-21,None,Kwitonda,None,Clear View (Full Group),High (Senior Tracker),Acknowledged by Base
2011-08-22,None,Susa-A,None,Partial View (Dense Vegetation),High (Senior Tracker),Acknowledged by Base
2011-08-22,None,Hirwa,None,Partial View (Dense Vegetation),High (Senior Tracker),Acknowledged by Base
2011-08-23,None,Susa-A,None,Clear View (Full Group),High (Senior Tracker),Acknowledged by Base
2011-08-25,None,Hirwa,None,Clear View (Full Group),High (Senior Tracker),Acknowledged by Base
2011-08-26,None,Amahoro,None,Partial View (Dense Vegetation),High (Senior Tracker),Acknowledged by Base
2011-08-28,None,Pablo Group,None,Partial View (Dense Vegetation),High (Senior Tracker),Acknowledged by Base
2011-08-31,None,Hirwa,None,Clear View (Full Group),High (Senior Tracker),Acknowledged by Base
2011-09-02,None,Kwitonda,None,Partial View (Dense Vegetation),High (Senior Tracker),Acknowledged by Base
2011-09-03,None,Hirwa,None,Clear View (Full Group),High (Senior Tracker),Acknowledged by Base
2011-09-06,None,Susa-A,None,Partial View (Dense Vegetation),High (Senior Tracker),Acknowledged by Base
2011-09-06,None,Kwitonda,None,Partial View (Dense Vegetation),High (Senior Tracker),Acknowledged by Base
2011-09-09,None,Pablo Group,None,Clear View (Full Group),High (Senior Tracker),Acknowledged by Base
2011-09-10,None,Kwitonda,None,Clear View (Full Group),High (Senior Tracker),Acknowledged by Base
2011-09-11,None,Kwitonda,None,Partial View (Dense Vegetation),High (Senior Tracker),Acknowledged by Base
2011-09-12,None,Susa-A,None,Clear View (Full Group),High (Senior Tracker),Acknowledged by Base
2011-09-14,CASE-2026-1433,Pablo Group,Mild coughing,Clear View (Full Group),Low (Poor Conditions),Seen
2011-09-15,None,Kwitonda,None,Clear View (Full Group),High (Senior Tracker),Acknowledged by Base
2011-09-17,CASE-2026-1434,Hirwa,Lethargy,Partial View (Dense Vegetation),High (Senior Tracker),Seen
2011-09-20,None,Kwitonda,None,Partial View (Dense Vegetation),High (Senior Tracker),Acknowledged by Base
2011-09-21,CASE-2026-1435,Kwitonda,Lethargy,Partial View (Dense Vegetation),Low (Poor Conditions),Seen
2011-09-24,CASE-2026-1436,Susa-A,Mild coughing,Obscured (Heavy Rain),Low (Poor Conditions),Acknowledged by Base
2011-09-24,None,Pablo Group,None,Clear View (Full Group),High (Senior Tracker),Acknowledged by Base
2011-09-25,None,Kwitonda,None,Clear View (Full Group),High (Senior Tracker),Acknowledged by Base
2011-09-27,None,Kwitonda,None,Clear View (Full Group),High (Senior Tracker),Acknowledged by Base
2011-09-28,None,Susa-A,None,Partial View (Dense Vegetation),High (Senior Tracker),Acknowledged by Base
2011-10-02,None,Hirwa,None,Partial View (Dense Vegetation),High (Senior Tracker),Acknowledged by Base
2011-10-03,None,Pablo Group,None,Partial View (Dense Vegetation),High (Senior Tracker),Acknowledged by Base
2011-10-07,None,Kwitonda,None,Clear View (Full Group),High (Senior Tracker),Acknowledged by Base
2011-10-09,None,Kwitonda,None,Clear View (Full Group),High (Senior Tracker),Acknowledged by Base
2011-10-09,None,Hirwa,None,Clear View (Full Group),High (Senior Tracker),Acknowledged by Base
2011-10-12,None,Hirwa,None,Clear View (Full Group),High (Senior Tracker),Acknowledged by Base
2011-10-16,CASE-2026-1437,Susa-A,Mild coughing,Partial View (Dense Vegetation),Medium,Sent
2011-10-21,None,Pablo Group,None,Partial View (Dense Vegetation),High (Senior Tracker),Acknowledged by Base
2011-10-23,None,Amahoro,None,Clear View (Full Group),High (Senior Tracker),Acknowledged by Base
2011-10-23,None,Kwitonda,None,Partial View (Dense Vegetation),High (Senior Tracker),Acknowledged by Base
2011-10-24,None,Susa-A,None,Partial View (Dense Vegetation),High (Senior Tracker),Acknowledged by Base
2011-10-24,None,Hirwa,None,Clear View (Full Group),High (Senior Tracker),Acknowledged by Base
2011-10-25,None,Pablo Group,None,Partial View (Dense Vegetation),High (Senior Tracker),Acknowledged by Base
2011-10-25,None,Hirwa,None,Partial View (Dense Vegetation),High (Senior Tracker),Acknowledged by Base
2011-10-26,None,Pablo Group,None,Partial View (Dense Vegetation),High (Senior Tracker),Acknowledged by Base
2011-10-27,None,Susa-A,None,Clear View (Full Group),High (Senior Tracker),Acknowledged by Base
2011-10-27,None,Hirwa,None,Partial View (Dense Vegetation),High (Senior Tracker),Acknowledged by Base
2011-10-28,None,Pablo Group,None,Clear View (Full Group),High (Senior Tracker),Acknowledged by Base
2011-10-28,CASE-2026-1438,Amahoro,Mild coughing,Partial View (Dense Vegetation),Medium,Acknowledged by Base
2011-10-29,None,Hirwa,None,Clear View (Full Group),High (Senior Tracker),Acknowledged by Base
2011-10-31,None,Amahoro,None,Partial View (Dense Vegetation),High (Senior Tracker),Acknowledged by Base
2011-11-01,None,Susa-A,None,Clear View (Full Group),High (Senior Tracker),Acknowledged by Base
2011-11-03,None,Pablo Group,None,Clear View (Full Group),High (Senior Tracker),Acknowledged by Base
2011-11-04,None,Amahoro,None,Clear View (Full Group),High (Senior Tracker),Acknowledged by Base
2011-11-09,None,Amahoro,None,Partial View (Dense Vegetation),High (Senior Tracker),Acknowledged by Base
2011-11-09,None,Kwitonda,None,Partial View (Dense Vegetation),High (Senior Tracker),Acknowledged by Base
2011-11-10,None,Susa-A,None,Clear View (Full Group),High (Senior Tracker),Acknowledged by Base
2011-11-10,None,Amahoro,None,Clear View (Full Group),High (Senior Tracker),Acknowledged by Base
2011-11-12,None,Pablo Group,None,Partial View (Dense Vegetation),High (Senior Tracker),Acknowledged by Base
2011-11-15,None,Amahoro,None,Partial View (Dense Vegetation),High (Senior Tracker),Acknowledged by Base
2011-11-16,None,Kwitonda,None,Partial View (Dense Vegetation),High (Senior Tracker),Acknowledged by Base
2011-11-19,None,Susa-A,None,Clear View (Full Group),High (Senior Tracker),Acknowledged by Base
2011-11-19,None,Kwitonda,None,Clear View (Full Group),High (Senior Tracker),Acknowledged by Base
2011-11-25,None,Kwitonda,None,Partial View (Dense Vegetation),High (Senior Tracker),Acknowledged by Base
2011-11-26,CASE-2026-1439,Hirwa,Mild coughing,Obscured (Heavy Rain),High (Senior Tracker),Sent
2011-11-27,None,Amahoro,None,Partial View (Dense Vegetation),High (Senior Tracker),Acknowledged by Base
2011-11-29,None,Susa-A,None,Partial View (Dense Vegetation),High (Senior Tracker),Acknowledged by Base
2011-11-29,None,Amahoro,None,Clear View (Full Group),High (Senior Tracker),Acknowledged by Base
2011-11-30,None,Susa-A,None,Clear View (Full Group),High (Senior Tracker),Acknowledged by Base
2011-12-02,None,Amahoro,None,Partial View (Dense Vegetation),High (Senior Tracker),Acknowledged by Base
2011-12-03,None,Hirwa,None,Clear View (Full Group),High (Senior Tracker),Acknowledged by Base
2011-12-05,CASE-2026-1440,Hirwa,Lethargy,Partial View (Dense Vegetation),High (Senior Tracker),Sent
2011-12-06,None,Pablo Group,None,Clear View (Full Group),High (Senior Tracker),Acknowledged by Base
2011-12-06,None,Hirwa,None,Clear View (Full Group),High (Senior Tracker),Acknowledged by Base
2011-12-07,None,Hirwa,None,Clear View (Full Group),High (Senior Tracker),Acknowledged by Base
2011-12-08,None,Pablo Group,None,Partial View (Dense Vegetation),High (Senior Tracker),Acknowledged by Base
2011-12-09,None,Hirwa,None,Clear View (Full Group),High (Senior Tracker),Acknowledged by Base
2011-12-11,None,Hirwa,None,Clear View (Full Group),High (Senior Tracker),Acknowledged by Base
2011-12-12,None,Kwitonda,None,Clear View (Full Group),High (Senior Tracker),Acknowledged by Base
2011-12-15,None,Pablo Group,None,Clear View (Full Group),High (Senior Tracker),Acknowledged by Base
2011-12-15,None,Kwitonda,None,Clear View (Full Group),High (Senior Tracker),Acknowledged by Base
2011-12-16,None,Susa-A,None,Partial View (Dense Vegetation),High (Senior Tracker),Acknowledged by Base
2011-12-18,None,Pablo Group,None,Clear View (Full Group),High (Senior Tracker),Acknowledged by Base
2011-12-22,None,Hirwa,None,Partial View (Dense Vegetation),High (Senior Tracker),Acknowledged by Base
2011-12-23,None,Susa-A,None,Partial View (Dense Vegetation),High (Senior Tracker),Acknowledged by Base
2011-12-23,None,Kwitonda,None,Partial View (Dense Vegetation),High (Senior Tracker),Acknowledged by Base
2011-12-23,None,Hirwa,None,Partial View (Dense Vegetation),High (Senior Tracker),Acknowledged by Base
2011-12-24,None,Kwitonda,None,Clear View (Full Group),High (Senior Tracker),Acknowledged by Base
2011-12-25,CASE-2026-1441,Susa-A,Mild coughing,Partial View (Dense Vegetation),Medium,Sent
2011-12-25,CASE-2026-1442,Pablo Group,Mild coughing,Clear View (Full Group),High (Senior Tracker),Seen
2011-12-29,None,Susa-A,None,Partial View (Dense Vegetation),High (Senior Tracker),Acknowledged by Base
2011-12-30,None,Susa-A,None,Clear View (Full Group),High (Senior Tracker),Acknowledged by Base
2011-12-30,CASE-2026-1443,Amahoro,Mild coughing,Clear View (Full Group),Low (Poor Conditions),Acknowledged by Base
2012-01-02,None,Pablo Group,None,Partial View (Dense Vegetation),High (Senior Tracker),Acknowledged by Base
2012-01-02,CASE-2026-1444,Hirwa,Lethargy,Obscured (Heavy Rain),Medium,Acknowledged by Base
2012-01-05,None,Susa-A,None,Clear View (Full Group),High (Senior Tracker),Acknowledged by Base
2012-01-05,None,Pablo Group,None,Partial View (Dense Vegetation),High (Senior Tracker),Acknowledged by Base
2012-01-07,None,Pablo Group,None,Partial View (Dense Vegetation),High (Senior Tracker),Acknowledged by Base
2012-01-09,None,Kwitonda,None,Partial View (Dense Vegetation),High (Senior Tracker),Acknowledged by Base
2012-01-10,None,Pablo Group,None,Partial View (Dense Vegetation),High (Senior Tracker),Acknowledged by Base
2012-01-11,CASE-2026-1445,Susa-A,Mild coughing,Obscured (Heavy Rain),High (Senior Tracker),Sent
2012-01-12,None,Amahoro,None,Partial View (Dense Vegetation),High (Senior Tracker),Acknowledged by Base
2012-01-16,CASE-2026-1446,Pablo Group,Mild coughing,Partial View (Dense Vegetation),Medium,Acknowledged by Base
2012-01-20,None,Pablo Group,None,Partial View (Dense Vegetation),High (Senior Tracker),Acknowledged by Base
2012-01-21,CASE-2026-1447,Amahoro,Sustained nasal discharge,Clear View (Full Group),Medium,Acknowledged by Base
2012-01-23,None,Hirwa,None,Partial View (Dense Vegetation),High (Senior Tracker),Acknowledged by Base
2012-01-25,CASE-2026-1448,Pablo Group,Mild coughing,Partial View (Dense Vegetation),High (Senior Tracker),Seen
2012-01-27,None,Amahoro,None,Partial View (Dense Vegetation),High (Senior Tracker),Acknowledged by Base
2012-01-30,None,Hirwa,None,Clear View (Full Group),High (Senior Tracker),Acknowledged by Base
2012-01-31,None,Kwitonda,None,Clear View (Full Group),High (Senior Tracker),Acknowledged by Base
2012-01-31,None,Hirwa,None,Clear View (Full Group),High (Senior Tracker),Acknowledged by Base
2012-02-05,None,Susa-A,None,Partial View (Dense Vegetation),High (Senior Tracker),Acknowledged by Base
2012-02-05,None,Pablo Group,None,Partial View (Dense Vegetation),High (Senior Tracker),Acknowledged by Base
2012-02-06,None,Pablo Group,None,Clear View (Full Group),High (Senior Tracker),Acknowledged by Base
2012-02-08,None,Susa-A,None,Partial View (Dense Vegetation),High (Senior Tracker),Acknowledged by Base
2012-02-08,None,Kwitonda,None,Partial View (Dense Vegetation),High (Senior Tracker),Acknowledged by Base
2012-02-10,None,Susa-A,None,Clear View (Full Group),High (Senior Tracker),Acknowledged by Base
2012-02-13,None,Susa-A,None,Partial View (Dense Vegetation),High (Senior Tracker),Acknowledged by Base
2012-02-14,None,Pablo Group,None,Partial View (Dense Vegetation),High (Senior Tracker),Acknowledged by Base
2012-02-18,CASE-2026-1449,Amahoro,Mild coughing,Partial View (Dense Vegetation),High (Senior Tracker),Seen
2012-02-18,None,Hirwa,None,Clear View (Full Group),High (Senior Tracker),Acknowledged by Base
2012-02-19,None,Pablo Group,None,Partial View (Dense Vegetation),High (Senior Tracker),Acknowledged by Base
2012-02-19,None,Hirwa,None,Partial View (Dense Vegetation),High (Senior Tracker),Acknowledged by Base
2012-02-21,CASE-2026-1450,Amahoro,Mild coughing,Partial View (Dense Vegetation),Medium,Seen
2012-02-21,None,Kwitonda,None,Partial View (Dense Vegetation),High (Senior Tracker),Acknowledged by Base
2012-02-24,None,Kwitonda,None,Partial View (Dense Vegetation),High (Senior Tracker),Acknowledged by Base
2012-02-24,None,Hirwa,None,Partial View (Dense Vegetation),High (Senior Tracker),Acknowledged by Base
2012-02-25,None,Amahoro,None,Clear View (Full Group),High (Senior Tracker),Acknowledged by Base
2012-02-26,None,Amahoro,None,Clear View (Full Group),High (Senior Tracker),Acknowledged by Base
2012-02-26,None,Kwitonda,None,Partial View (Dense Vegetation),High (Senior Tracker),Acknowledged by Base
2012-02-27,None,Susa-A,None,Partial View (Dense Vegetation),High (Senior Tracker),Acknowledged by Base
2012-02-27,CASE-2026-1451,Hirwa,Sustained nasal discharge,Partial View (Dense Vegetation),Medium,Seen
2012-02-28,None,Pablo Group,None,Partial View (Dense Vegetation),High (Senior Tracker),Acknowledged by Base
2012-02-29,None,Pablo Group,None,Partial View (Dense Vegetation),High (Senior Tracker),Acknowledged by Base
2012-03-06,None,Pablo Group,None,Clear View (Full Group),High (Senior Tracker),Acknowledged by Base
2012-03-07,CASE-2026-1452,Pablo Group,Sustained nasal discharge,Clear View (Full Group),High (Senior Tracker),Seen
2012-03-07,None,Kwitonda,None,Clear View (Full Group),High (Senior Tracker),Acknowledged by Base
2012-03-08,CASE-2026-1453,Hirwa,Mild coughing,Partial View (Dense Vegetation),Low (Poor Conditions),Seen
2012-03-09,None,Susa-A,None,Partial View (Dense Vegetation),High (Senior Tracker),Acknowledged by Base
2012-03-11,None,Kwitonda,None,Clear View (Full Group),High (Senior Tracker),Acknowledged by Base
2012-03-13,CASE-2026-1454,Hirwa,Mild coughing,Obscured (Heavy Rain),Medium,Seen
2012-03-17,None,Hirwa,None,Partial View (Dense Vegetation),High (Senior Tracker),Acknowledged by Base
2012-03-21,None,Pablo Group,None,Partial View (Dense Vegetation),High (Senior Tracker),Acknowledged by Base
2012-03-23,None,Susa-A,None,Clear View (Full Group),High (Senior Tracker),Acknowledged by Base
2012-03-26,CASE-2026-1455,Hirwa,Mild coughing,Partial View (Dense Vegetation),High (Senior Tracker),Seen
2012-03-27,None,Amahoro,None,Partial View (Dense Vegetation),High (Senior Tracker),Acknowledged by Base
2012-03-27,None,Hirwa,None,Partial View (Dense Vegetation),High (Senior Tracker),Acknowledged by Base
2012-04-01,None,Susa-A,None,Clear View (Full Group),High (Senior Tracker),Acknowledged by Base
2012-04-02,None,Pablo Group,None,Partial View (Dense Vegetation),High (Senior Tracker),Acknowledged by Base
2012-04-02,None,Kwitonda,None,Partial View (Dense Vegetation),High (Senior Tracker),Acknowledged by Base
2012-04-02,None,Hirwa,None,Partial View (Dense Vegetation),High (Senior Tracker),Acknowledged by Base
2012-04-04,None,Kwitonda,None,Clear View (Full Group),High (Senior Tracker),Acknowledged by Base
2012-04-05,CASE-2026-1456,Susa-A,Lethargy,Partial View (Dense Vegetation),High (Senior Tracker),Seen
2012-04-05,None,Kwitonda,None,Clear View (Full Group),High (Senior Tracker),Acknowledged by Base
2012-04-07,None,Kwitonda,None,Partial View (Dense Vegetation),High (Senior Tracker),Acknowledged by Base
2012-04-09,CASE-2026-1457,Pablo Group,Lethargy,Clear View (Full Group),High (Senior Tracker),Seen
2012-04-10,None,Pablo Group,None,Clear View (Full Group),High (Senior Tracker),Acknowledged by Base
2012-04-13,None,Susa-A,None,Partial View (Dense Vegetation),High (Senior Tracker),Acknowledged by Base
2012-04-13,None,Amahoro,None,Partial View (Dense Vegetation),High (Senior Tracker),Acknowledged by Base
2012-04-13,None,Kwitonda,None,Partial View (Dense Vegetation),High (Senior Tracker),Acknowledged by Base
2012-04-14,None,Susa-A,None,Clear View (Full Group),High (Senior Tracker),Acknowledged by Base
2012-04-15,None,Hirwa,None,Partial View (Dense Vegetation),High (Senior Tracker),Acknowledged by Base
2012-04-19,None,Susa-A,None,Clear View (Full Group),High (Senior Tracker),Acknowledged by Base
2012-04-19,None,Kwitonda,None,Partial View (Dense Vegetation),High (Senior Tracker),Acknowledged by Base
2012-04-24,None,Amahoro,None,Clear View (Full Group),High (Senior Tracker),Acknowledged by Base
2012-04-26,None,Hirwa,None,Clear View (Full Group),High (Senior Tracker),Acknowledged by Base
2012-04-29,CASE-2026-1458,Amahoro,Mild coughing,Partial View (Dense Vegetation),High (Senior Tracker),Acknowledged by Base
2012-04-29,None,Hirwa,None,Clear View (Full Group),High (Senior Tracker),Acknowledged by Base
2012-05-01,None,Kwitonda,None,Clear View (Full Group),High (Senior Tracker),Acknowledged by Base
2012-05-03,None,Pablo Group,None,Partial View (Dense Vegetation),High (Senior Tracker),Acknowledged by Base
2012-05-03,None,Amahoro,None,Partial View (Dense Vegetation),High (Senior Tracker),Acknowledged by Base
2012-05-06,None,Pablo Group,None,Clear View (Full Group),High (Senior Tracker),Acknowledged by Base
2012-05-06,None,Kwitonda,None,Clear View (Full Group),High (Senior Tracker),Acknowledged by Base
2012-05-06,None,Hirwa,None,Partial View (Dense Vegetation),High (Senior Tracker),Acknowledged by Base
2012-05-07,None,Hirwa,None,Clear View (Full Group),High (Senior Tracker),Acknowledged by Base
2012-05-08,None,Kwitonda,None,Clear View (Full Group),High (Senior Tracker),Acknowledged by Base
2012-05-08,None,Hirwa,None,Clear View (Full Group),High (Senior Tracker),Acknowledged by Base
2012-05-09,None,Hirwa,None,Clear View (Full Group),High (Senior Tracker),Acknowledged by Base
2012-05-10,CASE-2026-1459,Kwitonda,Sustained nasal discharge,Clear View (Full Group),Low (Poor Conditions),Sent
2012-05-11,None,Pablo Group,None,Partial View (Dense Vegetation),High (Senior Tracker),Acknowledged by Base
2012-05-11,None,Kwitonda,None,Clear View (Full Group),High (Senior Tracker),Acknowledged by Base
2012-05-12,None,Susa-A,None,Clear View (Full Group),High (Senior Tracker),Acknowledged by Base
2012-05-15,None,Susa-A,None,Partial View (Dense Vegetation),High (Senior Tracker),Acknowledged by Base
2012-05-15,None,Pablo Group,None,Clear View (Full Group),High (Senior Tracker),Acknowledged by Base
2012-05-17,None,Amahoro,None,Clear View (Full Group),High (Senior Tracker),Acknowledged by Base
2012-05-23,None,Amahoro,None,Partial View (Dense Vegetation),High (Senior Tracker),Acknowledged by Base
2012-05-24,None,Pablo Group,None,Clear View (Full Group),High (Senior Tracker),Acknowledged by Base
2012-05-27,CASE-2026-1460,Pablo Group,Sustained nasal discharge,Partial View (Dense Vegetation),Medium,Sent
2012-05-27,None,Amahoro,None,Clear View (Full Group),High (Senior Tracker),Acknowledged by Base
2012-05-27,None,Kwitonda,None,Clear View (Full Group),High (Senior Tracker),Acknowledged by Base
2012-05-28,None,Pablo Group,None,Clear View (Full Group),High (Senior Tracker),Acknowledged by Base
2012-06-01,None,Pablo Group,None,Clear View (Full Group),High (Senior Tracker),Acknowledged by Base
2012-06-01,None,Hirwa,None,Clear View (Full Group),High (Senior Tracker),Acknowledged by Base
2012-06-03,CASE-2026-1461,Pablo Group,Lethargy,Clear View (Full Group),Low (Poor Conditions),Sent
2012-06-04,None,Amahoro,None,Clear View (Full Group),High (Senior Tracker),Acknowledged by Base
2012-06-08,None,Amahoro,None,Clear View (Full Group),High (Senior Tracker),Acknowledged by Base
2012-06-08,CASE-2026-1462,Kwitonda,Sustained nasal discharge,Clear View (Full Group),Low (Poor Conditions),Seen
2012-06-09,None,Hirwa,None,Partial View (Dense Vegetation),High (Senior Tracker),Acknowledged by Base
2012-06-10,CASE-2026-1463,Susa-A,Mild coughing,Clear View (Full Group),High (Senior Tracker),Sent
2012-06-11,None,Hirwa,None,Clear View (Full Group),High (Senior Tracker),Acknowledged by Base
2012-06-12,None,Susa-A,None,Clear View (Full Group),High (Senior Tracker),Acknowledged by Base
2012-06-13,None,Pablo Group,None,Partial View (Dense Vegetation),High (Senior Tracker),Acknowledged by Base
2012-06-14,None,Pablo Group,None,Clear View (Full Group),High (Senior Tracker),Acknowledged by Base
2012-06-14,None,Kwitonda,None,Clear View (Full Group),High (Senior Tracker),Acknowledged by Base
2012-06-15,None,Susa-A,None,Clear View (Full Group),High (Senior Tracker),Acknowledged by Base
2012-06-15,None,Hirwa,None,Clear View (Full Group),High (Senior Tracker),Acknowledged by Base
2012-06-17,CASE-2026-1464,Pablo Group,"Heavy coughing, wheezing",Partial View (Dense Vegetation),Low (Poor Conditions),Seen
2012-06-18,None,Susa-A,None,Partial View (Dense Vegetation),High (Senior Tracker),Acknowledged by Base
2012-06-18,None,Hirwa,None,Clear View (Full Group),High (Senior Tracker),Acknowledged by Base
2012-06-19,None,Kwitonda,None,Partial View (Dense Vegetation),High (Senior Tracker),Acknowledged by Base
2012-06-22,None,Pablo Group,None,Clear View (Full Group),High (Senior Tracker),Acknowledged by Base
2012-06-23,None,Amahoro,None,Clear View (Full Group),High (Senior Tracker),Acknowledged by Base
2012-06-24,None,Pablo Group,None,Partial View (Dense Vegetation),High (Senior Tracker),Acknowledged by Base
2012-06-25,None,Susa-A,None,Partial View (Dense Vegetation),High (Senior Tracker),Acknowledged by Base
2012-06-29,None,Amahoro,None,Clear View (Full Group),High (Senior Tracker),Acknowledged by Base
2012-07-03,None,Amahoro,None,Partial View (Dense Vegetation),High (Senior Tracker),Acknowledged by Base
2012-07-08,None,Kwitonda,None,Partial View (Dense Vegetation),High (Senior Tracker),Acknowledged by Base
2012-07-08,None,Hirwa,None,Partial View (Dense Vegetation),High (Senior Tracker),Acknowledged by Base
2012-07-09,None,Amahoro,None,Clear View (Full Group),High (Senior Tracker),Acknowledged by Base
2012-07-13,None,Kwitonda,None,Clear View (Full Group),High (Senior Tracker),Acknowledged by Base
2012-07-14,None,Susa-A,None,Partial View (Dense Vegetation),High (Senior Tracker),Acknowledged by Base
2012-07-14,CASE-2026-1465,Pablo Group,Lethargy,Partial View (Dense Vegetation),High (Senior Tracker),Acknowledged by Base
2012-07-18,None,Kwitonda,None,Clear View (Full Group),High (Senior Tracker),Acknowledged by Base
2012-07-20,None,Amahoro,None,Clear View (Full Group),High (Senior Tracker),Acknowledged by Base
2012-07-23,None,Kwitonda,None,Clear View (Full Group),High (Senior Tracker),Acknowledged by Base
2012-07-23,CASE-2026-1466,Hirwa,Lethargy,Clear View (Full Group),Low (Poor Conditions),Seen
2012-07-27,None,Amahoro,None,Clear View (Full Group),High (Senior Tracker),Acknowledged by Base
2012-07-28,None,Susa-A,None,Partial View (Dense Vegetation),High (Senior Tracker),Acknowledged by Base
2012-07-28,None,Kwitonda,None,Clear View (Full Group),High (Senior Tracker),Acknowledged by Base
2012-07-29,None,Susa-A,None,Partial View (Dense Vegetation),High (Senior Tracker),Acknowledged by Base
2012-08-02,None,Susa-A,None,Partial View (Dense Vegetation),High (Senior Tracker),Acknowledged by Base
2012-08-02,None,Kwitonda,None,Clear View (Full Group),High (Senior Tracker),Acknowledged by Base
2012-08-03,None,Kwitonda,None,Partial View (Dense Vegetation),High (Senior Tracker),Acknowledged by Base
2012-08-03,None,Hirwa,None,Partial View (Dense Vegetation),High (Senior Tracker),Acknowledged by Base
2012-08-07,None,Kwitonda,None,Partial View (Dense Vegetation),High (Senior Tracker),Acknowledged by Base
2012-08-07,None,Hirwa,None,Clear View (Full Group),High (Senior Tracker),Acknowledged by Base
2012-08-09,None,Pablo Group,None,Partial View (Dense Vegetation),High (Senior Tracker),Acknowledged by Base
2012-08-11,None,Pablo Group,None,Partial View (Dense Vegetation),High (Senior Tracker),Acknowledged by Base
2012-08-11,None,Hirwa,None,Clear View (Full Group),High (Senior Tracker),Acknowledged by Base
2012-08-14,CASE-2026-1467,Pablo Group,Mild coughing,Clear View (Full Group),High (Senior Tracker),Seen
2012-08-14,None,Hirwa,None,Clear View (Full Group),High (Senior Tracker),Acknowledged by Base
2012-08-15,None,Susa-A,None,Partial View (Dense Vegetation),High (Senior Tracker),Acknowledged by Base
2012-08-18,None,Kwitonda,None,Clear View (Full Group),High (Senior Tracker),Acknowledged by Base
2012-08-20,None,Hirwa,None,Clear View (Full Group),High (Senior Tracker),Acknowledged by Base
2012-08-21,None,Susa-A,None,Clear View (Full Group),High (Senior Tracker),Acknowledged by Base
2012-08-22,None,Susa-A,None,Partial View (Dense Vegetation),High (Senior Tracker),Acknowledged by Base
2012-08-22,None,Kwitonda,None,Partial View (Dense Vegetation),High (Senior Tracker),Acknowledged by Base
2012-08-28,None,Susa-A,None,Clear View (Full Group),High (Senior Tracker),Acknowledged by Base
2012-08-29,None,Amahoro,None,Clear View (Full Group),High (Senior Tracker),Acknowledged by Base
2012-08-30,None,Kwitonda,None,Clear View (Full Group),High (Senior Tracker),Acknowledged by Base
2012-09-05,None,Amahoro,None,Partial View (Dense Vegetation),High (Senior Tracker),Acknowledged by Base
2012-09-05,None,Kwitonda,None,Clear View (Full Group),High (Senior Tracker),Acknowledged by Base
2012-09-06,None,Susa-A,None,Clear View (Full Group),High (Senior Tracker),Acknowledged by Base
2012-09-08,None,Susa-A,None,Clear View (Full Group),High (Senior Tracker),Acknowledged by Base
2012-09-11,None,Pablo Group,None,Partial View (Dense Vegetation),High (Senior Tracker),Acknowledged by Base
2012-09-13,None,Amahoro,None,Clear View (Full Group),High (Senior Tracker),Acknowledged by Base
2012-09-13,None,Hirwa,None,Partial View (Dense Vegetation),High (Senior Tracker),Acknowledged by Base
2012-09-14,None,Susa-A,None,Partial View (Dense Vegetation),High (Senior Tracker),Acknowledged by Base
2012-09-14,None,Amahoro,None,Partial View (Dense Vegetation),High (Senior Tracker),Acknowledged by Base
2012-09-14,None,Hirwa,None,Clear View (Full Group),High (Senior Tracker),Acknowledged by Base
2012-09-20,CASE-2026-1468,Pablo Group,Mild coughing,Partial View (Dense Vegetation),High (Senior Tracker),Acknowledged by Base
2012-09-23,None,Pablo Group,None,Clear View (Full Group),High (Senior Tracker),Acknowledged by Base
2012-09-23,None,Amahoro,None,Partial View (Dense Vegetation),High (Senior Tracker),Acknowledged by Base
2012-09-23,None,Hirwa,None,Clear View (Full Group),High (Senior Tracker),Acknowledged by Base
2012-09-25,CASE-2026-1469,Hirwa,Mild coughing,Partial View (Dense Vegetation),Medium,Sent
2012-09-26,None,Susa-A,None,Partial View (Dense Vegetation),High (Senior Tracker),Acknowledged by Base
2012-09-27,None,Hirwa,None,Clear View (Full Group),High (Senior Tracker),Acknowledged by Base
2012-09-29,None,Pablo Group,None,Clear View (Full Group),High (Senior Tracker),Acknowledged by Base
2012-09-30,None,Hirwa,None,Partial View (Dense Vegetation),High (Senior Tracker),Acknowledged by Base
2012-10-02,None,Susa-A,None,Partial View (Dense Vegetation),High (Senior Tracker),Acknowledged by Base
2012-10-04,None,Amahoro,None,Partial View (Dense Vegetation),High (Senior Tracker),Acknowledged by Base
2012-10-10,None,Hirwa,None,Partial View (Dense Vegetation),High (Senior Tracker),Acknowledged by Base
2012-10-11,None,Hirwa,None,Partial View (Dense Vegetation),High (Senior Tracker),Acknowledged by Base
2012-10-13,None,Hirwa,None,Clear View (Full Group),High (Senior Tracker),Acknowledged by Base
2012-10-14,None,Susa-A,None,Partial View (Dense Vegetation),High (Senior Tracker),Acknowledged by Base
2012-10-14,None,Kwitonda,None,Clear View (Full Group),High (Senior Tracker),Acknowledged by Base
2012-10-14,None,Hirwa,None,Partial View (Dense Vegetation),High (Senior Tracker),Acknowledged by Base
2012-10-16,None,Pablo Group,None,Clear View (Full Group),High (Senior Tracker),Acknowledged by Base
2012-10-17,None,Kwitonda,None,Clear View (Full Group),High (Senior Tracker),Acknowledged by Base
2012-10-17,None,Hirwa,None,Partial View (Dense Vegetation),High (Senior Tracker),Acknowledged by Base
2012-10-19,None,Amahoro,None,Clear View (Full Group),High (Senior Tracker),Acknowledged by Base
2012-10-19,None,Hirwa,None,Partial View (Dense Vegetation),High (Senior Tracker),Acknowledged by Base
2012-10-22,CASE-2026-1470,Pablo Group,Mild coughing,Clear View (Full Group),High (Senior Tracker),Sent
2012-10-23,None,Pablo Group,None,Partial View (Dense Vegetation),High (Senior Tracker),Acknowledged by Base
2012-10-24,CASE-2026-1471,Susa-A,Mild coughing,Obscured (Heavy Rain),Low (Poor Conditions),Sent
2012-10-24,CASE-2026-1472,Amahoro,Mild coughing,Obscured (Heavy Rain),High (Senior Tracker),Seen
2012-10-28,None,Pablo Group,None,Clear View (Full Group),High (Senior Tracker),Acknowledged by Base
2012-11-02,None,Amahoro,None,Clear View (Full Group),High (Senior Tracker),Acknowledged by Base
2012-11-04,None,Kwitonda,None,Clear View (Full Group),High (Senior Tracker),Acknowledged by Base
2012-11-09,None,Hirwa,None,Partial View (Dense Vegetation),High (Senior Tracker),Acknowledged by Base
2012-11-11,None,Pablo Group,None,Clear View (Full Group),High (Senior Tracker),Acknowledged by Base
2012-11-12,None,Kwitonda,None,Clear View (Full Group),High (Senior Tracker),Acknowledged by Base
2012-11-13,None,Hirwa,None,Partial View (Dense Vegetation),High (Senior Tracker),Acknowledged by Base
2012-11-15,None,Kwitonda,None,Clear View (Full Group),High (Senior Tracker),Acknowledged by Base
2012-11-21,None,Pablo Group,None,Clear View (Full Group),High (Senior Tracker),Acknowledged by Base
2012-11-22,None,Kwitonda,None,Partial View (Dense Vegetation),High (Senior Tracker),Acknowledged by Base
2012-11-23,None,Kwitonda,None,Clear View (Full Group),High (Senior Tracker),Acknowledged by Base
2012-11-24,None,Kwitonda,None,Clear View (Full Group),High (Senior Tracker),Acknowledged by Base
2012-11-27,None,Susa-A,None,Clear View (Full Group),High (Senior Tracker),Acknowledged by Base
2012-11-28,None,Kwitonda,None,Clear View (Full Group),High (Senior Tracker),Acknowledged by Base
2012-11-29,None,Pablo Group,None,Clear View (Full Group),High (Senior Tracker),Acknowledged by Base
2012-12-04,None,Hirwa,None,Clear View (Full Group),High (Senior Tracker),Acknowledged by Base
2012-12-05,CASE-2026-1473,Amahoro,"Heavy coughing, wheezing",Clear View (Full Group),High (Senior Tracker),Acknowledged by Base
2012-12-07,None,Kwitonda,None,Partial View (Dense Vegetation),High (Senior Tracker),Acknowledged by Base
2012-12-08,None,Amahoro,None,Clear View (Full Group),High (Senior Tracker),Acknowledged by Base
2012-12-09,None,Susa-A,None,Partial View (Dense Vegetation),High (Senior Tracker),Acknowledged by Base
2012-12-09,None,Kwitonda,None,Partial View (Dense Vegetation),High (Senior Tracker),Acknowledged by Base
2012-12-11,None,Pablo Group,None,Clear View (Full Group),High (Senior Tracker),Acknowledged by Base
2012-12-11,None,Hirwa,None,Partial View (Dense Vegetation),High (Senior Tracker),Acknowledged by Base
2012-12-15,None,Pablo Group,None,Partial View (Dense Vegetation),High (Senior Tracker),Acknowledged by Base
2012-12-17,None,Susa-A,None,Clear View (Full Group),High (Senior Tracker),Acknowledged by Base
2012-12-18,None,Pablo Group,None,Partial View (Dense Vegetation),High (Senior Tracker),Acknowledged by Base
2012-12-18,None,Amahoro,None,Clear View (Full Group),High (Senior Tracker),Acknowledged by Base
2012-12-20,None,Susa-A,None,Partial View (Dense Vegetation),High (Senior Tracker),Acknowledged by Base
2012-12-27,CASE-2026-1474,Amahoro,Mild coughing,Clear View (Full Group),Low (Poor Conditions),Sent
2012-12-28,None,Susa-A,None,Clear View (Full Group),High (Senior Tracker),Acknowledged by Base
2012-12-28,CASE-2026-1475,Hirwa,Mild coughing,Partial View (Dense Vegetation),Medium,Acknowledged by Base
2012-12-29,CASE-2026-1476,Kwitonda,Sustained nasal discharge,Clear View (Full Group),High (Senior Tracker),Acknowledged by Base
2012-12-31,None,Susa-A,None,Partial View (Dense Vegetation),High (Senior Tracker),Acknowledged by Base
2013-01-02,None,Susa-A,None,Partial View (Dense Vegetation),High (Senior Tracker),Acknowledged by Base
2013-01-04,None,Amahoro,None,Clear View (Full Group),High (Senior Tracker),Acknowledged by Base
2013-01-12,None,Pablo Group,None,Partial View (Dense Vegetation),High (Senior Tracker),Acknowledged by Base
2013-01-12,None,Hirwa,None,Partial View (Dense Vegetation),High (Senior Tracker),Acknowledged by Base
2013-01-13,None,Amahoro,None,Partial View (Dense Vegetation),High (Senior Tracker),Acknowledged by Base
2013-01-14,CASE-2026-1477,Kwitonda,Mild coughing,Partial View (Dense Vegetation),High (Senior Tracker),Sent
2013-01-15,None,Hirwa,None,Partial View (Dense Vegetation),High (Senior Tracker),Acknowledged by Base
2013-01-17,None,Amahoro,None,Clear View (Full Group),High (Senior Tracker),Acknowledged by Base
2013-01-18,None,Hirwa,None,Partial View (Dense Vegetation),High (Senior Tracker),Acknowledged by Base
2013-01-19,None,Susa-A,None,Partial View (Dense Vegetation),High (Senior Tracker),Acknowledged by Base
2013-01-20,None,Pablo Group,None,Clear View (Full Group),High (Senior Tracker),Acknowledged by Base
2013-01-26,None,Susa-A,None,Partial View (Dense Vegetation),High (Senior Tracker),Acknowledged by Base
2013-01-27,None,Hirwa,None,Clear View (Full Group),High (Senior Tracker),Acknowledged by Base
2013-01-30,None,Amahoro,None,Partial View (Dense Vegetation),High (Senior Tracker),Acknowledged by Base
2013-01-30,None,Hirwa,None,Clear View (Full Group),High (Senior Tracker),Acknowledged by Base
2013-01-31,None,Kwitonda,None,Partial View (Dense Vegetation),High (Senior Tracker),Acknowledged by Base
2013-02-06,None,Hirwa,None,Partial View (Dense Vegetation),High (Senior Tracker),Acknowledged by Base
2013-02-08,None,Kwitonda,None,Clear View (Full Group),High (Senior Tracker),Acknowledged by Base
2013-02-08,None,Hirwa,None,Partial View (Dense Vegetation),High (Senior Tracker),Acknowledged by Base
2013-02-09,None,Pablo Group,None,Partial View (Dense Vegetation),High (Senior Tracker),Acknowledged by Base
2013-02-09,None,Kwitonda,None,Clear View (Full Group),High (Senior Tracker),Acknowledged by Base
2013-02-10,None,Pablo Group,None,Clear View (Full Group),High (Senior Tracker),Acknowledged by Base
2013-02-12,None,Pablo Group,None,Clear View (Full Group),High (Senior Tracker),Acknowledged by Base
2013-02-14,None,Amahoro,None,Clear View (Full Group),High (Senior Tracker),Acknowledged by Base
2013-02-15,CASE-2026-1478,Susa-A,Mild coughing,Partial View (Dense Vegetation),High (Senior Tracker),Seen
2013-02-15,None,Hirwa,None,Partial View (Dense Vegetation),High (Senior Tracker),Acknowledged by Base
2013-02-16,CASE-2026-1479,Susa-A,Lethargy,Clear View (Full Group),High (Senior Tracker),Sent
2013-02-16,None,Amahoro,None,Clear View (Full Group),High (Senior Tracker),Acknowledged by Base
2013-02-17,None,Susa-A,None,Partial View (Dense Vegetation),High (Senior Tracker),Acknowledged by Base
2013-02-18,None,Amahoro,None,Partial View (Dense Vegetation),High (Senior Tracker),Acknowledged by Base
2013-02-19,None,Susa-A,None,Clear View (Full Group),High (Senior Tracker),Acknowledged by Base
2013-02-20,None,Kwitonda,None,Partial View (Dense Vegetation),High (Senior Tracker),Acknowledged by Base
2013-02-21,None,Susa-A,None,Partial View (Dense Vegetation),High (Senior Tracker),Acknowledged by Base
2013-02-21,None,Pablo Group,None,Partial View (Dense Vegetation),High (Senior Tracker),Acknowledged by Base
2013-02-21,None,Hirwa,None,Clear View (Full Group),High (Senior Tracker),Acknowledged by Base
2013-02-24,None,Susa-A,None,Clear View (Full Group),High (Senior Tracker),Acknowledged by Base
2013-02-26,None,Hirwa,None,Clear View (Full Group),High (Senior Tracker),Acknowledged by Base
2013-03-01,CASE-2026-1480,Kwitonda,Mild coughing,Obscured (Heavy Rain),Medium,Sent
2013-03-05,CASE-2026-1481,Susa-A,Mild coughing,Obscured (Heavy Rain),Medium,Sent
2013-03-05,None,Hirwa,None,Partial View (Dense Vegetation),High (Senior Tracker),Acknowledged by Base
2013-03-08,None,Pablo Group,None,Partial View (Dense Vegetation),High (Senior Tracker),Acknowledged by Base
2013-03-10,None,Kwitonda,None,Clear View (Full Group),High (Senior Tracker),Acknowledged by Base
2013-03-12,None,Amahoro,None,Clear View (Full Group),High (Senior Tracker),Acknowledged by Base
2013-03-13,None,Kwitonda,None,Clear View (Full Group),High (Senior Tracker),Acknowledged by Base
2013-03-14,None,Amahoro,None,Partial View (Dense Vegetation),High (Senior Tracker),Acknowledged by Base
2013-03-15,None,Amahoro,None,Partial View (Dense Vegetation),High (Senior Tracker),Acknowledged by Base
2013-03-17,None,Susa-A,None,Partial View (Dense Vegetation),High (Senior Tracker),Acknowledged by Base
2013-03-22,None,Amahoro,None,Clear View (Full Group),High (Senior Tracker),Acknowledged by Base
2013-03-24,CASE-2026-1482,Hirwa,"Heavy coughing, wheezing",Clear View (Full Group),Low (Poor Conditions),Seen
2013-03-29,None,Pablo Group,None,Partial View (Dense Vegetation),High (Senior Tracker),Acknowledged by Base
2013-03-30,None,Amahoro,None,Clear View (Full Group),High (Senior Tracker),Acknowledged by Base
2013-04-02,None,Pablo Group,None,Partial View (Dense Vegetation),High (Senior Tracker),Acknowledged by Base
2013-04-02,None,Amahoro,None,Clear View (Full Group),High (Senior Tracker),Acknowledged by Base
2013-04-06,None,Pablo Group,None,Partial View (Dense Vegetation),High (Senior Tracker),Acknowledged by Base
2013-04-08,CASE-2026-1483,Amahoro,Sustained nasal discharge,Partial View (Dense Vegetation),High (Senior Tracker),Sent
2013-04-09,None,Pablo Group,None,Partial View (Dense Vegetation),High (Senior Tracker),Acknowledged by Base
2013-04-10,None,Kwitonda,None,Clear View (Full Group),High (Senior Tracker),Acknowledged by Base
2013-04-14,None,Susa-A,None,Clear View (Full Group),High (Senior Tracker),Acknowledged by Base
2013-04-14,None,Amahoro,None,Partial View (Dense Vegetation),High (Senior Tracker),Acknowledged by Base
2013-04-15,None,Susa-A,None,Clear View (Full Group),High (Senior Tracker),Acknowledged by Base
2013-04-15,None,Pablo Group,None,Partial View (Dense Vegetation),High (Senior Tracker),Acknowledged by Base
2013-04-18,None,Hirwa,None,Clear View (Full Group),High (Senior Tracker),Acknowledged by Base
2013-04-19,None,Pablo Group,None,Clear View (Full Group),High (Senior Tracker),Acknowledged by Base
2013-04-19,None,Kwitonda,None,Clear View (Full Group),High (Senior Tracker),Acknowledged by Base
2013-04-22,CASE-2026-1484,Susa-A,Mild coughing,Partial View (Dense Vegetation),High (Senior Tracker),Sent
2013-04-26,CASE-2026-1485,Pablo Group,Mild coughing,Clear View (Full Group),Medium,Acknowledged by Base
2013-04-29,None,Susa-A,None,Clear View (Full Group),High (Senior Tracker),Acknowledged by Base
2013-04-29,None,Pablo Group,None,Partial View (Dense Vegetation),High (Senior Tracker),Acknowledged by Base
2013-04-30,None,Amahoro,None,Clear View (Full Group),High (Senior Tracker),Acknowledged by Base
2013-04-30,None,Hirwa,None,Clear View (Full Group),High (Senior Tracker),Acknowledged by Base
2013-05-03,None,Susa-A,None,Clear View (Full Group),High (Senior Tracker),Acknowledged by Base
2013-05-04,None,Kwitonda,None,Clear View (Full Group),High (Senior Tracker),Acknowledged by Base
2013-05-06,None,Susa-A,None,Clear View (Full Group),High (Senior Tracker),Acknowledged by Base
2013-05-06,None,Amahoro,None,Clear View (Full Group),High (Senior Tracker),Acknowledged by Base
2013-05-09,None,Pablo Group,None,Clear View (Full Group),High (Senior Tracker),Acknowledged by Base
2013-05-11,CASE-2026-1486,Amahoro,Mild coughing,Clear View (Full Group),High (Senior Tracker),Sent
2013-05-12,CASE-2026-1487,Susa-A,Mild coughing,Partial View (Dense Vegetation),Low (Poor Conditions),Seen
2013-05-13,CASE-2026-1488,Amahoro,Mild coughing,Clear View (Full Group),Medium,Seen
2013-05-14,None,Pablo Group,None,Clear View (Full Group),High (Senior Tracker),Acknowledged by Base
2013-05-15,None,Susa-A,None,Partial View (Dense Vegetation),High (Senior Tracker),Acknowledged by Base
2013-05-15,None,Hirwa,None,Partial View (Dense Vegetation),High (Senior Tracker),Acknowledged by Base
2013-05-20,None,Susa-A,None,Partial View (Dense Vegetation),High (Senior Tracker),Acknowledged by Base
2013-05-20,None,Kwitonda,None,Partial View (Dense Vegetation),High (Senior Tracker),Acknowledged by Base
2013-05-21,None,Kwitonda,None,Partial View (Dense Vegetation),High (Senior Tracker),Acknowledged by Base
2013-05-22,CASE-2026-1489,Hirwa,"Heavy coughing, wheezing",Clear View (Full Group),High (Senior Tracker),Acknowledged by Base
2013-05-26,CASE-2026-1490,Amahoro,Mild coughing,Partial View (Dense Vegetation),Medium,Seen
2013-05-29,None,Susa-A,None,Clear View (Full Group),High (Senior Tracker),Acknowledged by Base
2013-05-29,None,Amahoro,None,Clear View (Full Group),High (Senior Tracker),Acknowledged by Base
2013-05-30,None,Kwitonda,None,Clear View (Full Group),High (Senior Tracker),Acknowledged by Base
2013-05-31,CASE-2026-1491,Pablo Group,Sustained nasal discharge,Obscured (Heavy Rain),Medium,Sent
2013-06-02,None,Amahoro,None,Partial View (Dense Vegetation),High (Senior Tracker),Acknowledged by Base
2013-06-03,None,Pablo Group,None,Clear View (Full Group),High (Senior Tracker),Acknowledged by Base
2013-06-04,CASE-2026-1492,Pablo Group,Mild coughing,Clear View (Full Group),High (Senior Tracker),Acknowledged by Base
2013-06-04,None,Amahoro,None,Clear View (Full Group),High (Senior Tracker),Acknowledged by Base
2013-06-05,None,Susa-A,None,Partial View (Dense Vegetation),High (Senior Tracker),Acknowledged by Base
2013-06-05,None,Amahoro,None,Clear View (Full Group),High (Senior Tracker),Acknowledged by Base
2013-06-05,CASE-2026-1493,Kwitonda,Mild coughing,Obscured (Heavy Rain),High (Senior Tracker),Sent
2013-06-06,None,Pablo Group,None,Partial View (Dense Vegetation),High (Senior Tracker),Acknowledged by Base
2013-06-08,CASE-2026-1494,Kwitonda,Mild coughing,Partial View (Dense Vegetation),High (Senior Tracker),Acknowledged by Base
2013-06-09,None,Kwitonda,None,Clear View (Full Group),High (Senior Tracker),Acknowledged by Base
2013-06-11,None,Susa-A,None,Clear View (Full Group),High (Senior Tracker),Acknowledged by Base
2013-06-11,None,Kwitonda,None,Clear View (Full Group),High (Senior Tracker),Acknowledged by Base
2013-06-11,None,Hirwa,None,Partial View (Dense Vegetation),High (Senior Tracker),Acknowledged by Base
2013-06-15,None,Pablo Group,None,Clear View (Full Group),High (Senior Tracker),Acknowledged by Base
2013-06-16,None,Kwitonda,None,Clear View (Full Group),High (Senior Tracker),Acknowledged by Base
2013-06-16,None,Hirwa,None,Partial View (Dense Vegetation),High (Senior Tracker),Acknowledged by Base
2013-06-18,None,Susa-A,None,Clear View (Full Group),High (Senior Tracker),Acknowledged by Base
2013-06-18,None,Hirwa,None,Clear View (Full Group),High (Senior Tracker),Acknowledged by Base
2013-06-20,None,Hirwa,None,Clear View (Full Group),High (Senior Tracker),Acknowledged by Base
2013-06-23,CASE-2026-1495,Susa-A,Mild coughing,Clear View (Full Group),Medium,Acknowledged by Base
2013-06-24,None,Kwitonda,None,Partial View (Dense Vegetation),High (Senior Tracker),Acknowledged by Base
2013-06-25,None,Amahoro,None,Partial View (Dense Vegetation),High (Senior Tracker),Acknowledged by Base
2013-06-26,None,Susa-A,None,Partial View (Dense Vegetation),High (Senior Tracker),Acknowledged by Base
2013-06-30,None,Pablo Group,None,Partial View (Dense Vegetation),High (Senior Tracker),Acknowledged by Base
2013-07-02,None,Amahoro,None,Partial View (Dense Vegetation),High (Senior Tracker),Acknowledged by Base
2013-07-02,None,Kwitonda,None,Partial View (Dense Vegetation),High (Senior Tracker),Acknowledged by Base
2013-07-03,None,Susa-A,None,Partial View (Dense Vegetation),High (Senior Tracker),Acknowledged by Base
2013-07-10,CASE-2026-1496,Hirwa,Mild coughing,Partial View (Dense Vegetation),Medium,Acknowledged by Base
2013-07-11,None,Pablo Group,None,Clear View (Full Group),High (Senior Tracker),Acknowledged by Base
2013-07-12,None,Kwitonda,None,Clear View (Full Group),High (Senior Tracker),Acknowledged by Base
2013-07-12,None,Hirwa,None,Clear View (Full Group),High (Senior Tracker),Acknowledged by Base
2013-07-14,None,Susa-A,None,Partial View (Dense Vegetation),High (Senior Tracker),Acknowledged by Base
2013-07-15,None,Susa-A,None,Partial View (Dense Vegetation),High (Senior Tracker),Acknowledged by Base
2013-07-15,None,Pablo Group,None,Partial View (Dense Vegetation),High (Senior Tracker),Acknowledged by Base
2013-07-17,None,Hirwa,None,Clear View (Full Group),High (Senior Tracker),Acknowledged by Base
2013-07-23,CASE-2026-1497,Kwitonda,Mild coughing,Clear View (Full Group),Low (Poor Conditions),Sent
2013-07-25,None,Hirwa,None,Partial View (Dense Vegetation),High (Senior Tracker),Acknowledged by Base
2013-07-26,None,Susa-A,None,Clear View (Full Group),High (Senior Tracker),Acknowledged by Base
2013-07-26,None,Hirwa,None,Partial View (Dense Vegetation),High (Senior Tracker),Acknowledged by Base
2013-07-27,None,Hirwa,None,Clear View (Full Group),High (Senior Tracker),Acknowledged by Base
2013-07-31,None,Pablo Group,None,Clear View (Full Group),High (Senior Tracker),Acknowledged by Base
2013-07-31,None,Hirwa,None,Partial View (Dense Vegetation),High (Senior Tracker),Acknowledged by Base
2013-08-01,None,Amahoro,None,Clear View (Full Group),High (Senior Tracker),Acknowledged by Base
2013-08-06,None,Kwitonda,None,Partial View (Dense Vegetation),High (Senior Tracker),Acknowledged by Base
2013-08-06,None,Hirwa,None,Clear View (Full Group),High (Senior Tracker),Acknowledged by Base
2013-08-07,None,Pablo Group,None,Clear View (Full Group),High (Senior Tracker),Acknowledged by Base
2013-08-11,None,Pablo Group,None,Partial View (Dense Vegetation),High (Senior Tracker),Acknowledged by Base
2013-08-11,None,Kwitonda,None,Clear View (Full Group),High (Senior Tracker),Acknowledged by Base
2013-08-12,None,Susa-A,None,Clear View (Full Group),High (Senior Tracker),Acknowledged by Base
2013-08-12,None,Amahoro,None,Partial View (Dense Vegetation),High (Senior Tracker),Acknowledged by Base
2013-08-13,None,Hirwa,None,Partial View (Dense Vegetation),High (Senior Tracker),Acknowledged by Base
2013-08-17,None,Susa-A,None,Clear View (Full Group),High (Senior Tracker),Acknowledged by Base
2013-08-18,None,Hirwa,None,Partial View (Dense Vegetation),High (Senior Tracker),Acknowledged by Base
2013-08-19,None,Hirwa,None,Clear View (Full Group),High (Senior Tracker),Acknowledged by Base
2013-08-20,CASE-2026-1498,Hirwa,Sustained nasal discharge,Clear View (Full Group),Low (Poor Conditions),Seen
2013-08-21,None,Kwitonda,None,Partial View (Dense Vegetation),High (Senior Tracker),Acknowledged by Base
2013-08-25,None,Susa-A,None,Clear View (Full Group),High (Senior Tracker),Acknowledged by Base
2013-08-25,None,Pablo Group,None,Partial View (Dense Vegetation),High (Senior Tracker),Acknowledged by Base
2013-08-28,None,Hirwa,None,Partial View (Dense Vegetation),High (Senior Tracker),Acknowledged by Base
2013-09-01,None,Susa-A,None,Clear View (Full Group),High (Senior Tracker),Acknowledged by Base
2013-09-02,None,Susa-A,None,Clear View (Full Group),High (Senior Tracker),Acknowledged by Base
2013-09-04,None,Pablo Group,None,Clear View (Full Group),High (Senior Tracker),Acknowledged by Base
2013-09-06,None,Amahoro,None,Clear View (Full Group),High (Senior Tracker),Acknowledged by Base
2013-09-07,None,Hirwa,None,Partial View (Dense Vegetation),High (Senior Tracker),Acknowledged by Base
2013-09-08,None,Amahoro,None,Clear View (Full Group),High (Senior Tracker),Acknowledged by Base
2013-09-10,None,Pablo Group,None,Clear View (Full Group),High (Senior Tracker),Acknowledged by Base
2013-09-10,None,Hirwa,None,Clear View (Full Group),High (Senior Tracker),Acknowledged by Base
2013-09-11,None,Kwitonda,None,Partial View (Dense Vegetation),High (Senior Tracker),Acknowledged by Base
2013-09-14,None,Susa-A,None,Partial View (Dense Vegetation),High (Senior Tracker),Acknowledged by Base
2013-09-16,None,Susa-A,None,Clear View (Full Group),High (Senior Tracker),Acknowledged by Base
2013-09-17,None,Pablo Group,None,Clear View (Full Group),High (Senior Tracker),Acknowledged by Base
2013-09-19,None,Hirwa,None,Partial View (Dense Vegetation),High (Senior Tracker),Acknowledged by Base
2013-09-20,None,Hirwa,None,Partial View (Dense Vegetation),High (Senior Tracker),Acknowledged by Base
2013-09-21,None,Kwitonda,None,Partial View (Dense Vegetation),High (Senior Tracker),Acknowledged by Base
2013-09-23,None,Pablo Group,None,Partial View (Dense Vegetation),High (Senior Tracker),Acknowledged by Base
2013-09-24,None,Pablo Group,None,Clear View (Full Group),High (Senior Tracker),Acknowledged by Base
2013-09-25,None,Amahoro,None,Clear View (Full Group),High (Senior Tracker),Acknowledged by Base
2013-09-26,CASE-2026-1499,Hirwa,Mild coughing,Partial View (Dense Vegetation),Medium,Sent
2013-09-28,None,Amahoro,None,Partial View (Dense Vegetation),High (Senior Tracker),Acknowledged by Base
2013-09-28,None,Kwitonda,None,Clear View (Full Group),High (Senior Tracker),Acknowledged by Base
2013-09-28,CASE-2026-1500,Hirwa,Mild coughing,Obscured (Heavy Rain),Medium,Acknowledged by Base
2013-09-30,None,Amahoro,None,Partial View (Dense Vegetation),High (Senior Tracker),Acknowledged by Base
2013-10-01,None,Kwitonda,None,Partial View (Dense Vegetation),High (Senior Tracker),Acknowledged by Base
2013-10-04,CASE-2026-1501,Pablo Group,Mild coughing,Clear View (Full Group),Low (Poor Conditions),Seen
2013-10-04,None,Kwitonda,None,Partial View (Dense Vegetation),High (Senior Tracker),Acknowledged by Base
2013-10-06,None,Susa-A,None,Partial View (Dense Vegetation),High (Senior Tracker),Acknowledged by Base
2013-10-06,None,Kwitonda,None,Clear View (Full Group),High (Senior Tracker),Acknowledged by Base
2013-10-09,None,Hirwa,None,Partial View (Dense Vegetation),High (Senior Tracker),Acknowledged by Base
2013-10-10,CASE-2026-1502,Amahoro,Mild coughing,Clear View (Full Group),High (Senior Tracker),Sent
2013-10-15,None,Kwitonda,None,Clear View (Full Group),High (Senior Tracker),Acknowledged by Base
2013-10-15,CASE-2026-1503,Hirwa,Mild coughing,Partial View (Dense Vegetation),Medium,Acknowledged by Base
2013-10-18,None,Pablo Group,None,Partial View (Dense Vegetation),High (Senior Tracker),Acknowledged by Base
2013-10-18,None,Hirwa,None,Partial View (Dense Vegetation),High (Senior Tracker),Acknowledged by Base
2013-10-20,None,Susa-A,None,Partial View (Dense Vegetation),High (Senior Tracker),Acknowledged by Base
2013-10-22,None,Amahoro,None,Partial View (Dense Vegetation),High (Senior Tracker),Acknowledged by Base
2013-10-24,None,Susa-A,None,Partial View (Dense Vegetation),High (Senior Tracker),Acknowledged by Base
2013-10-24,CASE-2026-1504,Pablo Group,Sustained nasal discharge,Partial View (Dense Vegetation),Medium,Sent
2013-10-25,None,Hirwa,None,Clear View (Full Group),High (Senior Tracker),Acknowledged by Base
2013-10-27,None,Amahoro,None,Partial View (Dense Vegetation),High (Senior Tracker),Acknowledged by Base
2013-10-28,None,Kwitonda,None,Partial View (Dense Vegetation),High (Senior Tracker),Acknowledged by Base
2013-10-31,None,Susa-A,None,Clear View (Full Group),High (Senior Tracker),Acknowledged by Base
2013-10-31,None,Pablo Group,None,Clear View (Full Group),High (Senior Tracker),Acknowledged by Base
2013-11-01,CASE-2026-1505,Amahoro,Sustained nasal discharge,Obscured (Heavy Rain),High (Senior Tracker),Acknowledged by Base
2013-11-04,None,Susa-A,None,Clear View (Full Group),High (Senior Tracker),Acknowledged by Base
2013-11-04,None,Amahoro,None,Partial View (Dense Vegetation),High (Senior Tracker),Acknowledged by Base
2013-11-11,None,Kwitonda,None,Partial View (Dense Vegetation),High (Senior Tracker),Acknowledged by Base
2013-11-15,None,Kwitonda,None,Clear View (Full Group),High (Senior Tracker),Acknowledged by Base
2013-11-16,CASE-2026-1506,Susa-A,"Heavy coughing, wheezing",Clear View (Full Group),High (Senior Tracker),Seen
2013-11-21,None,Pablo Group,None,Clear View (Full Group),High (Senior Tracker),Acknowledged by Base
2013-11-22,None,Susa-A,None,Clear View (Full Group),High (Senior Tracker),Acknowledged by Base
2013-11-23,None,Susa-A,None,Clear View (Full Group),High (Senior Tracker),Acknowledged by Base
2013-11-23,None,Kwitonda,None,Clear View (Full Group),High (Senior Tracker),Acknowledged by Base
2013-11-24,None,Susa-A,None,Clear View (Full Group),High (Senior Tracker),Acknowledged by Base
2013-11-24,None,Kwitonda,None,Clear View (Full Group),High (Senior Tracker),Acknowledged by Base
2013-11-25,None,Kwitonda,None,Partial View (Dense Vegetation),High (Senior Tracker),Acknowledged by Base
2013-11-25,CASE-2026-1507,Hirwa,Sustained nasal discharge,Obscured (Heavy Rain),High (Senior Tracker),Sent
2013-11-26,None,Pablo Group,None,Partial View (Dense Vegetation),High (Senior Tracker),Acknowledged by Base
2013-11-26,None,Kwitonda,None,Clear View (Full Group),High (Senior Tracker),Acknowledged by Base
2013-11-26,None,Hirwa,None,Clear View (Full Group),High (Senior Tracker),Acknowledged by Base
2013-11-27,None,Pablo Group,None,Clear View (Full Group),High (Senior Tracker),Acknowledged by Base
2013-11-27,None,Hirwa,None,Partial View (Dense Vegetation),High (Senior Tracker),Acknowledged by Base
2013-11-28,None,Hirwa,None,Partial View (Dense Vegetation),High (Senior Tracker),Acknowledged by Base
2013-11-29,CASE-2026-1508,Hirwa,"Heavy coughing, wheezing",Partial View (Dense Vegetation),High (Senior Tracker),Sent
2013-11-30,None,Hirwa,None,Partial View (Dense Vegetation),High (Senior Tracker),Acknowledged by Base
2013-12-06,CASE-2026-1509,Pablo Group,Mild coughing,Obscured (Heavy Rain),High (Senior Tracker),Seen
2013-12-07,None,Hirwa,None,Partial View (Dense Vegetation),High (Senior Tracker),Acknowledged by Base
2013-12-10,None,Pablo Group,None,Clear View (Full Group),High (Senior Tracker),Acknowledged by Base
2013-12-11,None,Amahoro,None,Clear View (Full Group),High (Senior Tracker),Acknowledged by Base
2013-12-13,None,Pablo Group,None,Partial View (Dense Vegetation),High (Senior Tracker),Acknowledged by Base
2013-12-15,CASE-2026-1510,Susa-A,Mild coughing,Clear View (Full Group),High (Senior Tracker),Acknowledged by Base
2013-12-15,None,Pablo Group,None,Clear View (Full Group),High (Senior Tracker),Acknowledged by Base
2013-12-15,CASE-2026-1511,Kwitonda,Mild coughing,Partial View (Dense Vegetation),High (Senior Tracker),Acknowledged by Base
2013-12-16,CASE-2026-1512,Pablo Group,Sustained nasal discharge,Obscured (Heavy Rain),High (Senior Tracker),Seen
2013-12-18,None,Amahoro,None,Partial View (Dense Vegetation),High (Senior Tracker),Acknowledged by Base
2013-12-25,None,Kwitonda,None,Partial View (Dense Vegetation),High (Senior Tracker),Acknowledged by Base
2013-12-28,None,Kwitonda,None,Clear View (Full Group),High (Senior Tracker),Acknowledged by Base
2013-12-30,None,Pablo Group,None,Partial View (Dense Vegetation),High (Senior Tracker),Acknowledged by Base
2013-12-31,None,Amahoro,None,Clear View (Full Group),High (Senior Tracker),Acknowledged by Base
2014-01-01,None,Pablo Group,None,Clear View (Full Group),High (Senior Tracker),Acknowledged by Base
2014-01-03,None,Susa-A,None,Partial View (Dense Vegetation),High (Senior Tracker),Acknowledged by Base
2014-01-04,None,Pablo Group,None,Partial View (Dense Vegetation),High (Senior Tracker),Acknowledged by Base
2014-01-05,None,Amahoro,None,Clear View (Full Group),High (Senior Tracker),Acknowledged by Base
2014-01-06,None,Pablo Group,None,Partial View (Dense Vegetation),High (Senior Tracker),Acknowledged by Base
2014-01-08,None,Kwitonda,None,Partial View (Dense Vegetation),High (Senior Tracker),Acknowledged by Base
2014-01-12,None,Pablo Group,None,Clear View (Full Group),High (Senior Tracker),Acknowledged by Base
2014-01-14,None,Susa-A,None,Clear View (Full Group),High (Senior Tracker),Acknowledged by Base
2014-01-15,CASE-2026-1513,Pablo Group,Mild coughing,Clear View (Full Group),High (Senior Tracker),Seen
2014-01-16,None,Hirwa,None,Clear View (Full Group),High (Senior Tracker),Acknowledged by Base
2014-01-17,CASE-2026-1514,Pablo Group,Sustained nasal discharge,Partial View (Dense Vegetation),High (Senior Tracker),Acknowledged by Base
2014-01-21,None,Kwitonda,None,Partial View (Dense Vegetation),High (Senior Tracker),Acknowledged by Base
2014-01-22,CASE-2026-1515,Pablo Group,Mild coughing,Obscured (Heavy Rain),Low (Poor Conditions),Acknowledged by Base
2014-01-26,None,Kwitonda,None,Partial View (Dense Vegetation),High (Senior Tracker),Acknowledged by Base
2014-01-26,None,Hirwa,None,Partial View (Dense Vegetation),High (Senior Tracker),Acknowledged by Base
2014-01-28,None,Amahoro,None,Partial View (Dense Vegetation),High (Senior Tracker),Acknowledged by Base
2014-01-29,CASE-2026-1516,Kwitonda,Mild coughing,Partial View (Dense Vegetation),High (Senior Tracker),Acknowledged by Base
2014-02-02,None,Susa-A,None,Partial View (Dense Vegetation),High (Senior Tracker),Acknowledged by Base
2014-02-04,None,Kwitonda,None,Partial View (Dense Vegetation),High (Senior Tracker),Acknowledged by Base
2014-02-06,None,Susa-A,None,Partial View (Dense Vegetation),High (Senior Tracker),Acknowledged by Base
2014-02-08,CASE-2026-1517,Pablo Group,Mild coughing,Partial View (Dense Vegetation),Medium,Seen
2014-02-10,None,Hirwa,None,Partial View (Dense Vegetation),High (Senior Tracker),Acknowledged by Base
2014-02-11,None,Susa-A,None,Partial View (Dense Vegetation),High (Senior Tracker),Acknowledged by Base
2014-02-14,None,Amahoro,None,Clear View (Full Group),High (Senior Tracker),Acknowledged by Base
2014-02-14,None,Hirwa,None,Partial View (Dense Vegetation),High (Senior Tracker),Acknowledged by Base
2014-02-17,None,Hirwa,None,Clear View (Full Group),High (Senior Tracker),Acknowledged by Base
2014-02-18,None,Pablo Group,None,Clear View (Full Group),High (Senior Tracker),Acknowledged by Base
2014-02-18,None,Hirwa,None,Partial View (Dense Vegetation),High (Senior Tracker),Acknowledged by Base
2014-02-19,None,Hirwa,None,Clear View (Full Group),High (Senior Tracker),Acknowledged by Base
2014-02-22,None,Hirwa,None,Partial View (Dense Vegetation),High (Senior Tracker),Acknowledged by Base
2014-02-23,None,Hirwa,None,Partial View (Dense Vegetation),High (Senior Tracker),Acknowledged by Base
2014-02-28,None,Susa-A,None,Partial View (Dense Vegetation),High (Senior Tracker),Acknowledged by Base
2014-03-02,CASE-2026-1518,Susa-A,"Heavy coughing, wheezing",Obscured (Heavy Rain),High (Senior Tracker),Acknowledged by Base
2014-03-03,None,Hirwa,None,Partial View (Dense Vegetation),High (Senior Tracker),Acknowledged by Base
2014-03-06,None,Susa-A,None,Clear View (Full Group),High (Senior Tracker),Acknowledged by Base
2014-03-10,None,Kwitonda,None,Partial View (Dense Vegetation),High (Senior Tracker),Acknowledged by Base
2014-03-11,None,Kwitonda,None,Clear View (Full Group),High (Senior Tracker),Acknowledged by Base
2014-03-11,CASE-2026-1519,Hirwa,Mild coughing,Obscured (Heavy Rain),Low (Poor Conditions),Seen
2014-03-13,None,Pablo Group,None,Partial View (Dense Vegetation),High (Senior Tracker),Acknowledged by Base
2014-03-13,CASE-2026-1520,Amahoro,Lethargy,Clear View (Full Group),Low (Poor Conditions),Acknowledged by Base
2014-03-15,CASE-2026-1521,Pablo Group,Mild coughing,Obscured (Heavy Rain),Medium,Acknowledged by Base
2014-03-15,CASE-2026-1522,Amahoro,Mild coughing,Clear View (Full Group),High (Senior Tracker),Sent
2014-03-20,None,Hirwa,None,Clear View (Full Group),High (Senior Tracker),Acknowledged by Base
2014-03-21,None,Kwitonda,None,Partial View (Dense Vegetation),High (Senior Tracker),Acknowledged by Base
2014-03-21,None,Hirwa,None,Partial View (Dense Vegetation),High (Senior Tracker),Acknowledged by Base
2014-03-24,None,Kwitonda,None,Clear View (Full Group),High (Senior Tracker),Acknowledged by Base
2014-03-27,None,Pablo Group,None,Clear View (Full Group),High (Senior Tracker),Acknowledged by Base
2014-03-28,None,Susa-A,None,Clear View (Full Group),High (Senior Tracker),Acknowledged by Base
2014-03-31,None,Kwitonda,None,Partial View (Dense Vegetation),High (Senior Tracker),Acknowledged by Base
2014-04-03,None,Amahoro,None,Partial View (Dense Vegetation),High (Senior Tracker),Acknowledged by Base
2014-04-05,None,Susa-A,None,Clear View (Full Group),High (Senior Tracker),Acknowledged by Base
2014-04-06,None,Amahoro,None,Clear View (Full Group),High (Senior Tracker),Acknowledged by Base
2014-04-06,None,Hirwa,None,Partial View (Dense Vegetation),High (Senior Tracker),Acknowledged by Base
2014-04-11,None,Hirwa,None,Clear View (Full Group),High (Senior Tracker),Acknowledged by Base
2014-04-12,None,Susa-A,None,Clear View (Full Group),High (Senior Tracker),Acknowledged by Base
2014-04-13,None,Susa-A,None,Partial View (Dense Vegetation),High (Senior Tracker),Acknowledged by Base
2014-04-14,CASE-2026-1523,Susa-A,Mild coughing,Partial View (Dense Vegetation),Medium,Seen
2014-04-14,None,Pablo Group,None,Partial View (Dense Vegetation),High (Senior Tracker),Acknowledged by Base
2014-04-17,None,Susa-A,None,Partial View (Dense Vegetation),High (Senior Tracker),Acknowledged by Base
2014-04-17,CASE-2026-1524,Pablo Group,Mild coughing,Partial View (Dense Vegetation),High (Senior Tracker),Sent
2014-04-19,None,Kwitonda,None,Clear View (Full Group),High (Senior Tracker),Acknowledged by Base
2014-04-20,None,Amahoro,None,Partial View (Dense Vegetation),High (Senior Tracker),Acknowledged by Base
2014-04-21,None,Amahoro,None,Partial View (Dense Vegetation),High (Senior Tracker),Acknowledged by Base
2014-04-22,None,Susa-A,None,Partial View (Dense Vegetation),High (Senior Tracker),Acknowledged by Base
2014-04-24,CASE-2026-1525,Susa-A,Mild coughing,Obscured (Heavy Rain),Low (Poor Conditions),Acknowledged by Base
2014-04-25,None,Kwitonda,None,Clear View (Full Group),High (Senior Tracker),Acknowledged by Base
2014-04-26,None,Amahoro,None,Partial View (Dense Vegetation),High (Senior Tracker),Acknowledged by Base
2014-05-01,None,Kwitonda,None,Clear View (Full Group),High (Senior Tracker),Acknowledged by Base
2014-05-01,None,Hirwa,None,Clear View (Full Group),High (Senior Tracker),Acknowledged by Base
2014-05-03,CASE-2026-1526,Pablo Group,Sustained nasal discharge,Partial View (Dense Vegetation),Medium,Acknowledged by Base
2014-05-05,None,Pablo Group,None,Clear View (Full Group),High (Senior Tracker),Acknowledged by Base
2014-05-11,None,Pablo Group,None,Clear View (Full Group),High (Senior Tracker),Acknowledged by Base
2014-05-11,None,Hirwa,None,Clear View (Full Group),High (Senior Tracker),Acknowledged by Base
2014-05-14,CASE-2026-1527,Pablo Group,Mild coughing,Partial View (Dense Vegetation),High (Senior Tracker),Seen
2014-05-18,None,Kwitonda,None,Partial View (Dense Vegetation),High (Senior Tracker),Acknowledged by Base
2014-05-19,None,Pablo Group,None,Partial View (Dense Vegetation),High (Senior Tracker),Acknowledged by Base
2014-05-22,None,Amahoro,None,Partial View (Dense Vegetation),High (Senior Tracker),Acknowledged by Base
2014-05-23,None,Susa-A,None,Clear View (Full Group),High (Senior Tracker),Acknowledged by Base
2014-05-24,None,Amahoro,None,Clear View (Full Group),High (Senior Tracker),Acknowledged by Base
2014-05-25,None,Susa-A,None,Clear View (Full Group),High (Senior Tracker),Acknowledged by Base
2014-05-26,None,Susa-A,None,Partial View (Dense Vegetation),High (Senior Tracker),Acknowledged by Base
2014-05-29,None,Hirwa,None,Clear View (Full Group),High (Senior Tracker),Acknowledged by Base
2014-06-04,None,Susa-A,None,Clear View (Full Group),High (Senior Tracker),Acknowledged by Base
2014-06-04,CASE-2026-1528,Pablo Group,Sustained nasal discharge,Partial View (Dense Vegetation),Medium,Acknowledged by Base
2014-06-09,None,Susa-A,None,Clear View (Full Group),High (Senior Tracker),Acknowledged by Base
2014-06-09,None,Amahoro,None,Partial View (Dense Vegetation),High (Senior Tracker),Acknowledged by Base
2014-06-11,None,Pablo Group,None,Partial View (Dense Vegetation),High (Senior Tracker),Acknowledged by Base
2014-06-11,None,Hirwa,None,Partial View (Dense Vegetation),High (Senior Tracker),Acknowledged by Base
2014-06-12,CASE-2026-1529,Pablo Group,Sustained nasal discharge,Partial View (Dense Vegetation),High (Senior Tracker),Seen
2014-06-14,None,Pablo Group,None,Clear View (Full Group),High (Senior Tracker),Acknowledged by Base
2014-06-16,CASE-2026-1530,Susa-A,Sustained nasal discharge,Clear View (Full Group),Medium,Acknowledged by Base
2014-06-20,None,Kwitonda,None,Partial View (Dense Vegetation),High (Senior Tracker),Acknowledged by Base
2014-06-22,None,Hirwa,None,Clear View (Full Group),High (Senior Tracker),Acknowledged by Base
2014-06-24,CASE-2026-1531,Pablo Group,Mild coughing,Clear View (Full Group),High (Senior Tracker),Seen
2014-06-25,CASE-2026-1532,Pablo Group,Sustained nasal discharge,Clear View (Full Group),Low (Poor Conditions),Acknowledged by Base
2014-06-26,None,Pablo Group,None,Clear View (Full Group),High (Senior Tracker),Acknowledged by Base
2014-07-01,None,Susa-A,None,Partial View (Dense Vegetation),High (Senior Tracker),Acknowledged by Base
2014-07-01,None,Pablo Group,None,Partial View (Dense Vegetation),High (Senior Tracker),Acknowledged by Base
2014-07-05,CASE-2026-1533,Susa-A,Lethargy,Obscured (Heavy Rain),High (Senior Tracker),Sent
2014-07-05,None,Hirwa,None,Partial View (Dense Vegetation),High (Senior Tracker),Acknowledged by Base
2014-07-07,None,Pablo Group,None,Clear View (Full Group),High (Senior Tracker),Acknowledged by Base
2014-07-07,None,Amahoro,None,Partial View (Dense Vegetation),High (Senior Tracker),Acknowledged by Base
2014-07-10,None,Kwitonda,None,Partial View (Dense Vegetation),High (Senior Tracker),Acknowledged by Base
2014-07-12,CASE-2026-1534,Susa-A,Mild coughing,Clear View (Full Group),High (Senior Tracker),Seen
2014-07-15,None,Susa-A,None,Partial View (Dense Vegetation),High (Senior Tracker),Acknowledged by Base
2014-07-15,None,Kwitonda,None,Clear View (Full Group),High (Senior Tracker),Acknowledged by Base
2014-07-17,None,Kwitonda,None,Partial View (Dense Vegetation),High (Senior Tracker),Acknowledged by Base
2014-07-21,None,Pablo Group,None,Partial View (Dense Vegetation),High (Senior Tracker),Acknowledged by Base
2014-07-22,None,Hirwa,None,Partial View (Dense Vegetation),High (Senior Tracker),Acknowledged by Base
2014-07-23,CASE-2026-1535,Hirwa,Mild coughing,Clear View (Full Group),High (Senior Tracker),Acknowledged by Base
2014-07-24,None,Susa-A,None,Partial View (Dense Vegetation),High (Senior Tracker),Acknowledged by Base
2014-07-25,None,Amahoro,None,Partial View (Dense Vegetation),High (Senior Tracker),Acknowledged by Base
2014-07-25,None,Kwitonda,None,Clear View (Full Group),High (Senior Tracker),Acknowledged by Base
2014-07-28,None,Amahoro,None,Partial View (Dense Vegetation),High (Senior Tracker),Acknowledged by Base
2014-08-05,None,Pablo Group,None,Clear View (Full Group),High (Senior Tracker),Acknowledged by Base
2014-08-05,None,Kwitonda,None,Partial View (Dense Vegetation),High (Senior Tracker),Acknowledged by Base
2014-08-05,CASE-2026-1536,Hirwa,Sustained nasal discharge,Partial View (Dense Vegetation),High (Senior Tracker),Acknowledged by Base
2014-08-09,None,Pablo Group,None,Clear View (Full Group),High (Senior Tracker),Acknowledged by Base
2014-08-10,CASE-2026-1537,Kwitonda,Mild coughing,Partial View (Dense Vegetation),High (Senior Tracker),Seen
2014-08-11,None,Kwitonda,None,Partial View (Dense Vegetation),High (Senior Tracker),Acknowledged by Base
2014-08-12,None,Pablo Group,None,Partial View (Dense Vegetation),High (Senior Tracker),Acknowledged by Base
2014-08-12,None,Kwitonda,None,Clear View (Full Group),High (Senior Tracker),Acknowledged by Base
2014-08-12,None,Hirwa,None,Partial View (Dense Vegetation),High (Senior Tracker),Acknowledged by Base
2014-08-14,None,Amahoro,None,Partial View (Dense Vegetation),High (Senior Tracker),Acknowledged by Base
2014-08-15,None,Susa-A,None,Clear View (Full Group),High (Senior Tracker),Acknowledged by Base
2014-08-17,CASE-2026-1538,Susa-A,Sustained nasal discharge,Clear View (Full Group),Low (Poor Conditions),Sent
2014-08-17,None,Kwitonda,None,Partial View (Dense Vegetation),High (Senior Tracker),Acknowledged by Base
2014-08-17,None,Hirwa,None,Partial View (Dense Vegetation),High (Senior Tracker),Acknowledged by Base
2014-08-18,CASE-2026-1539,Amahoro,Lethargy,Clear View (Full Group),Medium,Acknowledged by Base
2014-08-18,None,Hirwa,None,Partial View (Dense Vegetation),High (Senior Tracker),Acknowledged by Base
2014-08-19,None,Amahoro,None,Partial View (Dense Vegetation),High (Senior Tracker),Acknowledged by Base
2014-08-20,None,Pablo Group,None,Clear View (Full Group),High (Senior Tracker),Acknowledged by Base
2014-08-21,None,Kwitonda,None,Partial View (Dense Vegetation),High (Senior Tracker),Acknowledged by Base
2014-08-22,None,Hirwa,None,Clear View (Full Group),High (Senior Tracker),Acknowledged by Base
2014-08-24,None,Susa-A,None,Clear View (Full Group),High (Senior Tracker),Acknowledged by Base
2014-08-25,None,Susa-A,None,Partial View (Dense Vegetation),High (Senior Tracker),Acknowledged by Base
2014-08-27,None,Amahoro,None,Partial View (Dense Vegetation),High (Senior Tracker),Acknowledged by Base
2014-08-28,None,Susa-A,None,Partial View (Dense Vegetation),High (Senior Tracker),Acknowledged by Base
2014-08-30,None,Susa-A,None,Partial View (Dense Vegetation),High (Senior Tracker),Acknowledged by Base
2014-08-30,None,Kwitonda,None,Partial View (Dense Vegetation),High (Senior Tracker),Acknowledged by Base
2014-08-30,None,Hirwa,None,Partial View (Dense Vegetation),High (Senior Tracker),Acknowledged by Base
2014-08-31,None,Pablo Group,None,Clear View (Full Group),High (Senior Tracker),Acknowledged by Base
2014-09-01,None,Hirwa,None,Clear View (Full Group),High (Senior Tracker),Acknowledged by Base
2014-09-04,None,Amahoro,None,Partial View (Dense Vegetation),High (Senior Tracker),Acknowledged by Base
2014-09-05,None,Pablo Group,None,Clear View (Full Group),High (Senior Tracker),Acknowledged by Base
2014-09-07,None,Kwitonda,None,Clear View (Full Group),High (Senior Tracker),Acknowledged by Base
2014-09-07,CASE-2026-1540,Hirwa,Lethargy,Obscured (Heavy Rain),Low (Poor Conditions),Seen
2014-09-09,None,Kwitonda,None,Partial View (Dense Vegetation),High (Senior Tracker),Acknowledged by Base
2014-09-11,None,Kwitonda,None,Clear View (Full Group),High (Senior Tracker),Acknowledged by Base
2014-09-13,None,Hirwa,None,Partial View (Dense Vegetation),High (Senior Tracker),Acknowledged by Base
2014-09-16,None,Hirwa,None,Clear View (Full Group),High (Senior Tracker),Acknowledged by Base
2014-09-17,None,Amahoro,None,Partial View (Dense Vegetation),High (Senior Tracker),Acknowledged by Base
2014-09-18,None,Amahoro,None,Partial View (Dense Vegetation),High (Senior Tracker),Acknowledged by Base
2014-09-20,None,Hirwa,None,Clear View (Full Group),High (Senior Tracker),Acknowledged by Base
2014-09-23,None,Kwitonda,None,Clear View (Full Group),High (Senior Tracker),Acknowledged by Base
2014-09-24,None,Kwitonda,None,Clear View (Full Group),High (Senior Tracker),Acknowledged by Base
2014-09-25,None,Amahoro,None,Clear View (Full Group),High (Senior Tracker),Acknowledged by Base
2014-09-26,None,Susa-A,None,Clear View (Full Group),High (Senior Tracker),Acknowledged by Base
2014-09-26,None,Pablo Group,None,Clear View (Full Group),High (Senior Tracker),Acknowledged by Base
2014-09-27,None,Susa-A,None,Clear View (Full Group),High (Senior Tracker),Acknowledged by Base
2014-09-28,None,Susa-A,None,Partial View (Dense Vegetation),High (Senior Tracker),Acknowledged by Base
2014-09-28,None,Kwitonda,None,Partial View (Dense Vegetation),High (Senior Tracker),Acknowledged by Base
2014-09-28,CASE-2026-1541,Hirwa,Sustained nasal discharge,Partial View (Dense Vegetation),High (Senior Tracker),Seen
2014-10-03,CASE-2026-1542,Pablo Group,Sustained nasal discharge,Partial View (Dense Vegetation),High (Senior Tracker),Sent
2014-10-04,None,Kwitonda,None,Clear View (Full Group),High (Senior Tracker),Acknowledged by Base
2014-10-05,None,Susa-A,None,Clear View (Full Group),High (Senior Tracker),Acknowledged by Base
2014-10-13,None,Pablo Group,None,Partial View (Dense Vegetation),High (Senior Tracker),Acknowledged by Base
2014-10-13,None,Amahoro,None,Partial View (Dense Vegetation),High (Senior Tracker),Acknowledged by Base
2014-10-16,None,Hirwa,None,Partial View (Dense Vegetation),High (Senior Tracker),Acknowledged by Base
2014-10-18,None,Pablo Group,None,Clear View (Full Group),High (Senior Tracker),Acknowledged by Base
2014-10-20,None,Pablo Group,None,Partial View (Dense Vegetation),High (Senior Tracker),Acknowledged by Base
2014-10-23,None,Amahoro,None,Partial View (Dense Vegetation),High (Senior Tracker),Acknowledged by Base
2014-10-24,None,Susa-A,None,Partial View (Dense Vegetation),High (Senior Tracker),Acknowledged by Base
2014-10-25,None,Kwitonda,None,Clear View (Full Group),High (Senior Tracker),Acknowledged by Base
2014-10-26,None,Susa-A,None,Clear View (Full Group),High (Senior Tracker),Acknowledged by Base
2014-10-26,None,Pablo Group,None,Clear View (Full Group),High (Senior Tracker),Acknowledged by Base
2014-10-27,None,Kwitonda,None,Clear View (Full Group),High (Senior Tracker),Acknowledged by Base
2014-10-27,None,Hirwa,None,Partial View (Dense Vegetation),High (Senior Tracker),Acknowledged by Base
2014-10-28,None,Susa-A,None,Clear View (Full Group),High (Senior Tracker),Acknowledged by Base
2014-10-30,None,Susa-A,None,Clear View (Full Group),High (Senior Tracker),Acknowledged by Base
2014-10-30,None,Kwitonda,None,Partial View (Dense Vegetation),High (Senior Tracker),Acknowledged by Base
2014-10-31,None,Amahoro,None,Clear View (Full Group),High (Senior Tracker),Acknowledged by Base
2014-11-03,None,Susa-A,None,Partial View (Dense Vegetation),High (Senior Tracker),Acknowledged by Base
2014-11-04,None,Hirwa,None,Partial View (Dense Vegetation),High (Senior Tracker),Acknowledged by Base
2014-11-08,CASE-2026-1543,Hirwa,Mild coughing,Clear View (Full Group),High (Senior Tracker),Acknowledged by Base
2014-11-15,None,Hirwa,None,Partial View (Dense Vegetation),High (Senior Tracker),Acknowledged by Base
2014-11-18,None,Kwitonda,None,Clear View (Full Group),High (Senior Tracker),Acknowledged by Base
2014-11-19,None,Pablo Group,None,Partial View (Dense Vegetation),High (Senior Tracker),Acknowledged by Base
2014-11-19,None,Kwitonda,None,Clear View (Full Group),High (Senior Tracker),Acknowledged by Base
2014-11-20,CASE-2026-1544,Amahoro,Mild coughing,Clear View (Full Group),High (Senior Tracker),Seen
2014-11-20,None,Kwitonda,None,Partial View (Dense Vegetation),High (Senior Tracker),Acknowledged by Base
2014-11-22,None,Hirwa,None,Partial View (Dense Vegetation),High (Senior Tracker),Acknowledged by Base
2014-11-25,CASE-2026-1545,Susa-A,Mild coughing,Partial View (Dense Vegetation),Low (Poor Conditions),Sent
2014-11-25,None,Pablo Group,None,Partial View (Dense Vegetation),High (Senior Tracker),Acknowledged by Base
2014-11-25,None,Kwitonda,None,Clear View (Full Group),High (Senior Tracker),Acknowledged by Base
2014-11-27,None,Kwitonda,None,Partial View (Dense Vegetation),High (Senior Tracker),Acknowledged by Base
2014-11-30,None,Amahoro,None,Clear View (Full Group),High (Senior Tracker),Acknowledged by Base
2014-12-05,None,Hirwa,None,Clear View (Full Group),High (Senior Tracker),Acknowledged by Base
2014-12-08,None,Pablo Group,None,Clear View (Full Group),High (Senior Tracker),Acknowledged by Base
2014-12-09,None,Susa-A,None,Clear View (Full Group),High (Senior Tracker),Acknowledged by Base
2014-12-09,None,Kwitonda,None,Partial View (Dense Vegetation),High (Senior Tracker),Acknowledged by Base
2014-12-13,None,Amahoro,None,Clear View (Full Group),High (Senior Tracker),Acknowledged by Base
2014-12-15,None,Kwitonda,None,Partial View (Dense Vegetation),High (Senior Tracker),Acknowledged by Base
2014-12-16,None,Pablo Group,None,Partial View (Dense Vegetation),High (Senior Tracker),Acknowledged by Base
2014-12-16,CASE-2026-1546,Kwitonda,Mild coughing,Partial View (Dense Vegetation),High (Senior Tracker),Sent
2014-12-17,None,Kwitonda,None,Partial View (Dense Vegetation),High (Senior Tracker),Acknowledged by Base
2014-12-19,None,Hirwa,None,Clear View (Full Group),High (Senior Tracker),Acknowledged by Base
2014-12-20,None,Hirwa,None,Partial View (Dense Vegetation),High (Senior Tracker),Acknowledged by Base
2014-12-22,None,Susa-A,None,Clear View (Full Group),High (Senior Tracker),Acknowledged by Base
2014-12-30,None,Susa-A,None,Partial View (Dense Vegetation),High (Senior Tracker),Acknowledged by Base
2015-01-01,CASE-2026-1547,Amahoro,Sustained nasal discharge,Partial View (Dense Vegetation),Medium,Acknowledged by Base
2015-01-01,None,Kwitonda,None,Clear View (Full Group),High (Senior Tracker),Acknowledged by Base
2015-01-04,None,Susa-A,None,Partial View (Dense Vegetation),High (Senior Tracker),Acknowledged by Base
2015-01-04,None,Amahoro,None,Partial View (Dense Vegetation),High (Senior Tracker),Acknowledged by Base
2015-01-04,None,Kwitonda,None,Clear View (Full Group),High (Senior Tracker),Acknowledged by Base
2015-01-07,None,Amahoro,None,Clear View (Full Group),High (Senior Tracker),Acknowledged by Base
2015-01-07,CASE-2026-1548,Kwitonda,Mild coughing,Partial View (Dense Vegetation),High (Senior Tracker),Sent
2015-01-07,None,Hirwa,None,Clear View (Full Group),High (Senior Tracker),Acknowledged by Base
2015-01-17,None,Susa-A,None,Clear View (Full Group),High (Senior Tracker),Acknowledged by Base
2015-01-19,None,Susa-A,None,Clear View (Full Group),High (Senior Tracker),Acknowledged by Base
2015-01-19,CASE-2026-1549,Pablo Group,Mild coughing,Obscured (Heavy Rain),Medium,Seen
2015-01-22,CASE-2026-1550,Amahoro,Sustained nasal discharge,Partial View (Dense Vegetation),Medium,Seen
2015-01-23,None,Kwitonda,None,Partial View (Dense Vegetation),High (Senior Tracker),Acknowledged by Base
2015-01-23,None,Hirwa,None,Clear View (Full Group),High (Senior Tracker),Acknowledged by Base
2015-01-24,None,Susa-A,None,Clear View (Full Group),High (Senior Tracker),Acknowledged by Base
2015-01-24,None,Pablo Group,None,Partial View (Dense Vegetation),High (Senior Tracker),Acknowledged by Base
2015-01-25,None,Amahoro,None,Clear View (Full Group),High (Senior Tracker),Acknowledged by Base
2015-01-27,None,Pablo Group,None,Partial View (Dense Vegetation),High (Senior Tracker),Acknowledged by Base
2015-01-29,None,Susa-A,None,Partial View (Dense Vegetation),High (Senior Tracker),Acknowledged by Base
2015-01-30,None,Hirwa,None,Clear View (Full Group),High (Senior Tracker),Acknowledged by Base
2015-02-01,None,Kwitonda,None,Partial View (Dense Vegetation),High (Senior Tracker),Acknowledged by Base
2015-02-02,None,Kwitonda,None,Clear View (Full Group),High (Senior Tracker),Acknowledged by Base
2015-02-03,None,Susa-A,None,Partial View (Dense Vegetation),High (Senior Tracker),Acknowledged by Base
2015-02-03,None,Hirwa,None,Partial View (Dense Vegetation),High (Senior Tracker),Acknowledged by Base
2015-02-04,CASE-2026-1551,Amahoro,Mild coughing,Partial View (Dense Vegetation),High (Senior Tracker),Sent
2015-02-07,None,Susa-A,None,Clear View (Full Group),High (Senior Tracker),Acknowledged by Base
2015-02-08,None,Kwitonda,None,Partial View (Dense Vegetation),High (Senior Tracker),Acknowledged by Base
2015-02-10,None,Susa-A,None,Partial View (Dense Vegetation),High (Senior Tracker),Acknowledged by Base
2015-02-10,None,Kwitonda,None,Partial View (Dense Vegetation),High (Senior Tracker),Acknowledged by Base
2015-02-11,None,Kwitonda,None,Clear View (Full Group),High (Senior Tracker),Acknowledged by Base
2015-02-12,None,Susa-A,None,Clear View (Full Group),High (Senior Tracker),Acknowledged by Base
2015-02-16,None,Susa-A,None,Clear View (Full Group),High (Senior Tracker),Acknowledged by Base
2015-02-16,None,Pablo Group,None,Clear View (Full Group),High (Senior Tracker),Acknowledged by Base
2015-02-16,None,Hirwa,None,Partial View (Dense Vegetation),High (Senior Tracker),Acknowledged by Base
2015-02-17,None,Susa-A,None,Partial View (Dense Vegetation),High (Senior Tracker),Acknowledged by Base
2015-02-17,None,Amahoro,None,Partial View (Dense Vegetation),High (Senior Tracker),Acknowledged by Base
2015-02-19,None,Susa-A,None,Clear View (Full Group),High (Senior Tracker),Acknowledged by Base
2015-02-19,None,Amahoro,None,Clear View (Full Group),High (Senior Tracker),Acknowledged by Base
2015-02-19,CASE-2026-1552,Kwitonda,Lethargy,Obscured (Heavy Rain),High (Senior Tracker),Acknowledged by Base
2015-02-20,None,Hirwa,None,Partial View (Dense Vegetation),High (Senior Tracker),Acknowledged by Base
2015-02-23,None,Kwitonda,None,Clear View (Full Group),High (Senior Tracker),Acknowledged by Base
2015-02-28,CASE-2026-1553,Amahoro,Mild coughing,Partial View (Dense Vegetation),High (Senior Tracker),Sent
2015-03-07,CASE-2026-1554,Pablo Group,Sustained nasal discharge,Partial View (Dense Vegetation),Medium,Seen
2015-03-10,None,Pablo Group,None,Clear View (Full Group),High (Senior Tracker),Acknowledged by Base
2015-03-10,None,Kwitonda,None,Clear View (Full Group),High (Senior Tracker),Acknowledged by Base
2015-03-16,None,Susa-A,None,Partial View (Dense Vegetation),High (Senior Tracker),Acknowledged by Base
2015-03-18,None,Amahoro,None,Clear View (Full Group),High (Senior Tracker),Acknowledged by Base
2015-03-18,None,Hirwa,None,Partial View (Dense Vegetation),High (Senior Tracker),Acknowledged by Base
2015-03-19,None,Pablo Group,None,Partial View (Dense Vegetation),High (Senior Tracker),Acknowledged by Base
2015-03-20,None,Kwitonda,None,Partial View (Dense Vegetation),High (Senior Tracker),Acknowledged by Base
2015-03-21,None,Amahoro,None,Clear View (Full Group),High (Senior Tracker),Acknowledged by Base
2015-03-22,CASE-2026-1555,Susa-A,Mild coughing,Clear View (Full Group),High (Senior Tracker),Seen
2015-03-23,None,Kwitonda,None,Clear View (Full Group),High (Senior Tracker),Acknowledged by Base
2015-03-23,CASE-2026-1556,Hirwa,Mild coughing,Clear View (Full Group),Low (Poor Conditions),Acknowledged by Base
2015-03-24,None,Pablo Group,None,Clear View (Full Group),High (Senior Tracker),Acknowledged by Base
2015-03-24,None,Amahoro,None,Clear View (Full Group),High (Senior Tracker),Acknowledged by Base
2015-03-26,None,Amahoro,None,Partial View (Dense Vegetation),High (Senior Tracker),Acknowledged by Base
2015-03-28,None,Pablo Group,None,Partial View (Dense Vegetation),High (Senior Tracker),Acknowledged by Base
2015-03-28,None,Amahoro,None,Clear View (Full Group),High (Senior Tracker),Acknowledged by Base
2015-03-29,None,Hirwa,None,Clear View (Full Group),High (Senior Tracker),Acknowledged by Base
2015-03-30,None,Susa-A,None,Clear View (Full Group),High (Senior Tracker),Acknowledged by Base
2015-03-31,None,Kwitonda,None,Clear View (Full Group),High (Senior Tracker),Acknowledged by Base
2015-04-04,None,Kwitonda,None,Clear View (Full Group),High (Senior Tracker),Acknowledged by Base
2015-04-04,None,Hirwa,None,Clear View (Full Group),High (Senior Tracker),Acknowledged by Base
2015-04-05,None,Susa-A,None,Partial View (Dense Vegetation),High (Senior Tracker),Acknowledged by Base
2015-04-06,None,Amahoro,None,Partial View (Dense Vegetation),High (Senior Tracker),Acknowledged by Base
2015-04-10,None,Kwitonda,None,Clear View (Full Group),High (Senior Tracker),Acknowledged by Base
2015-04-14,None,Amahoro,None,Clear View (Full Group),High (Senior Tracker),Acknowledged by Base
2015-04-15,None,Susa-A,None,Partial View (Dense Vegetation),High (Senior Tracker),Acknowledged by Base
2015-04-16,CASE-2026-1557,Amahoro,Sustained nasal discharge,Partial View (Dense Vegetation),High (Senior Tracker),Seen
2015-04-17,None,Hirwa,None,Partial View (Dense Vegetation),High (Senior Tracker),Acknowledged by Base
2015-04-19,None,Amahoro,None,Partial View (Dense Vegetation),High (Senior Tracker),Acknowledged by Base
2015-04-19,CASE-2026-1558,Hirwa,Mild coughing,Clear View (Full Group),Low (Poor Conditions),Seen
2015-04-22,None,Hirwa,None,Partial View (Dense Vegetation),High (Senior Tracker),Acknowledged by Base
2015-04-23,None,Kwitonda,None,Partial View (Dense Vegetation),High (Senior Tracker),Acknowledged by Base
2015-04-24,None,Amahoro,None,Clear View (Full Group),High (Senior Tracker),Acknowledged by Base
2015-04-27,None,Susa-A,None,Partial View (Dense Vegetation),High (Senior Tracker),Acknowledged by Base
2015-05-02,None,Pablo Group,None,Clear View (Full Group),High (Senior Tracker),Acknowledged by Base
2015-05-04,CASE-2026-1559,Pablo Group,Sustained nasal discharge,Partial View (Dense Vegetation),High (Senior Tracker),Acknowledged by Base
2015-05-05,None,Susa-A,None,Partial View (Dense Vegetation),High (Senior Tracker),Acknowledged by Base
2015-05-06,None,Susa-A,None,Partial View (Dense Vegetation),High (Senior Tracker),Acknowledged by Base
2015-05-07,CASE-2026-1560,Amahoro,Mild coughing,Partial View (Dense Vegetation),Low (Poor Conditions),Seen
2015-05-10,None,Hirwa,None,Clear View (Full Group),High (Senior Tracker),Acknowledged by Base
2015-05-14,None,Hirwa,None,Partial View (Dense Vegetation),High (Senior Tracker),Acknowledged by Base
2015-05-15,None,Kwitonda,None,Clear View (Full Group),High (Senior Tracker),Acknowledged by Base
2015-05-17,None,Hirwa,None,Clear View (Full Group),High (Senior Tracker),Acknowledged by Base
2015-05-18,None,Susa-A,None,Clear View (Full Group),High (Senior Tracker),Acknowledged by Base
2015-05-19,None,Susa-A,None,Partial View (Dense Vegetation),High (Senior Tracker),Acknowledged by Base
2015-05-22,None,Amahoro,None,Partial View (Dense Vegetation),High (Senior Tracker),Acknowledged by Base
2015-05-31,None,Susa-A,None,Clear View (Full Group),High (Senior Tracker),Acknowledged by Base
2015-06-02,CASE-2026-1561,Hirwa,Mild coughing,Obscured (Heavy Rain),Medium,Sent
2015-06-04,None,Pablo Group,None,Partial View (Dense Vegetation),High (Senior Tracker),Acknowledged by Base
2015-06-07,None,Hirwa,None,Partial View (Dense Vegetation),High (Senior Tracker),Acknowledged by Base
2015-06-10,None,Kwitonda,None,Partial View (Dense Vegetation),High (Senior Tracker),Acknowledged by Base
2015-06-11,None,Hirwa,None,Clear View (Full Group),High (Senior Tracker),Acknowledged by Base
2015-06-20,None,Susa-A,None,Clear View (Full Group),High (Senior Tracker),Acknowledged by Base
2015-06-23,CASE-2026-1562,Kwitonda,Mild coughing,Clear View (Full Group),Medium,Sent
2015-06-24,None,Susa-A,None,Clear View (Full Group),High (Senior Tracker),Acknowledged by Base
2015-06-24,None,Kwitonda,None,Partial View (Dense Vegetation),High (Senior Tracker),Acknowledged by Base
2015-06-25,None,Pablo Group,None,Partial View (Dense Vegetation),High (Senior Tracker),Acknowledged by Base
2015-06-26,None,Pablo Group,None,Clear View (Full Group),High (Senior Tracker),Acknowledged by Base
2015-06-27,CASE-2026-1563,Susa-A,Lethargy,Clear View (Full Group),Low (Poor Conditions),Acknowledged by Base
2015-06-27,None,Hirwa,None,Clear View (Full Group),High (Senior Tracker),Acknowledged by Base
2015-06-29,None,Susa-A,None,Clear View (Full Group),High (Senior Tracker),Acknowledged by Base
2015-06-29,None,Hirwa,None,Partial View (Dense Vegetation),High (Senior Tracker),Acknowledged by Base
2015-06-30,None,Susa-A,None,Clear View (Full Group),High (Senior Tracker),Acknowledged by Base
2015-06-30,None,Pablo Group,None,Partial View (Dense Vegetation),High (Senior Tracker),Acknowledged by Base
2015-07-01,None,Kwitonda,None,Partial View (Dense Vegetation),High (Senior Tracker),Acknowledged by Base
2015-07-03,None,Pablo Group,None,Partial View (Dense Vegetation),High (Senior Tracker),Acknowledged by Base
2015-07-03,None,Amahoro,None,Clear View (Full Group),High (Senior Tracker),Acknowledged by Base
2015-07-04,None,Susa-A,None,Clear View (Full Group),High (Senior Tracker),Acknowledged by Base
2015-07-08,None,Kwitonda,None,Partial View (Dense Vegetation),High (Senior Tracker),Acknowledged by Base
2015-07-09,None,Kwitonda,None,Clear View (Full Group),High (Senior Tracker),Acknowledged by Base
2015-07-10,None,Hirwa,None,Partial View (Dense Vegetation),High (Senior Tracker),Acknowledged by Base
2015-07-11,None,Kwitonda,None,Clear View (Full Group),High (Senior Tracker),Acknowledged by Base
2015-07-12,None,Pablo Group,None,Partial View (Dense Vegetation),High (Senior Tracker),Acknowledged by Base
2015-07-13,None,Amahoro,None,Partial View (Dense Vegetation),High (Senior Tracker),Acknowledged by Base
2015-07-17,CASE-2026-1564,Amahoro,Mild coughing,Clear View (Full Group),High (Senior Tracker),Acknowledged by Base
2015-07-17,CASE-2026-1565,Hirwa,Sustained nasal discharge,Obscured (Heavy Rain),High (Senior Tracker),Seen
2015-07-21,None,Pablo Group,None,Clear View (Full Group),High (Senior Tracker),Acknowledged by Base
2015-07-22,None,Pablo Group,None,Partial View (Dense Vegetation),High (Senior Tracker),Acknowledged by Base
2015-07-22,CASE-2026-1566,Hirwa,Sustained nasal discharge,Obscured (Heavy Rain),Medium,Sent
2015-07-23,None,Pablo Group,None,Partial View (Dense Vegetation),High (Senior Tracker),Acknowledged by Base
2015-07-24,None,Hirwa,None,Partial View (Dense Vegetation),High (Senior Tracker),Acknowledged by Base
2015-07-25,None,Pablo Group,None,Partial View (Dense Vegetation),High (Senior Tracker),Acknowledged by Base
2015-07-31,None,Kwitonda,None,Partial View (Dense Vegetation),High (Senior Tracker),Acknowledged by Base
2015-08-02,None,Pablo Group,None,Partial View (Dense Vegetation),High (Senior Tracker),Acknowledged by Base
2015-08-02,None,Kwitonda,None,Partial View (Dense Vegetation),High (Senior Tracker),Acknowledged by Base
2015-08-06,None,Susa-A,None,Partial View (Dense Vegetation),High (Senior Tracker),Acknowledged by Base
2015-08-07,CASE-2026-1567,Pablo Group,Mild coughing,Clear View (Full Group),Medium,Sent
2015-08-07,None,Kwitonda,None,Partial View (Dense Vegetation),High (Senior Tracker),Acknowledged by Base
2015-08-10,CASE-2026-1568,Amahoro,"Heavy coughing, wheezing",Partial View (Dense Vegetation),Low (Poor Conditions),Sent
2015-08-11,None,Susa-A,None,Clear View (Full Group),High (Senior Tracker),Acknowledged by Base
2015-08-14,None,Pablo Group,None,Clear View (Full Group),High (Senior Tracker),Acknowledged by Base
2015-08-17,None,Susa-A,None,Clear View (Full Group),High (Senior Tracker),Acknowledged by Base
2015-08-17,CASE-2026-1569,Kwitonda,Mild coughing,Partial View (Dense Vegetation),Medium,Acknowledged by Base
2015-08-21,None,Kwitonda,None,Partial View (Dense Vegetation),High (Senior Tracker),Acknowledged by Base
2015-08-29,None,Kwitonda,None,Partial View (Dense Vegetation),High (Senior Tracker),Acknowledged by Base
2015-08-31,CASE-2026-1570,Amahoro,Mild coughing,Obscured (Heavy Rain),Medium,Sent
2015-09-01,CASE-2026-1571,Susa-A,Mild coughing,Partial View (Dense Vegetation),High (Senior Tracker),Sent
2015-09-01,None,Pablo Group,None,Partial View (Dense Vegetation),High (Senior Tracker),Acknowledged by Base
2015-09-03,None,Amahoro,None,Partial View (Dense Vegetation),High (Senior Tracker),Acknowledged by Base
2015-09-03,None,Kwitonda,None,Clear View (Full Group),High (Senior Tracker),Acknowledged by Base
2015-09-04,None,Susa-A,None,Clear View (Full Group),High (Senior Tracker),Acknowledged by Base
2015-09-04,CASE-2026-1572,Pablo Group,Lethargy,Clear View (Full Group),Medium,Acknowledged by Base
2015-09-07,None,Amahoro,None,Partial View (Dense Vegetation),High (Senior Tracker),Acknowledged by Base
2015-09-08,None,Susa-A,None,Partial View (Dense Vegetation),High (Senior Tracker),Acknowledged by Base
2015-09-09,None,Kwitonda,None,Partial View (Dense Vegetation),High (Senior Tracker),Acknowledged by Base
2015-09-10,None,Kwitonda,None,Clear View (Full Group),High (Senior Tracker),Acknowledged by Base
2015-09-11,None,Pablo Group,None,Partial View (Dense Vegetation),High (Senior Tracker),Acknowledged by Base
2015-09-11,None,Kwitonda,None,Clear View (Full Group),High (Senior Tracker),Acknowledged by Base
2015-09-13,CASE-2026-1573,Pablo Group,Mild coughing,Obscured (Heavy Rain),High (Senior Tracker),Acknowledged by Base
2015-09-14,CASE-2026-1574,Pablo Group,Mild coughing,Clear View (Full Group),High (Senior Tracker),Sent
2015-09-16,None,Pablo Group,None,Clear View (Full Group),High (Senior Tracker),Acknowledged by Base
2015-09-16,None,Hirwa,None,Clear View (Full Group),High (Senior Tracker),Acknowledged by Base
2015-09-18,None,Amahoro,None,Clear View (Full Group),High (Senior Tracker),Acknowledged by Base
2015-09-18,None,Kwitonda,None,Clear View (Full Group),High (Senior Tracker),Acknowledged by Base
2015-09-20,None,Pablo Group,None,Clear View (Full Group),High (Senior Tracker),Acknowledged by Base
2015-09-21,CASE-2026-1575,Pablo Group,Sustained nasal discharge,Obscured (Heavy Rain),High (Senior Tracker),Seen
2015-09-23,None,Kwitonda,None,Clear View (Full Group),High (Senior Tracker),Acknowledged by Base
2015-09-23,None,Hirwa,None,Clear View (Full Group),High (Senior Tracker),Acknowledged by Base
2015-09-25,None,Amahoro,None,Clear View (Full Group),High (Senior Tracker),Acknowledged by Base
2015-09-27,None,Pablo Group,None,Partial View (Dense Vegetation),High (Senior Tracker),Acknowledged by Base
2015-09-27,None,Amahoro,None,Clear View (Full Group),High (Senior Tracker),Acknowledged by Base
2015-09-29,None,Kwitonda,None,Partial View (Dense Vegetation),High (Senior Tracker),Acknowledged by Base
2015-10-01,CASE-2026-1576,Hirwa,Mild coughing,Obscured (Heavy Rain),Medium,Seen
2015-10-02,None,Hirwa,None,Partial View (Dense Vegetation),High (Senior Tracker),Acknowledged by Base
2015-10-07,None,Susa-A,None,Clear View (Full Group),High (Senior Tracker),Acknowledged by Base
2015-10-08,CASE-2026-1577,Kwitonda,Lethargy,Clear View (Full Group),Low (Poor Conditions),Acknowledged by Base
2015-10-09,None,Susa-A,None,Partial View (Dense Vegetation),High (Senior Tracker),Acknowledged by Base
2015-10-10,None,Kwitonda,None,Clear View (Full Group),High (Senior Tracker),Acknowledged by Base
2015-10-10,CASE-2026-1578,Hirwa,Mild coughing,Partial View (Dense Vegetation),High (Senior Tracker),Acknowledged by Base
2015-10-11,None,Hirwa,None,Partial View (Dense Vegetation),High (Senior Tracker),Acknowledged by Base
2015-10-13,None,Kwitonda,None,Clear View (Full Group),High (Senior Tracker),Acknowledged by Base
2015-10-15,None,Pablo Group,None,Partial View (Dense Vegetation),High (Senior Tracker),Acknowledged by Base
2015-10-16,None,Kwitonda,None,Clear View (Full Group),High (Senior Tracker),Acknowledged by Base
2015-10-17,None,Amahoro,None,Clear View (Full Group),High (Senior Tracker),Acknowledged by Base
2015-10-19,None,Pablo Group,None,Partial View (Dense Vegetation),High (Senior Tracker),Acknowledged by Base
2015-10-27,None,Kwitonda,None,Clear View (Full Group),High (Senior Tracker),Acknowledged by Base
2015-11-03,CASE-2026-1579,Kwitonda,Mild coughing,Partial View (Dense Vegetation),High (Senior Tracker),Acknowledged by Base
2015-11-06,None,Hirwa,None,Partial View (Dense Vegetation),High (Senior Tracker),Acknowledged by Base
2015-11-08,None,Susa-A,None,Partial View (Dense Vegetation),High (Senior Tracker),Acknowledged by Base
2015-11-09,CASE-2026-1580,Susa-A,Mild coughing,Clear View (Full Group),High (Senior Tracker),Seen
2015-11-09,CASE-2026-1581,Amahoro,Sustained nasal discharge,Partial View (Dense Vegetation),High (Senior Tracker),Acknowledged by Base
2015-11-10,None,Pablo Group,None,Clear View (Full Group),High (Senior Tracker),Acknowledged by Base
2015-11-12,None,Amahoro,None,Partial View (Dense Vegetation),High (Senior Tracker),Acknowledged by Base
2015-11-17,None,Pablo Group,None,Clear View (Full Group),High (Senior Tracker),Acknowledged by Base
2015-11-20,CASE-2026-1582,Susa-A,Mild coughing,Clear View (Full Group),Low (Poor Conditions),Acknowledged by Base
2015-11-20,None,Hirwa,None,Partial View (Dense Vegetation),High (Senior Tracker),Acknowledged by Base
2015-11-21,None,Hirwa,None,Clear View (Full Group),High (Senior Tracker),Acknowledged by Base
2015-11-22,CASE-2026-1583,Hirwa,Mild coughing,Clear View (Full Group),Medium,Sent
2015-11-24,CASE-2026-1584,Susa-A,Sustained nasal discharge,Obscured (Heavy Rain),Low (Poor Conditions),Seen
2015-11-27,None,Kwitonda,None,Clear View (Full Group),High (Senior Tracker),Acknowledged by Base
2015-12-07,CASE-2026-1585,Kwitonda,Mild coughing,Clear View (Full Group),High (Senior Tracker),Seen
2015-12-13,None,Susa-A,None,Clear View (Full Group),High (Senior Tracker),Acknowledged by Base
2015-12-13,None,Amahoro,None,Partial View (Dense Vegetation),High (Senior Tracker),Acknowledged by Base
2015-12-15,None,Hirwa,None,Clear View (Full Group),High (Senior Tracker),Acknowledged by Base
2015-12-17,None,Pablo Group,None,Clear View (Full Group),High (Senior Tracker),Acknowledged by Base
2015-12-18,None,Hirwa,None,Clear View (Full Group),High (Senior Tracker),Acknowledged by Base
2015-12-19,CASE-2026-1586,Kwitonda,Mild coughing,Partial View (Dense Vegetation),Low (Poor Conditions),Acknowledged by Base
2015-12-21,None,Amahoro,None,Partial View (Dense Vegetation),High (Senior Tracker),Acknowledged by Base
2015-12-23,None,Hirwa,None,Partial View (Dense Vegetation),High (Senior Tracker),Acknowledged by Base
2015-12-25,None,Pablo Group,None,Clear View (Full Group),High (Senior Tracker),Acknowledged by Base
2015-12-28,None,Susa-A,None,Clear View (Full Group),High (Senior Tracker),Acknowledged by Base
2016-01-01,CASE-2026-1587,Susa-A,Lethargy,Clear View (Full Group),High (Senior Tracker),Seen
2016-01-01,None,Kwitonda,None,Partial View (Dense Vegetation),High (Senior Tracker),Acknowledged by Base
2016-01-03,None,Kwitonda,None,Partial View (Dense Vegetation),High (Senior Tracker),Acknowledged by Base
2016-01-03,None,Hirwa,None,Clear View (Full Group),High (Senior Tracker),Acknowledged by Base
2016-01-06,CASE-2026-1588,Susa-A,Mild coughing,Partial View (Dense Vegetation),Medium,Sent
2016-01-10,None,Kwitonda,None,Partial View (Dense Vegetation),High (Senior Tracker),Acknowledged by Base
2016-01-12,CASE-2026-1589,Susa-A,Mild coughing,Clear View (Full Group),Medium,Seen
2016-01-12,None,Amahoro,None,Partial View (Dense Vegetation),High (Senior Tracker),Acknowledged by Base
2016-01-12,None,Hirwa,None,Clear View (Full Group),High (Senior Tracker),Acknowledged by Base
2016-01-20,None,Susa-A,None,Partial View (Dense Vegetation),High (Senior Tracker),Acknowledged by Base
2016-01-23,CASE-2026-1590,Amahoro,Lethargy,Clear View (Full Group),Medium,Sent
2016-01-24,CASE-2026-1591,Hirwa,Sustained nasal discharge,Partial View (Dense Vegetation),Medium,Sent
2016-01-25,None,Kwitonda,None,Clear View (Full Group),High (Senior Tracker),Acknowledged by Base
2016-01-30,None,Kwitonda,None,Clear View (Full Group),High (Senior Tracker),Acknowledged by Base
2016-02-02,None,Pablo Group,None,Clear View (Full Group),High (Senior Tracker),Acknowledged by Base
2016-02-04,None,Pablo Group,None,Partial View (Dense Vegetation),High (Senior Tracker),Acknowledged by Base
2016-02-04,CASE-2026-1592,Amahoro,Sustained nasal discharge,Partial View (Dense Vegetation),Low (Poor Conditions),Seen
2016-02-09,None,Amahoro,None,Partial View (Dense Vegetation),High (Senior Tracker),Acknowledged by Base
2016-02-09,None,Kwitonda,None,Clear View (Full Group),High (Senior Tracker),Acknowledged by Base
2016-02-14,CASE-2026-1593,Amahoro,Mild coughing,Partial View (Dense Vegetation),High (Senior Tracker),Seen
2016-02-18,None,Hirwa,None,Clear View (Full Group),High (Senior Tracker),Acknowledged by Base
2016-02-21,CASE-2026-1594,Hirwa,Lethargy,Clear View (Full Group),Medium,Seen
2016-02-23,None,Pablo Group,None,Clear View (Full Group),High (Senior Tracker),Acknowledged by Base
2016-02-23,None,Hirwa,None,Partial View (Dense Vegetation),High (Senior Tracker),Acknowledged by Base
2016-02-24,CASE-2026-1595,Amahoro,Mild coughing,Obscured (Heavy Rain),High (Senior Tracker),Sent
2016-02-24,None,Kwitonda,None,Clear View (Full Group),High (Senior Tracker),Acknowledged by Base
2016-02-25,None,Amahoro,None,Clear View (Full Group),High (Senior Tracker),Acknowledged by Base
2016-02-26,None,Kwitonda,None,Partial View (Dense Vegetation),High (Senior Tracker),Acknowledged by Base
2016-02-27,None,Susa-A,None,Partial View (Dense Vegetation),High (Senior Tracker),Acknowledged by Base
2016-03-03,None,Amahoro,None,Partial View (Dense Vegetation),High (Senior Tracker),Acknowledged by Base
2016-03-04,None,Amahoro,None,Partial View (Dense Vegetation),High (Senior Tracker),Acknowledged by Base
2016-03-06,None,Kwitonda,None,Partial View (Dense Vegetation),High (Senior Tracker),Acknowledged by Base
2016-03-07,None,Amahoro,None,Clear View (Full Group),High (Senior Tracker),Acknowledged by Base
2016-03-07,None,Kwitonda,None,Clear View (Full Group),High (Senior Tracker),Acknowledged by Base
2016-03-07,None,Hirwa,None,Partial View (Dense Vegetation),High (Senior Tracker),Acknowledged by Base
2016-03-08,None,Susa-A,None,Partial View (Dense Vegetation),High (Senior Tracker),Acknowledged by Base
2016-03-09,None,Pablo Group,None,Clear View (Full Group),High (Senior Tracker),Acknowledged by Base
2016-03-10,None,Pablo Group,None,Clear View (Full Group),High (Senior Tracker),Acknowledged by Base
2016-03-13,None,Susa-A,None,Clear View (Full Group),High (Senior Tracker),Acknowledged by Base
2016-03-13,CASE-2026-1596,Pablo Group,Lethargy,Clear View (Full Group),High (Senior Tracker),Sent
2016-03-14,CASE-2026-1597,Susa-A,Mild coughing,Partial View (Dense Vegetation),Low (Poor Conditions),Sent
2016-03-16,None,Pablo Group,None,Partial View (Dense Vegetation),High (Senior Tracker),Acknowledged by Base
2016-03-16,None,Hirwa,None,Partial View (Dense Vegetation),High (Senior Tracker),Acknowledged by Base
2016-03-19,None,Kwitonda,None,Clear View (Full Group),High (Senior Tracker),Acknowledged by Base
2016-03-21,None,Amahoro,None,Partial View (Dense Vegetation),High (Senior Tracker),Acknowledged by Base
2016-03-22,None,Susa-A,None,Clear View (Full Group),High (Senior Tracker),Acknowledged by Base
2016-03-23,None,Kwitonda,None,Clear View (Full Group),High (Senior Tracker),Acknowledged by Base
2016-03-24,None,Amahoro,None,Partial View (Dense Vegetation),High (Senior Tracker),Acknowledged by Base
2016-03-25,None,Susa-A,None,Partial View (Dense Vegetation),High (Senior Tracker),Acknowledged by Base
2016-03-27,None,Amahoro,None,Clear View (Full Group),High (Senior Tracker),Acknowledged by Base
2016-03-29,None,Susa-A,None,Partial View (Dense Vegetation),High (Senior Tracker),Acknowledged by Base
2016-03-29,None,Hirwa,None,Clear View (Full Group),High (Senior Tracker),Acknowledged by Base
2016-04-01,CASE-2026-1598,Kwitonda,Lethargy,Clear View (Full Group),Medium,Seen
2016-04-02,CASE-2026-1599,Pablo Group,Sustained nasal discharge,Partial View (Dense Vegetation),Medium,Acknowledged by Base
2016-04-03,None,Hirwa,None,Clear View (Full Group),High (Senior Tracker),Acknowledged by Base
2016-04-06,None,Amahoro,None,Partial View (Dense Vegetation),High (Senior Tracker),Acknowledged by Base
2016-04-06,None,Hirwa,None,Clear View (Full Group),High (Senior Tracker),Acknowledged by Base
2016-04-12,None,Hirwa,None,Clear View (Full Group),High (Senior Tracker),Acknowledged by Base
2016-04-13,CASE-2026-1600,Amahoro,Sustained nasal discharge,Partial View (Dense Vegetation),Low (Poor Conditions),Sent
2016-04-15,None,Amahoro,None,Clear View (Full Group),High (Senior Tracker),Acknowledged by Base
2016-04-16,None,Amahoro,None,Partial View (Dense Vegetation),High (Senior Tracker),Acknowledged by Base
2016-04-16,None,Kwitonda,None,Clear View (Full Group),High (Senior Tracker),Acknowledged by Base
2016-04-17,CASE-2026-1601,Kwitonda,Sustained nasal discharge,Clear View (Full Group),Medium,Acknowledged by Base
2016-04-23,None,Amahoro,None,Partial View (Dense Vegetation),High (Senior Tracker),Acknowledged by Base
2016-04-23,None,Hirwa,None,Clear View (Full Group),High (Senior Tracker),Acknowledged by Base
2016-04-25,None,Hirwa,None,Clear View (Full Group),High (Senior Tracker),Acknowledged by Base
2016-04-27,None,Susa-A,None,Partial View (Dense Vegetation),High (Senior Tracker),Acknowledged by Base
2016-04-27,None,Pablo Group,None,Partial View (Dense Vegetation),High (Senior Tracker),Acknowledged by Base
2016-04-29,None,Amahoro,None,Partial View (Dense Vegetation),High (Senior Tracker),Acknowledged by Base
2016-05-03,None,Pablo Group,None,Clear View (Full Group),High (Senior Tracker),Acknowledged by Base
2016-05-03,None,Amahoro,None,Clear View (Full Group),High (Senior Tracker),Acknowledged by Base
2016-05-04,None,Susa-A,None,Partial View (Dense Vegetation),High (Senior Tracker),Acknowledged by Base
2016-05-05,None,Susa-A,None,Clear View (Full Group),High (Senior Tracker),Acknowledged by Base
2016-05-06,None,Kwitonda,None,Partial View (Dense Vegetation),High (Senior Tracker),Acknowledged by Base
2016-05-07,None,Kwitonda,None,Partial View (Dense Vegetation),High (Senior Tracker),Acknowledged by Base
2016-05-10,None,Pablo Group,None,Clear View (Full Group),High (Senior Tracker),Acknowledged by Base
2016-05-11,None,Hirwa,None,Partial View (Dense Vegetation),High (Senior Tracker),Acknowledged by Base
2016-05-14,None,Susa-A,None,Partial View (Dense Vegetation),High (Senior Tracker),Acknowledged by Base
2016-05-14,None,Pablo Group,None,Partial View (Dense Vegetation),High (Senior Tracker),Acknowledged by Base
2016-05-14,None,Hirwa,None,Clear View (Full Group),High (Senior Tracker),Acknowledged by Base
2016-05-15,None,Susa-A,None,Partial View (Dense Vegetation),High (Senior Tracker),Acknowledged by Base
2016-05-15,None,Pablo Group,None,Clear View (Full Group),High (Senior Tracker),Acknowledged by Base
2016-05-16,CASE-2026-1602,Kwitonda,Mild coughing,Clear View (Full Group),High (Senior Tracker),Acknowledged by Base
2016-05-17,None,Amahoro,None,Partial View (Dense Vegetation),High (Senior Tracker),Acknowledged by Base
2016-05-19,None,Amahoro,None,Clear View (Full Group),High (Senior Tracker),Acknowledged by Base
2016-05-20,None,Hirwa,None,Partial View (Dense Vegetation),High (Senior Tracker),Acknowledged by Base
2016-05-22,None,Hirwa,None,Partial View (Dense Vegetation),High (Senior Tracker),Acknowledged by Base
2016-05-25,None,Susa-A,None,Partial View (Dense Vegetation),High (Senior Tracker),Acknowledged by Base
2016-05-25,None,Pablo Group,None,Clear View (Full Group),High (Senior Tracker),Acknowledged by Base
2016-05-26,None,Hirwa,None,Partial View (Dense Vegetation),High (Senior Tracker),Acknowledged by Base
2016-05-29,None,Pablo Group,None,Partial View (Dense Vegetation),High (Senior Tracker),Acknowledged by Base
2016-05-29,None,Amahoro,None,Partial View (Dense Vegetation),High (Senior Tracker),Acknowledged by Base
2016-05-30,None,Pablo Group,None,Partial View (Dense Vegetation),High (Senior Tracker),Acknowledged by Base
2016-05-30,None,Amahoro,None,Clear View (Full Group),High (Senior Tracker),Acknowledged by Base
2016-05-30,None,Kwitonda,None,Clear View (Full Group),High (Senior Tracker),Acknowledged by Base
2016-05-31,None,Amahoro,None,Clear View (Full Group),High (Senior Tracker),Acknowledged by Base
2016-06-07,None,Susa-A,None,Partial View (Dense Vegetation),High (Senior Tracker),Acknowledged by Base
2016-06-07,None,Hirwa,None,Clear View (Full Group),High (Senior Tracker),Acknowledged by Base
2016-06-09,None,Hirwa,None,Partial View (Dense Vegetation),High (Senior Tracker),Acknowledged by Base
2016-06-11,None,Hirwa,None,Partial View (Dense Vegetation),High (Senior Tracker),Acknowledged by Base
2016-06-13,None,Pablo Group,None,Partial View (Dense Vegetation),High (Senior Tracker),Acknowledged by Base
2016-06-16,None,Susa-A,None,Clear View (Full Group),High (Senior Tracker),Acknowledged by Base
2016-06-16,None,Hirwa,None,Clear View (Full Group),High (Senior Tracker),Acknowledged by Base
2016-06-17,None,Amahoro,None,Partial View (Dense Vegetation),High (Senior Tracker),Acknowledged by Base
2016-06-18,None,Kwitonda,None,Clear View (Full Group),High (Senior Tracker),Acknowledged by Base
2016-06-19,CASE-2026-1603,Pablo Group,Lethargy,Partial View (Dense Vegetation),Low (Poor Conditions),Sent
2016-06-19,None,Hirwa,None,Clear View (Full Group),High (Senior Tracker),Acknowledged by Base
2016-06-21,None,Kwitonda,None,Partial View (Dense Vegetation),High (Senior Tracker),Acknowledged by Base
2016-06-22,None,Hirwa,None,Partial View (Dense Vegetation),High (Senior Tracker),Acknowledged by Base
2016-06-23,None,Hirwa,None,Clear View (Full Group),High (Senior Tracker),Acknowledged by Base
2016-06-24,None,Pablo Group,None,Clear View (Full Group),High (Senior Tracker),Acknowledged by Base
2016-06-25,None,Hirwa,None,Partial View (Dense Vegetation),High (Senior Tracker),Acknowledged by Base
2016-06-26,None,Pablo Group,None,Partial View (Dense Vegetation),High (Senior Tracker),Acknowledged by Base
2016-06-28,CASE-2026-1604,Kwitonda,Mild coughing,Partial View (Dense Vegetation),Low (Poor Conditions),Seen
2016-07-02,None,Susa-A,None,Partial View (Dense Vegetation),High (Senior Tracker),Acknowledged by Base
2016-07-03,CASE-2026-1605,Kwitonda,Mild coughing,Clear View (Full Group),Medium,Seen
2016-07-07,None,Amahoro,None,Partial View (Dense Vegetation),High (Senior Tracker),Acknowledged by Base
2016-07-08,None,Amahoro,None,Partial View (Dense Vegetation),High (Senior Tracker),Acknowledged by Base
2016-07-08,None,Kwitonda,None,Partial View (Dense Vegetation),High (Senior Tracker),Acknowledged by Base
2016-07-18,CASE-2026-1606,Amahoro,Mild coughing,Obscured (Heavy Rain),Low (Poor Conditions),Sent
2016-07-25,CASE-2026-1607,Hirwa,Mild coughing,Obscured (Heavy Rain),Low (Poor Conditions),Sent
2016-07-27,None,Susa-A,None,Partial View (Dense Vegetation),High (Senior Tracker),Acknowledged by Base
2016-07-30,None,Amahoro,None,Partial View (Dense Vegetation),High (Senior Tracker),Acknowledged by Base
2016-07-31,None,Hirwa,None,Clear View (Full Group),High (Senior Tracker),Acknowledged by Base
2016-08-01,None,Pablo Group,None,Partial View (Dense Vegetation),High (Senior Tracker),Acknowledged by Base
2016-08-05,CASE-2026-1608,Susa-A,Mild coughing,Obscured (Heavy Rain),High (Senior Tracker),Sent
2016-08-06,None,Kwitonda,None,Clear View (Full Group),High (Senior Tracker),Acknowledged by Base
2016-08-07,None,Pablo Group,None,Clear View (Full Group),High (Senior Tracker),Acknowledged by Base
2016-08-13,None,Hirwa,None,Partial View (Dense Vegetation),High (Senior Tracker),Acknowledged by Base
2016-08-14,None,Amahoro,None,Clear View (Full Group),High (Senior Tracker),Acknowledged by Base
2016-08-22,None,Susa-A,None,Partial View (Dense Vegetation),High (Senior Tracker),Acknowledged by Base
2016-08-23,None,Susa-A,None,Clear View (Full Group),High (Senior Tracker),Acknowledged by Base
2016-08-23,None,Pablo Group,None,Partial View (Dense Vegetation),High (Senior Tracker),Acknowledged by Base
2016-08-23,None,Amahoro,None,Partial View (Dense Vegetation),High (Senior Tracker),Acknowledged by Base
2016-08-25,None,Susa-A,None,Clear View (Full Group),High (Senior Tracker),Acknowledged by Base
2016-08-25,CASE-2026-1609,Kwitonda,Mild coughing,Obscured (Heavy Rain),High (Senior Tracker),Seen
2016-08-25,None,Hirwa,None,Partial View (Dense Vegetation),High (Senior Tracker),Acknowledged by Base
2016-08-27,CASE-2026-1610,Amahoro,Mild coughing,Partial View (Dense Vegetation),High (Senior Tracker),Seen
2016-08-30,None,Susa-A,None,Clear View (Full Group),High (Senior Tracker),Acknowledged by Base
2016-08-31,None,Kwitonda,None,Partial View (Dense Vegetation),High (Senior Tracker),Acknowledged by Base
2016-09-02,None,Susa-A,None,Clear View (Full Group),High (Senior Tracker),Acknowledged by Base
2016-09-04,None,Amahoro,None,Partial View (Dense Vegetation),High (Senior Tracker),Acknowledged by Base
2016-09-04,None,Kwitonda,None,Partial View (Dense Vegetation),High (Senior Tracker),Acknowledged by Base
2016-09-07,None,Susa-A,None,Partial View (Dense Vegetation),High (Senior Tracker),Acknowledged by Base
2016-09-08,None,Susa-A,None,Partial View (Dense Vegetation),High (Senior Tracker),Acknowledged by Base
2016-09-09,None,Pablo Group,None,Partial View (Dense Vegetation),High (Senior Tracker),Acknowledged by Base
2016-09-10,None,Amahoro,None,Partial View (Dense Vegetation),High (Senior Tracker),Acknowledged by Base
2016-09-10,None,Kwitonda,None,Partial View (Dense Vegetation),High (Senior Tracker),Acknowledged by Base
2016-09-11,None,Hirwa,None,Clear View (Full Group),High (Senior Tracker),Acknowledged by Base
2016-09-12,None,Susa-A,None,Clear View (Full Group),High (Senior Tracker),Acknowledged by Base
2016-09-12,None,Pablo Group,None,Partial View (Dense Vegetation),High (Senior Tracker),Acknowledged by Base
2016-09-12,None,Kwitonda,None,Partial View (Dense Vegetation),High (Senior Tracker),Acknowledged by Base
2016-09-16,None,Pablo Group,None,Partial View (Dense Vegetation),High (Senior Tracker),Acknowledged by Base
2016-09-16,None,Amahoro,None,Partial View (Dense Vegetation),High (Senior Tracker),Acknowledged by Base
2016-09-18,None,Kwitonda,None,Partial View (Dense Vegetation),High (Senior Tracker),Acknowledged by Base
2016-09-22,CASE-2026-1611,Susa-A,Mild coughing,Partial View (Dense Vegetation),Medium,Acknowledged by Base
2016-09-24,None,Pablo Group,None,Partial View (Dense Vegetation),High (Senior Tracker),Acknowledged by Base
2016-09-24,None,Hirwa,None,Clear View (Full Group),High (Senior Tracker),Acknowledged by Base
2016-09-25,None,Kwitonda,None,Partial View (Dense Vegetation),High (Senior Tracker),Acknowledged by Base
2016-09-29,None,Susa-A,None,Partial View (Dense Vegetation),High (Senior Tracker),Acknowledged by Base
2016-09-30,None,Pablo Group,None,Clear View (Full Group),High (Senior Tracker),Acknowledged by Base
2016-10-01,None,Amahoro,None,Partial View (Dense Vegetation),High (Senior Tracker),Acknowledged by Base
2016-10-02,None,Susa-A,None,Clear View (Full Group),High (Senior Tracker),Acknowledged by Base
2016-10-06,None,Susa-A,None,Partial View (Dense Vegetation),High (Senior Tracker),Acknowledged by Base
2016-10-08,CASE-2026-1612,Kwitonda,Mild coughing,Obscured (Heavy Rain),High (Senior Tracker),Sent
2016-10-09,CASE-2026-1613,Hirwa,Mild coughing,Obscured (Heavy Rain),Medium,Seen
2016-10-10,None,Amahoro,None,Partial View (Dense Vegetation),High (Senior Tracker),Acknowledged by Base
2016-10-11,CASE-2026-1614,Pablo Group,Sustained nasal discharge,Partial View (Dense Vegetation),High (Senior Tracker),Seen
2016-10-11,None,Kwitonda,None,Partial View (Dense Vegetation),High (Senior Tracker),Acknowledged by Base
2016-10-14,CASE-2026-1615,Susa-A,Mild coughing,Partial View (Dense Vegetation),High (Senior Tracker),Acknowledged by Base
2016-10-17,None,Pablo Group,None,Partial View (Dense Vegetation),High (Senior Tracker),Acknowledged by Base
2016-10-19,None,Amahoro,None,Partial View (Dense Vegetation),High (Senior Tracker),Acknowledged by Base
2016-10-21,None,Pablo Group,None,Partial View (Dense Vegetation),High (Senior Tracker),Acknowledged by Base
2016-10-21,None,Hirwa,None,Partial View (Dense Vegetation),High (Senior Tracker),Acknowledged by Base
2016-10-23,None,Amahoro,None,Partial View (Dense Vegetation),High (Senior Tracker),Acknowledged by Base
2016-10-27,None,Kwitonda,None,Partial View (Dense Vegetation),High (Senior Tracker),Acknowledged by Base
2016-10-28,None,Hirwa,None,Clear View (Full Group),High (Senior Tracker),Acknowledged by Base
2016-11-03,None,Susa-A,None,Clear View (Full Group),High (Senior Tracker),Acknowledged by Base
2016-11-04,CASE-2026-1616,Susa-A,Lethargy,Obscured (Heavy Rain),Medium,Seen
2016-11-04,None,Pablo Group,None,Clear View (Full Group),High (Senior Tracker),Acknowledged by Base
2016-11-06,None,Kwitonda,None,Clear View (Full Group),High (Senior Tracker),Acknowledged by Base
2016-11-07,CASE-2026-1617,Hirwa,Sustained nasal discharge,Partial View (Dense Vegetation),Low (Poor Conditions),Seen
2016-11-10,CASE-2026-1618,Amahoro,Lethargy,Partial View (Dense Vegetation),High (Senior Tracker),Sent
2016-11-14,None,Susa-A,None,Partial View (Dense Vegetation),High (Senior Tracker),Acknowledged by Base
2016-11-16,None,Pablo Group,None,Clear View (Full Group),High (Senior Tracker),Acknowledged by Base
2016-11-17,None,Hirwa,None,Partial View (Dense Vegetation),High (Senior Tracker),Acknowledged by Base
2016-11-18,None,Susa-A,None,Clear View (Full Group),High (Senior Tracker),Acknowledged by Base
2016-11-18,None,Kwitonda,None,Clear View (Full Group),High (Senior Tracker),Acknowledged by Base
2016-11-23,None,Kwitonda,None,Clear View (Full Group),High (Senior Tracker),Acknowledged by Base
2016-11-24,None,Susa-A,None,Clear View (Full Group),High (Senior Tracker),Acknowledged by Base
2016-11-26,CASE-2026-1619,Amahoro,Sustained nasal discharge,Partial View (Dense Vegetation),High (Senior Tracker),Sent
2016-11-28,CASE-2026-1620,Amahoro,Mild coughing,Partial View (Dense Vegetation),High (Senior Tracker),Seen
2016-11-29,None,Kwitonda,None,Clear View (Full Group),High (Senior Tracker),Acknowledged by Base
2016-11-29,None,Hirwa,None,Partial View (Dense Vegetation),High (Senior Tracker),Acknowledged by Base
2016-12-02,None,Susa-A,None,Clear View (Full Group),High (Senior Tracker),Acknowledged by Base
2016-12-05,None,Hirwa,None,Clear View (Full Group),High (Senior Tracker),Acknowledged by Base
2016-12-07,None,Kwitonda,None,Clear View (Full Group),High (Senior Tracker),Acknowledged by Base
2016-12-11,None,Hirwa,None,Partial View (Dense Vegetation),High (Senior Tracker),Acknowledged by Base
2016-12-12,None,Kwitonda,None,Partial View (Dense Vegetation),High (Senior Tracker),Acknowledged by Base
2016-12-13,None,Pablo Group,None,Partial View (Dense Vegetation),High (Senior Tracker),Acknowledged by Base
2016-12-17,None,Amahoro,None,Clear View (Full Group),High (Senior Tracker),Acknowledged by Base
2016-12-17,CASE-2026-1621,Hirwa,Mild coughing,Clear View (Full Group),High (Senior Tracker),Seen
2016-12-19,None,Susa-A,None,Clear View (Full Group),High (Senior Tracker),Acknowledged by Base
2016-12-19,None,Kwitonda,None,Clear View (Full Group),High (Senior Tracker),Acknowledged by Base
2016-12-23,None,Susa-A,None,Clear View (Full Group),High (Senior Tracker),Acknowledged by Base
2016-12-25,None,Pablo Group,None,Partial View (Dense Vegetation),High (Senior Tracker),Acknowledged by Base
2016-12-25,None,Amahoro,None,Partial View (Dense Vegetation),High (Senior Tracker),Acknowledged by Base
2016-12-26,None,Hirwa,None,Partial View (Dense Vegetation),High (Senior Tracker),Acknowledged by Base
2016-12-27,None,Hirwa,None,Clear View (Full Group),High (Senior Tracker),Acknowledged by Base
2017-01-01,None,Hirwa,None,Clear View (Full Group),High (Senior Tracker),Acknowledged by Base
2017-01-08,None,Amahoro,None,Clear View (Full Group),High (Senior Tracker),Acknowledged by Base
2017-01-09,None,Susa-A,None,Partial View (Dense Vegetation),High (Senior Tracker),Acknowledged by Base
2017-01-10,None,Pablo Group,None,Partial View (Dense Vegetation),High (Senior Tracker),Acknowledged by Base
2017-01-11,None,Kwitonda,None,Clear View (Full Group),High (Senior Tracker),Acknowledged by Base
2017-01-13,None,Amahoro,None,Clear View (Full Group),High (Senior Tracker),Acknowledged by Base
2017-01-13,None,Kwitonda,None,Clear View (Full Group),High (Senior Tracker),Acknowledged by Base
2017-01-13,CASE-2026-1622,Hirwa,Sustained nasal discharge,Clear View (Full Group),High (Senior Tracker),Acknowledged by Base
2017-01-14,None,Amahoro,None,Partial View (Dense Vegetation),High (Senior Tracker),Acknowledged by Base
2017-01-16,None,Hirwa,None,Partial View (Dense Vegetation),High (Senior Tracker),Acknowledged by Base
2017-01-17,None,Susa-A,None,Clear View (Full Group),High (Senior Tracker),Acknowledged by Base
2017-01-18,None,Amahoro,None,Clear View (Full Group),High (Senior Tracker),Acknowledged by Base
2017-01-19,None,Amahoro,None,Partial View (Dense Vegetation),High (Senior Tracker),Acknowledged by Base
2017-01-21,None,Pablo Group,None,Partial View (Dense Vegetation),High (Senior Tracker),Acknowledged by Base
2017-01-21,None,Amahoro,None,Partial View (Dense Vegetation),High (Senior Tracker),Acknowledged by Base
2017-01-22,None,Pablo Group,None,Clear View (Full Group),High (Senior Tracker),Acknowledged by Base
2017-01-23,None,Susa-A,None,Partial View (Dense Vegetation),High (Senior Tracker),Acknowledged by Base
2017-01-23,None,Amahoro,None,Clear View (Full Group),High (Senior Tracker),Acknowledged by Base
2017-01-24,CASE-2026-1623,Susa-A,Sustained nasal discharge,Partial View (Dense Vegetation),High (Senior Tracker),Sent
2017-01-28,CASE-2026-1624,Susa-A,Lethargy,Clear View (Full Group),High (Senior Tracker),Seen
2017-01-29,None,Susa-A,None,Partial View (Dense Vegetation),High (Senior Tracker),Acknowledged by Base
2017-01-29,None,Kwitonda,None,Partial View (Dense Vegetation),High (Senior Tracker),Acknowledged by Base
2017-01-30,None,Susa-A,None,Clear View (Full Group),High (Senior Tracker),Acknowledged by Base
2017-01-30,None,Amahoro,None,Partial View (Dense Vegetation),High (Senior Tracker),Acknowledged by Base
2017-01-31,None,Hirwa,None,Partial View (Dense Vegetation),High (Senior Tracker),Acknowledged by Base
2017-02-01,None,Kwitonda,None,Clear View (Full Group),High (Senior Tracker),Acknowledged by Base
2017-02-03,None,Pablo Group,None,Partial View (Dense Vegetation),High (Senior Tracker),Acknowledged by Base
2017-02-03,None,Amahoro,None,Clear View (Full Group),High (Senior Tracker),Acknowledged by Base
2017-02-03,None,Kwitonda,None,Partial View (Dense Vegetation),High (Senior Tracker),Acknowledged by Base
2017-02-04,None,Kwitonda,None,Partial View (Dense Vegetation),High (Senior Tracker),Acknowledged by Base
2017-02-09,None,Susa-A,None,Clear View (Full Group),High (Senior Tracker),Acknowledged by Base
2017-02-12,None,Susa-A,None,Partial View (Dense Vegetation),High (Senior Tracker),Acknowledged by Base
2017-02-12,None,Pablo Group,None,Partial View (Dense Vegetation),High (Senior Tracker),Acknowledged by Base
2017-02-13,None,Amahoro,None,Partial View (Dense Vegetation),High (Senior Tracker),Acknowledged by Base
2017-02-14,CASE-2026-1625,Kwitonda,Mild coughing,Clear View (Full Group),High (Senior Tracker),Acknowledged by Base
2017-02-15,None,Susa-A,None,Clear View (Full Group),High (Senior Tracker),Acknowledged by Base
2017-02-15,CASE-2026-1626,Hirwa,Sustained nasal discharge,Partial View (Dense Vegetation),High (Senior Tracker),Acknowledged by Base
2017-02-16,None,Amahoro,None,Clear View (Full Group),High (Senior Tracker),Acknowledged by Base
2017-02-18,None,Kwitonda,None,Partial View (Dense Vegetation),High (Senior Tracker),Acknowledged by Base
2017-02-18,None,Hirwa,None,Partial View (Dense Vegetation),High (Senior Tracker),Acknowledged by Base
2017-02-19,None,Kwitonda,None,Partial View (Dense Vegetation),High (Senior Tracker),Acknowledged by Base
2017-02-20,None,Pablo Group,None,Clear View (Full Group),High (Senior Tracker),Acknowledged by Base
2017-02-21,None,Pablo Group,None,Partial View (Dense Vegetation),High (Senior Tracker),Acknowledged by Base
2017-02-23,None,Susa-A,None,Clear View (Full Group),High (Senior Tracker),Acknowledged by Base
2017-02-25,None,Amahoro,None,Partial View (Dense Vegetation),High (Senior Tracker),Acknowledged by Base
2017-02-27,None,Amahoro,None,Partial View (Dense Vegetation),High (Senior Tracker),Acknowledged by Base
2017-03-01,None,Amahoro,None,Clear View (Full Group),High (Senior Tracker),Acknowledged by Base
2017-03-02,None,Susa-A,None,Partial View (Dense Vegetation),High (Senior Tracker),Acknowledged by Base
2017-03-03,None,Kwitonda,None,Partial View (Dense Vegetation),High (Senior Tracker),Acknowledged by Base
2017-03-07,None,Amahoro,None,Partial View (Dense Vegetation),High (Senior Tracker),Acknowledged by Base
2017-03-08,CASE-2026-1627,Amahoro,Mild coughing,Partial View (Dense Vegetation),High (Senior Tracker),Sent
2017-03-08,None,Kwitonda,None,Partial View (Dense Vegetation),High (Senior Tracker),Acknowledged by Base
2017-03-08,CASE-2026-1628,Hirwa,Mild coughing,Partial View (Dense Vegetation),High (Senior Tracker),Seen
2017-03-10,CASE-2026-1629,Hirwa,Mild coughing,Clear View (Full Group),Low (Poor Conditions),Sent
2017-03-12,None,Amahoro,None,Partial View (Dense Vegetation),High (Senior Tracker),Acknowledged by Base
2017-03-17,None,Hirwa,None,Partial View (Dense Vegetation),High (Senior Tracker),Acknowledged by Base
2017-03-18,CASE-2026-1630,Kwitonda,Sustained nasal discharge,Clear View (Full Group),Low (Poor Conditions),Acknowledged by Base
2017-03-19,None,Pablo Group,None,Partial View (Dense Vegetation),High (Senior Tracker),Acknowledged by Base
2017-03-20,CASE-2026-1631,Pablo Group,Sustained nasal discharge,Partial View (Dense Vegetation),Low (Poor Conditions),Seen
2017-03-22,None,Susa-A,None,Partial View (Dense Vegetation),High (Senior Tracker),Acknowledged by Base
2017-03-24,None,Hirwa,None,Clear View (Full Group),High (Senior Tracker),Acknowledged by Base
2017-03-25,None,Pablo Group,None,Clear View (Full Group),High (Senior Tracker),Acknowledged by Base
2017-03-30,None,Hirwa,None,Clear View (Full Group),High (Senior Tracker),Acknowledged by Base
2017-04-02,None,Pablo Group,None,Clear View (Full Group),High (Senior Tracker),Acknowledged by Base
2017-04-02,CASE-2026-1632,Amahoro,Lethargy,Clear View (Full Group),High (Senior Tracker),Sent
2017-04-05,None,Kwitonda,None,Clear View (Full Group),High (Senior Tracker),Acknowledged by Base
2017-04-10,None,Kwitonda,None,Partial View (Dense Vegetation),High (Senior Tracker),Acknowledged by Base
2017-04-12,None,Kwitonda,None,Clear View (Full Group),High (Senior Tracker),Acknowledged by Base
2017-04-12,None,Hirwa,None,Clear View (Full Group),High (Senior Tracker),Acknowledged by Base
2017-04-14,None,Susa-A,None,Partial View (Dense Vegetation),High (Senior Tracker),Acknowledged by Base
2017-04-17,None,Susa-A,None,Clear View (Full Group),High (Senior Tracker),Acknowledged by Base
2017-04-19,None,Kwitonda,None,Clear View (Full Group),High (Senior Tracker),Acknowledged by Base
2017-04-23,CASE-2026-1633,Susa-A,Mild coughing,Clear View (Full Group),Low (Poor Conditions),Acknowledged by Base
2017-04-23,None,Hirwa,None,Partial View (Dense Vegetation),High (Senior Tracker),Acknowledged by Base
2017-04-25,None,Kwitonda,None,Partial View (Dense Vegetation),High (Senior Tracker),Acknowledged by Base
2017-04-25,None,Hirwa,None,Partial View (Dense Vegetation),High (Senior Tracker),Acknowledged by Base
2017-04-28,None,Amahoro,None,Partial View (Dense Vegetation),High (Senior Tracker),Acknowledged by Base
2017-04-28,None,Kwitonda,None,Clear View (Full Group),High (Senior Tracker),Acknowledged by Base
2017-04-29,None,Pablo Group,None,Partial View (Dense Vegetation),High (Senior Tracker),Acknowledged by Base
2017-04-30,None,Amahoro,None,Partial View (Dense Vegetation),High (Senior Tracker),Acknowledged by Base
2017-05-02,CASE-2026-1634,Hirwa,Mild coughing,Obscured (Heavy Rain),High (Senior Tracker),Acknowledged by Base
2017-05-03,None,Susa-A,None,Partial View (Dense Vegetation),High (Senior Tracker),Acknowledged by Base
2017-05-03,None,Pablo Group,None,Partial View (Dense Vegetation),High (Senior Tracker),Acknowledged by Base
2017-05-04,None,Kwitonda,None,Partial View (Dense Vegetation),High (Senior Tracker),Acknowledged by Base
2017-05-08,None,Susa-A,None,Partial View (Dense Vegetation),High (Senior Tracker),Acknowledged by Base
2017-05-09,CASE-2026-1635,Pablo Group,Sustained nasal discharge,Clear View (Full Group),High (Senior Tracker),Acknowledged by Base
2017-05-10,None,Kwitonda,None,Partial View (Dense Vegetation),High (Senior Tracker),Acknowledged by Base
2017-05-12,None,Hirwa,None,Partial View (Dense Vegetation),High (Senior Tracker),Acknowledged by Base
2017-05-13,None,Pablo Group,None,Clear View (Full Group),High (Senior Tracker),Acknowledged by Base
2017-05-13,None,Hirwa,None,Clear View (Full Group),High (Senior Tracker),Acknowledged by Base
2017-05-14,None,Amahoro,None,Clear View (Full Group),High (Senior Tracker),Acknowledged by Base
2017-05-15,None,Kwitonda,None,Clear View (Full Group),High (Senior Tracker),Acknowledged by Base
2017-05-16,CASE-2026-1636,Pablo Group,Mild coughing,Partial View (Dense Vegetation),Low (Poor Conditions),Sent
2017-05-16,None,Amahoro,None,Clear View (Full Group),High (Senior Tracker),Acknowledged by Base
2017-05-19,CASE-2026-1637,Hirwa,Mild coughing,Clear View (Full Group),High (Senior Tracker),Acknowledged by Base
2017-05-21,None,Pablo Group,None,Partial View (Dense Vegetation),High (Senior Tracker),Acknowledged by Base
2017-05-28,CASE-2026-1638,Kwitonda,Sustained nasal discharge,Partial View (Dense Vegetation),High (Senior Tracker),Seen
2017-05-30,None,Kwitonda,None,Clear View (Full Group),High (Senior Tracker),Acknowledged by Base
2017-05-31,None,Amahoro,None,Partial View (Dense Vegetation),High (Senior Tracker),Acknowledged by Base
2017-06-04,None,Pablo Group,None,Partial View (Dense Vegetation),High (Senior Tracker),Acknowledged by Base
2017-06-06,None,Pablo Group,None,Partial View (Dense Vegetation),High (Senior Tracker),Acknowledged by Base
2017-06-06,None,Amahoro,None,Partial View (Dense Vegetation),High (Senior Tracker),Acknowledged by Base
2017-06-08,CASE-2026-1639,Pablo Group,Mild coughing,Clear View (Full Group),High (Senior Tracker),Acknowledged by Base
2017-06-11,None,Hirwa,None,Partial View (Dense Vegetation),High (Senior Tracker),Acknowledged by Base
2017-06-12,None,Kwitonda,None,Partial View (Dense Vegetation),High (Senior Tracker),Acknowledged by Base
2017-06-14,None,Hirwa,None,Partial View (Dense Vegetation),High (Senior Tracker),Acknowledged by Base
2017-06-18,None,Hirwa,None,Partial View (Dense Vegetation),High (Senior Tracker),Acknowledged by Base
2017-06-19,None,Hirwa,None,Partial View (Dense Vegetation),High (Senior Tracker),Acknowledged by Base
2017-06-22,None,Susa-A,None,Partial View (Dense Vegetation),High (Senior Tracker),Acknowledged by Base
2017-06-22,None,Kwitonda,None,Clear View (Full Group),High (Senior Tracker),Acknowledged by Base
2017-06-23,None,Kwitonda,None,Clear View (Full Group),High (Senior Tracker),Acknowledged by Base
2017-06-25,None,Susa-A,None,Partial View (Dense Vegetation),High (Senior Tracker),Acknowledged by Base
2017-06-27,None,Kwitonda,None,Partial View (Dense Vegetation),High (Senior Tracker),Acknowledged by Base
2017-06-28,None,Pablo Group,None,Partial View (Dense Vegetation),High (Senior Tracker),Acknowledged by Base
2017-06-29,None,Susa-A,None,Partial View (Dense Vegetation),High (Senior Tracker),Acknowledged by Base
2017-06-30,None,Pablo Group,None,Partial View (Dense Vegetation),High (Senior Tracker),Acknowledged by Base
2017-07-01,None,Pablo Group,None,Clear View (Full Group),High (Senior Tracker),Acknowledged by Base
2017-07-02,None,Susa-A,None,Clear View (Full Group),High (Senior Tracker),Acknowledged by Base
2017-07-02,None,Amahoro,None,Partial View (Dense Vegetation),High (Senior Tracker),Acknowledged by Base
2017-07-04,None,Pablo Group,None,Clear View (Full Group),High (Senior Tracker),Acknowledged by Base
2017-07-04,None,Amahoro,None,Clear View (Full Group),High (Senior Tracker),Acknowledged by Base
2017-07-04,None,Hirwa,None,Clear View (Full Group),High (Senior Tracker),Acknowledged by Base
2017-07-06,None,Susa-A,None,Clear View (Full Group),High (Senior Tracker),Acknowledged by Base
2017-07-10,CASE-2026-1640,Hirwa,Sustained nasal discharge,Clear View (Full Group),Medium,Seen
2017-07-11,None,Amahoro,None,Partial View (Dense Vegetation),High (Senior Tracker),Acknowledged by Base
2017-07-13,None,Amahoro,None,Clear View (Full Group),High (Senior Tracker),Acknowledged by Base
2017-07-15,None,Pablo Group,None,Partial View (Dense Vegetation),High (Senior Tracker),Acknowledged by Base
2017-07-15,None,Hirwa,None,Partial View (Dense Vegetation),High (Senior Tracker),Acknowledged by Base
2017-07-21,None,Pablo Group,None,Partial View (Dense Vegetation),High (Senior Tracker),Acknowledged by Base
2017-07-21,None,Kwitonda,None,Partial View (Dense Vegetation),High (Senior Tracker),Acknowledged by Base
2017-07-24,None,Susa-A,None,Clear View (Full Group),High (Senior Tracker),Acknowledged by Base
2017-07-26,None,Hirwa,None,Partial View (Dense Vegetation),High (Senior Tracker),Acknowledged by Base
2017-07-27,None,Amahoro,None,Clear View (Full Group),High (Senior Tracker),Acknowledged by Base
2017-07-29,None,Pablo Group,None,Clear View (Full Group),High (Senior Tracker),Acknowledged by Base
2017-07-29,None,Amahoro,None,Clear View (Full Group),High (Senior Tracker),Acknowledged by Base
2017-08-01,None,Pablo Group,None,Clear View (Full Group),High (Senior Tracker),Acknowledged by Base
2017-08-02,None,Kwitonda,None,Clear View (Full Group),High (Senior Tracker),Acknowledged by Base
2017-08-03,None,Pablo Group,None,Clear View (Full Group),High (Senior Tracker),Acknowledged by Base
2017-08-05,CASE-2026-1641,Hirwa,"Heavy coughing, wheezing",Partial View (Dense Vegetation),High (Senior Tracker),Sent
2017-08-06,None,Pablo Group,None,Partial View (Dense Vegetation),High (Senior Tracker),Acknowledged by Base
2017-08-07,None,Pablo Group,None,Partial View (Dense Vegetation),High (Senior Tracker),Acknowledged by Base
2017-08-12,None,Amahoro,None,Clear View (Full Group),High (Senior Tracker),Acknowledged by Base
2017-08-14,None,Susa-A,None,Clear View (Full Group),High (Senior Tracker),Acknowledged by Base
2017-08-15,None,Kwitonda,None,Partial View (Dense Vegetation),High (Senior Tracker),Acknowledged by Base
2017-08-16,None,Kwitonda,None,Clear View (Full Group),High (Senior Tracker),Acknowledged by Base
2017-08-17,CASE-2026-1642,Susa-A,Mild coughing,Clear View (Full Group),Low (Poor Conditions),Sent
2017-08-18,CASE-2026-1643,Pablo Group,Sustained nasal discharge,Partial View (Dense Vegetation),Medium,Sent
2017-08-18,None,Kwitonda,None,Partial View (Dense Vegetation),High (Senior Tracker),Acknowledged by Base
2017-08-21,None,Pablo Group,None,Partial View (Dense Vegetation),High (Senior Tracker),Acknowledged by Base
2017-08-22,None,Pablo Group,None,Clear View (Full Group),High (Senior Tracker),Acknowledged by Base
2017-08-22,None,Amahoro,None,Clear View (Full Group),High (Senior Tracker),Acknowledged by Base
2017-08-22,None,Kwitonda,None,Clear View (Full Group),High (Senior Tracker),Acknowledged by Base
2017-08-23,None,Susa-A,None,Clear View (Full Group),High (Senior Tracker),Acknowledged by Base
2017-08-23,None,Pablo Group,None,Clear View (Full Group),High (Senior Tracker),Acknowledged by Base
2017-08-27,None,Pablo Group,None,Partial View (Dense Vegetation),High (Senior Tracker),Acknowledged by Base
2017-08-27,None,Hirwa,None,Clear View (Full Group),High (Senior Tracker),Acknowledged by Base
2017-08-28,None,Hirwa,None,Partial View (Dense Vegetation),High (Senior Tracker),Acknowledged by Base
2017-08-29,None,Kwitonda,None,Clear View (Full Group),High (Senior Tracker),Acknowledged by Base
2017-08-29,None,Hirwa,None,Clear View (Full Group),High (Senior Tracker),Acknowledged by Base
2017-09-04,None,Amahoro,None,Clear View (Full Group),High (Senior Tracker),Acknowledged by Base
2017-09-05,CASE-2026-1644,Pablo Group,Mild coughing,Partial View (Dense Vegetation),High (Senior Tracker),Acknowledged by Base
2017-09-05,None,Hirwa,None,Partial View (Dense Vegetation),High (Senior Tracker),Acknowledged by Base
2017-09-07,None,Amahoro,None,Clear View (Full Group),High (Senior Tracker),Acknowledged by Base
2017-09-09,None,Susa-A,None,Clear View (Full Group),High (Senior Tracker),Acknowledged by Base
2017-09-09,CASE-2026-1645,Amahoro,Sustained nasal discharge,Obscured (Heavy Rain),Low (Poor Conditions),Seen
2017-09-09,CASE-2026-1646,Hirwa,Lethargy,Clear View (Full Group),Medium,Acknowledged by Base
2017-09-10,None,Susa-A,None,Clear View (Full Group),High (Senior Tracker),Acknowledged by Base
2017-09-12,None,Hirwa,None,Partial View (Dense Vegetation),High (Senior Tracker),Acknowledged by Base
2017-09-14,None,Pablo Group,None,Clear View (Full Group),High (Senior Tracker),Acknowledged by Base
2017-09-15,None,Amahoro,None,Partial View (Dense Vegetation),High (Senior Tracker),Acknowledged by Base
2017-09-15,CASE-2026-1647,Hirwa,Sustained nasal discharge,Partial View (Dense Vegetation),High (Senior Tracker),Seen
2017-09-16,None,Pablo Group,None,Clear View (Full Group),High (Senior Tracker),Acknowledged by Base
2017-09-17,None,Amahoro,None,Clear View (Full Group),High (Senior Tracker),Acknowledged by Base
2017-09-18,None,Kwitonda,None,Partial View (Dense Vegetation),High (Senior Tracker),Acknowledged by Base
2017-09-19,None,Kwitonda,None,Clear View (Full Group),High (Senior Tracker),Acknowledged by Base
2017-09-21,None,Amahoro,None,Clear View (Full Group),High (Senior Tracker),Acknowledged by Base
2017-09-22,CASE-2026-1648,Pablo Group,Mild coughing,Clear View (Full Group),High (Senior Tracker),Acknowledged by Base
2017-09-23,None,Kwitonda,None,Partial View (Dense Vegetation),High (Senior Tracker),Acknowledged by Base
2017-09-25,None,Hirwa,None,Clear View (Full Group),High (Senior Tracker),Acknowledged by Base
2017-09-26,None,Pablo Group,None,Partial View (Dense Vegetation),High (Senior Tracker),Acknowledged by Base
2017-09-28,CASE-2026-1649,Pablo Group,Lethargy,Partial View (Dense Vegetation),High (Senior Tracker),Seen
2017-09-28,None,Amahoro,None,Partial View (Dense Vegetation),High (Senior Tracker),Acknowledged by Base
2017-10-01,None,Pablo Group,None,Clear View (Full Group),High (Senior Tracker),Acknowledged by Base
2017-10-04,None,Kwitonda,None,Clear View (Full Group),High (Senior Tracker),Acknowledged by Base
2017-10-05,CASE-2026-1650,Hirwa,Mild coughing,Obscured (Heavy Rain),High (Senior Tracker),Sent
2017-10-07,None,Susa-A,None,Clear View (Full Group),High (Senior Tracker),Acknowledged by Base
2017-10-08,None,Amahoro,None,Partial View (Dense Vegetation),High (Senior Tracker),Acknowledged by Base
2017-10-08,None,Kwitonda,None,Partial View (Dense Vegetation),High (Senior Tracker),Acknowledged by Base
2017-10-11,None,Susa-A,None,Partial View (Dense Vegetation),High (Senior Tracker),Acknowledged by Base
2017-10-11,None,Kwitonda,None,Clear View (Full Group),High (Senior Tracker),Acknowledged by Base
2017-10-17,None,Amahoro,None,Clear View (Full Group),High (Senior Tracker),Acknowledged by Base
2017-10-18,None,Kwitonda,None,Partial View (Dense Vegetation),High (Senior Tracker),Acknowledged by Base
2017-10-19,None,Susa-A,None,Clear View (Full Group),High (Senior Tracker),Acknowledged by Base
2017-10-23,None,Amahoro,None,Partial View (Dense Vegetation),High (Senior Tracker),Acknowledged by Base
2017-10-26,None,Susa-A,None,Partial View (Dense Vegetation),High (Senior Tracker),Acknowledged by Base
2017-10-26,None,Pablo Group,None,Clear View (Full Group),High (Senior Tracker),Acknowledged by Base
2017-10-26,None,Hirwa,None,Clear View (Full Group),High (Senior Tracker),Acknowledged by Base
2017-10-27,None,Susa-A,None,Partial View (Dense Vegetation),High (Senior Tracker),Acknowledged by Base
2017-10-28,None,Hirwa,None,Clear View (Full Group),High (Senior Tracker),Acknowledged by Base
2017-11-02,None,Pablo Group,None,Clear View (Full Group),High (Senior Tracker),Acknowledged by Base
2017-11-03,None,Hirwa,None,Partial View (Dense Vegetation),High (Senior Tracker),Acknowledged by Base
2017-11-06,None,Amahoro,None,Partial View (Dense Vegetation),High (Senior Tracker),Acknowledged by Base
2017-11-09,None,Amahoro,None,Partial View (Dense Vegetation),High (Senior Tracker),Acknowledged by Base
2017-11-10,None,Amahoro,None,Partial View (Dense Vegetation),High (Senior Tracker),Acknowledged by Base
2017-11-12,None,Kwitonda,None,Partial View (Dense Vegetation),High (Senior Tracker),Acknowledged by Base
2017-11-13,None,Kwitonda,None,Partial View (Dense Vegetation),High (Senior Tracker),Acknowledged by Base
2017-11-14,None,Susa-A,None,Clear View (Full Group),High (Senior Tracker),Acknowledged by Base
2017-11-14,CASE-2026-1651,Kwitonda,Lethargy,Clear View (Full Group),Low (Poor Conditions),Seen
2017-11-17,CASE-2026-1652,Pablo Group,Lethargy,Obscured (Heavy Rain),Medium,Acknowledged by Base
2017-11-17,None,Hirwa,None,Partial View (Dense Vegetation),High (Senior Tracker),Acknowledged by Base
2017-11-20,None,Susa-A,None,Clear View (Full Group),High (Senior Tracker),Acknowledged by Base
2017-11-20,None,Pablo Group,None,Clear View (Full Group),High (Senior Tracker),Acknowledged by Base
2017-11-23,None,Susa-A,None,Clear View (Full Group),High (Senior Tracker),Acknowledged by Base
2017-11-26,None,Susa-A,None,Clear View (Full Group),High (Senior Tracker),Acknowledged by Base
2017-11-27,None,Pablo Group,None,Partial View (Dense Vegetation),High (Senior Tracker),Acknowledged by Base
2017-11-28,None,Amahoro,None,Partial View (Dense Vegetation),High (Senior Tracker),Acknowledged by Base
2017-11-29,None,Kwitonda,None,Partial View (Dense Vegetation),High (Senior Tracker),Acknowledged by Base
2017-12-01,None,Pablo Group,None,Clear View (Full Group),High (Senior Tracker),Acknowledged by Base
2017-12-02,CASE-2026-1653,Hirwa,Sustained nasal discharge,Partial View (Dense Vegetation),Low (Poor Conditions),Sent
2017-12-04,CASE-2026-1654,Susa-A,Mild coughing,Clear View (Full Group),Low (Poor Conditions),Seen
2017-12-06,None,Amahoro,None,Clear View (Full Group),High (Senior Tracker),Acknowledged by Base
2017-12-23,None,Pablo Group,None,Clear View (Full Group),High (Senior Tracker),Acknowledged by Base
2017-12-25,None,Kwitonda,None,Clear View (Full Group),High (Senior Tracker),Acknowledged by Base
2017-12-27,None,Pablo Group,None,Clear View (Full Group),High (Senior Tracker),Acknowledged by Base
2017-12-28,CASE-2026-1655,Kwitonda,Lethargy,Obscured (Heavy Rain),Medium,Seen
2017-12-30,None,Pablo Group,None,Partial View (Dense Vegetation),High (Senior Tracker),Acknowledged by Base
2017-12-30,None,Amahoro,None,Clear View (Full Group),High (Senior Tracker),Acknowledged by Base
2018-01-03,None,Pablo Group,None,Partial View (Dense Vegetation),High (Senior Tracker),Acknowledged by Base
2018-01-07,None,Susa-A,None,Partial View (Dense Vegetation),High (Senior Tracker),Acknowledged by Base
2018-01-07,CASE-2026-1656,Kwitonda,Lethargy,Partial View (Dense Vegetation),High (Senior Tracker),Sent
2018-01-07,None,Hirwa,None,Partial View (Dense Vegetation),High (Senior Tracker),Acknowledged by Base
2018-01-10,None,Amahoro,None,Partial View (Dense Vegetation),High (Senior Tracker),Acknowledged by Base
2018-01-12,None,Pablo Group,None,Partial View (Dense Vegetation),High (Senior Tracker),Acknowledged by Base
2018-01-13,None,Amahoro,None,Partial View (Dense Vegetation),High (Senior Tracker),Acknowledged by Base
2018-01-14,None,Pablo Group,None,Clear View (Full Group),High (Senior Tracker),Acknowledged by Base
2018-01-17,None,Susa-A,None,Partial View (Dense Vegetation),High (Senior Tracker),Acknowledged by Base
2018-01-18,None,Pablo Group,None,Partial View (Dense Vegetation),High (Senior Tracker),Acknowledged by Base
2018-01-19,None,Susa-A,None,Partial View (Dense Vegetation),High (Senior Tracker),Acknowledged by Base
2018-01-20,None,Hirwa,None,Clear View (Full Group),High (Senior Tracker),Acknowledged by Base
2018-01-21,None,Amahoro,None,Clear View (Full Group),High (Senior Tracker),Acknowledged by Base
2018-01-23,None,Susa-A,None,Clear View (Full Group),High (Senior Tracker),Acknowledged by Base
2018-01-25,None,Susa-A,None,Clear View (Full Group),High (Senior Tracker),Acknowledged by Base
2018-01-29,None,Hirwa,None,Clear View (Full Group),High (Senior Tracker),Acknowledged by Base
2018-01-30,None,Susa-A,None,Clear View (Full Group),High (Senior Tracker),Acknowledged by Base
2018-01-30,None,Amahoro,None,Clear View (Full Group),High (Senior Tracker),Acknowledged by Base
2018-02-01,None,Hirwa,None,Partial View (Dense Vegetation),High (Senior Tracker),Acknowledged by Base
2018-02-02,None,Susa-A,None,Partial View (Dense Vegetation),High (Senior Tracker),Acknowledged by Base
2018-02-02,None,Pablo Group,None,Clear View (Full Group),High (Senior Tracker),Acknowledged by Base
2018-02-04,CASE-2026-1657,Pablo Group,Mild coughing,Clear View (Full Group),Medium,Seen
2018-02-08,None,Hirwa,None,Clear View (Full Group),High (Senior Tracker),Acknowledged by Base
2018-02-09,None,Amahoro,None,Clear View (Full Group),High (Senior Tracker),Acknowledged by Base
2018-02-10,None,Hirwa,None,Partial View (Dense Vegetation),High (Senior Tracker),Acknowledged by Base
2018-02-11,None,Hirwa,None,Partial View (Dense Vegetation),High (Senior Tracker),Acknowledged by Base
2018-02-14,None,Susa-A,None,Partial View (Dense Vegetation),High (Senior Tracker),Acknowledged by Base
2018-02-15,None,Pablo Group,None,Partial View (Dense Vegetation),High (Senior Tracker),Acknowledged by Base
2018-02-16,None,Amahoro,None,Clear View (Full Group),High (Senior Tracker),Acknowledged by Base
2018-02-18,CASE-2026-1658,Hirwa,Mild coughing,Partial View (Dense Vegetation),Medium,Seen
2018-02-19,None,Hirwa,None,Clear View (Full Group),High (Senior Tracker),Acknowledged by Base
2018-02-20,None,Amahoro,None,Partial View (Dense Vegetation),High (Senior Tracker),Acknowledged by Base
2018-02-27,None,Hirwa,None,Clear View (Full Group),High (Senior Tracker),Acknowledged by Base
2018-02-28,CASE-2026-1659,Pablo Group,Lethargy,Obscured (Heavy Rain),Low (Poor Conditions),Sent
2018-03-01,None,Amahoro,None,Partial View (Dense Vegetation),High (Senior Tracker),Acknowledged by Base
2018-03-03,None,Pablo Group,None,Partial View (Dense Vegetation),High (Senior Tracker),Acknowledged by Base
2018-03-03,None,Hirwa,None,Clear View (Full Group),High (Senior Tracker),Acknowledged by Base
2018-03-06,None,Hirwa,None,Partial View (Dense Vegetation),High (Senior Tracker),Acknowledged by Base
2018-03-11,None,Pablo Group,None,Clear View (Full Group),High (Senior Tracker),Acknowledged by Base
2018-03-11,CASE-2026-1660,Amahoro,Sustained nasal discharge,Obscured (Heavy Rain),High (Senior Tracker),Seen
2018-03-14,CASE-2026-1661,Susa-A,Mild coughing,Clear View (Full Group),Low (Poor Conditions),Seen
2018-03-14,None,Hirwa,None,Clear View (Full Group),High (Senior Tracker),Acknowledged by Base
2018-03-15,None,Kwitonda,None,Partial View (Dense Vegetation),High (Senior Tracker),Acknowledged by Base
2018-03-15,None,Hirwa,None,Partial View (Dense Vegetation),High (Senior Tracker),Acknowledged by Base
2018-03-19,None,Hirwa,None,Partial View (Dense Vegetation),High (Senior Tracker),Acknowledged by Base
2018-03-22,None,Amahoro,None,Partial View (Dense Vegetation),High (Senior Tracker),Acknowledged by Base
2018-03-22,None,Hirwa,None,Partial View (Dense Vegetation),High (Senior Tracker),Acknowledged by Base
2018-03-24,None,Pablo Group,None,Partial View (Dense Vegetation),High (Senior Tracker),Acknowledged by Base
2018-03-25,None,Pablo Group,None,Partial View (Dense Vegetation),High (Senior Tracker),Acknowledged by Base
2018-03-25,None,Amahoro,None,Partial View (Dense Vegetation),High (Senior Tracker),Acknowledged by Base
2018-03-27,None,Susa-A,None,Clear View (Full Group),High (Senior Tracker),Acknowledged by Base
2018-03-28,CASE-2026-1662,Amahoro,Mild coughing,Clear View (Full Group),High (Senior Tracker),Acknowledged by Base
2018-03-31,None,Pablo Group,None,Clear View (Full Group),High (Senior Tracker),Acknowledged by Base
2018-04-01,CASE-2026-1663,Amahoro,Sustained nasal discharge,Obscured (Heavy Rain),High (Senior Tracker),Sent
2018-04-02,None,Kwitonda,None,Partial View (Dense Vegetation),High (Senior Tracker),Acknowledged by Base
2018-04-02,None,Hirwa,None,Clear View (Full Group),High (Senior Tracker),Acknowledged by Base
2018-04-03,None,Pablo Group,None,Clear View (Full Group),High (Senior Tracker),Acknowledged by Base
2018-04-03,None,Amahoro,None,Clear View (Full Group),High (Senior Tracker),Acknowledged by Base
2018-04-04,None,Hirwa,None,Partial View (Dense Vegetation),High (Senior Tracker),Acknowledged by Base
2018-04-08,None,Amahoro,None,Partial View (Dense Vegetation),High (Senior Tracker),Acknowledged by Base
2018-04-09,None,Hirwa,None,Partial View (Dense Vegetation),High (Senior Tracker),Acknowledged by Base
2018-04-10,None,Pablo Group,None,Clear View (Full Group),High (Senior Tracker),Acknowledged by Base
2018-04-13,None,Amahoro,None,Partial View (Dense Vegetation),High (Senior Tracker),Acknowledged by Base
2018-04-14,None,Pablo Group,None,Clear View (Full Group),High (Senior Tracker),Acknowledged by Base
2018-04-14,None,Amahoro,None,Clear View (Full Group),High (Senior Tracker),Acknowledged by Base
2018-04-15,CASE-2026-1664,Susa-A,Mild coughing,Partial View (Dense Vegetation),Low (Poor Conditions),Seen
2018-04-16,None,Hirwa,None,Partial View (Dense Vegetation),High (Senior Tracker),Acknowledged by Base
2018-04-19,CASE-2026-1665,Pablo Group,Sustained nasal discharge,Partial View (Dense Vegetation),Medium,Acknowledged by Base
2018-04-19,None,Amahoro,None,Partial View (Dense Vegetation),High (Senior Tracker),Acknowledged by Base
2018-04-20,None,Hirwa,None,Partial View (Dense Vegetation),High (Senior Tracker),Acknowledged by Base
2018-04-22,None,Amahoro,None,Partial View (Dense Vegetation),High (Senior Tracker),Acknowledged by Base
2018-04-24,CASE-2026-1666,Pablo Group,Sustained nasal discharge,Partial View (Dense Vegetation),High (Senior Tracker),Acknowledged by Base
2018-04-24,CASE-2026-1667,Hirwa,Mild coughing,Partial View (Dense Vegetation),High (Senior Tracker),Acknowledged by Base
2018-04-25,None,Susa-A,None,Clear View (Full Group),High (Senior Tracker),Acknowledged by Base
2018-04-25,None,Hirwa,None,Clear View (Full Group),High (Senior Tracker),Acknowledged by Base
2018-04-27,None,Hirwa,None,Partial View (Dense Vegetation),High (Senior Tracker),Acknowledged by Base
2018-04-28,None,Pablo Group,None,Partial View (Dense Vegetation),High (Senior Tracker),Acknowledged by Base
2018-04-29,None,Pablo Group,None,Clear View (Full Group),High (Senior Tracker),Acknowledged by Base
2018-04-30,None,Hirwa,None,Partial View (Dense Vegetation),High (Senior Tracker),Acknowledged by Base
2018-05-02,None,Hirwa,None,Clear View (Full Group),High (Senior Tracker),Acknowledged by Base
2018-05-04,None,Pablo Group,None,Clear View (Full Group),High (Senior Tracker),Acknowledged by Base
2018-05-06,CASE-2026-1668,Pablo Group,Mild coughing,Partial View (Dense Vegetation),High (Senior Tracker),Acknowledged by Base
2018-05-08,None,Pablo Group,None,Clear View (Full Group),High (Senior Tracker),Acknowledged by Base
2018-05-16,None,Pablo Group,None,Clear View (Full Group),High (Senior Tracker),Acknowledged by Base
2018-05-17,None,Pablo Group,None,Partial View (Dense Vegetation),High (Senior Tracker),Acknowledged by Base
2018-05-17,None,Amahoro,None,Partial View (Dense Vegetation),High (Senior Tracker),Acknowledged by Base
2018-05-17,None,Hirwa,None,Clear View (Full Group),High (Senior Tracker),Acknowledged by Base
2018-05-21,None,Amahoro,None,Partial View (Dense Vegetation),High (Senior Tracker),Acknowledged by Base
2018-05-21,None,Hirwa,None,Clear View (Full Group),High (Senior Tracker),Acknowledged by Base
2018-05-26,None,Pablo Group,None,Partial View (Dense Vegetation),High (Senior Tracker),Acknowledged by Base
2018-05-26,CASE-2026-1669,Kwitonda,Sustained nasal discharge,Partial View (Dense Vegetation),Low (Poor Conditions),Sent
2018-05-28,None,Hirwa,None,Partial View (Dense Vegetation),High (Senior Tracker),Acknowledged by Base
2018-06-02,None,Hirwa,None,Clear View (Full Group),High (Senior Tracker),Acknowledged by Base
2018-06-05,None,Susa-A,None,Clear View (Full Group),High (Senior Tracker),Acknowledged by Base
2018-06-05,None,Amahoro,None,Clear View (Full Group),High (Senior Tracker),Acknowledged by Base
2018-06-08,None,Pablo Group,None,Partial View (Dense Vegetation),High (Senior Tracker),Acknowledged by Base
2018-06-08,None,Amahoro,None,Partial View (Dense Vegetation),High (Senior Tracker),Acknowledged by Base
2018-06-10,None,Kwitonda,None,Clear View (Full Group),High (Senior Tracker),Acknowledged by Base
2018-06-12,None,Kwitonda,None,Partial View (Dense Vegetation),High (Senior Tracker),Acknowledged by Base
2018-06-13,None,Kwitonda,None,Clear View (Full Group),High (Senior Tracker),Acknowledged by Base
2018-06-14,None,Amahoro,None,Partial View (Dense Vegetation),High (Senior Tracker),Acknowledged by Base
2018-06-14,None,Kwitonda,None,Clear View (Full Group),High (Senior Tracker),Acknowledged by Base
2018-06-17,None,Susa-A,None,Clear View (Full Group),High (Senior Tracker),Acknowledged by Base
2018-06-17,None,Kwitonda,None,Clear View (Full Group),High (Senior Tracker),Acknowledged by Base
2018-06-20,None,Kwitonda,None,Clear View (Full Group),High (Senior Tracker),Acknowledged by Base
2018-06-24,None,Susa-A,None,Partial View (Dense Vegetation),High (Senior Tracker),Acknowledged by Base
2018-06-24,CASE-2026-1670,Kwitonda,"Heavy coughing, wheezing",Clear View (Full Group),High (Senior Tracker),Seen
2018-06-29,None,Kwitonda,None,Clear View (Full Group),High (Senior Tracker),Acknowledged by Base
2018-07-01,None,Pablo Group,None,Partial View (Dense Vegetation),High (Senior Tracker),Acknowledged by Base
2018-07-02,None,Pablo Group,None,Clear View (Full Group),High (Senior Tracker),Acknowledged by Base
2018-07-02,None,Amahoro,None,Clear View (Full Group),High (Senior Tracker),Acknowledged by Base
2018-07-04,None,Amahoro,None,Partial View (Dense Vegetation),High (Senior Tracker),Acknowledged by Base
2018-07-05,None,Susa-A,None,Clear View (Full Group),High (Senior Tracker),Acknowledged by Base
2018-07-07,None,Susa-A,None,Clear View (Full Group),High (Senior Tracker),Acknowledged by Base
2018-07-08,None,Susa-A,None,Clear View (Full Group),High (Senior Tracker),Acknowledged by Base
2018-07-09,None,Susa-A,None,Clear View (Full Group),High (Senior Tracker),Acknowledged by Base
2018-07-09,None,Pablo Group,None,Partial View (Dense Vegetation),High (Senior Tracker),Acknowledged by Base
2018-07-09,None,Kwitonda,None,Partial View (Dense Vegetation),High (Senior Tracker),Acknowledged by Base
2018-07-10,CASE-2026-1671,Amahoro,Lethargy,Partial View (Dense Vegetation),Medium,Acknowledged by Base
2018-07-13,None,Hirwa,None,Clear View (Full Group),High (Senior Tracker),Acknowledged by Base
2018-07-16,None,Susa-A,None,Partial View (Dense Vegetation),High (Senior Tracker),Acknowledged by Base
2018-07-16,None,Kwitonda,None,Clear View (Full Group),High (Senior Tracker),Acknowledged by Base
2018-07-22,CASE-2026-1672,Amahoro,Mild coughing,Partial View (Dense Vegetation),High (Senior Tracker),Acknowledged by Base
2018-07-23,None,Amahoro,None,Partial View (Dense Vegetation),High (Senior Tracker),Acknowledged by Base
2018-07-24,None,Pablo Group,None,Clear View (Full Group),High (Senior Tracker),Acknowledged by Base
2018-07-28,None,Susa-A,None,Clear View (Full Group),High (Senior Tracker),Acknowledged by Base
2018-07-29,CASE-2026-1673,Susa-A,Mild coughing,Partial View (Dense Vegetation),Medium,Acknowledged by Base
2018-07-29,None,Pablo Group,None,Clear View (Full Group),High (Senior Tracker),Acknowledged by Base
2018-08-01,None,Kwitonda,None,Clear View (Full Group),High (Senior Tracker),Acknowledged by Base
2018-08-02,None,Pablo Group,None,Partial View (Dense Vegetation),High (Senior Tracker),Acknowledged by Base
2018-08-04,None,Pablo Group,None,Partial View (Dense Vegetation),High (Senior Tracker),Acknowledged by Base
2018-08-04,None,Kwitonda,None,Clear View (Full Group),High (Senior Tracker),Acknowledged by Base
2018-08-05,None,Susa-A,None,Clear View (Full Group),High (Senior Tracker),Acknowledged by Base
2018-08-06,CASE-2026-1674,Hirwa,Mild coughing,Clear View (Full Group),Low (Poor Conditions),Sent
2018-08-11,None,Pablo Group,None,Partial View (Dense Vegetation),High (Senior Tracker),Acknowledged by Base
2018-08-17,CASE-2026-1675,Amahoro,Mild coughing,Clear View (Full Group),High (Senior Tracker),Sent
2018-08-19,None,Amahoro,None,Clear View (Full Group),High (Senior Tracker),Acknowledged by Base
2018-08-20,None,Pablo Group,None,Clear View (Full Group),High (Senior Tracker),Acknowledged by Base
2018-08-20,None,Amahoro,None,Clear View (Full Group),High (Senior Tracker),Acknowledged by Base
2018-08-20,None,Hirwa,None,Clear View (Full Group),High (Senior Tracker),Acknowledged by Base
2018-08-22,None,Amahoro,None,Clear View (Full Group),High (Senior Tracker),Acknowledged by Base
2018-08-24,None,Susa-A,None,Clear View (Full Group),High (Senior Tracker),Acknowledged by Base
2018-08-25,None,Susa-A,None,Partial View (Dense Vegetation),High (Senior Tracker),Acknowledged by Base
2018-08-26,None,Hirwa,None,Clear View (Full Group),High (Senior Tracker),Acknowledged by Base
2018-08-28,None,Pablo Group,None,Clear View (Full Group),High (Senior Tracker),Acknowledged by Base
2018-09-01,None,Susa-A,None,Clear View (Full Group),High (Senior Tracker),Acknowledged by Base
2018-09-04,None,Susa-A,None,Partial View (Dense Vegetation),High (Senior Tracker),Acknowledged by Base
2018-09-06,None,Susa-A,None,Clear View (Full Group),High (Senior Tracker),Acknowledged by Base
2018-09-06,None,Amahoro,None,Partial View (Dense Vegetation),High (Senior Tracker),Acknowledged by Base
2018-09-10,None,Susa-A,None,Clear View (Full Group),High (Senior Tracker),Acknowledged by Base
2018-09-12,None,Amahoro,None,Clear View (Full Group),High (Senior Tracker),Acknowledged by Base
2018-09-17,None,Amahoro,None,Clear View (Full Group),High (Senior Tracker),Acknowledged by Base
2018-09-18,CASE-2026-1676,Susa-A,Mild coughing,Partial View (Dense Vegetation),High (Senior Tracker),Acknowledged by Base
2018-09-19,None,Kwitonda,None,Partial View (Dense Vegetation),High (Senior Tracker),Acknowledged by Base
2018-09-20,CASE-2026-1677,Amahoro,Lethargy,Partial View (Dense Vegetation),Medium,Seen
2018-09-20,None,Hirwa,None,Partial View (Dense Vegetation),High (Senior Tracker),Acknowledged by Base
2018-09-27,CASE-2026-1678,Pablo Group,Sustained nasal discharge,Clear View (Full Group),High (Senior Tracker),Acknowledged by Base
2018-09-29,None,Kwitonda,None,Clear View (Full Group),High (Senior Tracker),Acknowledged by Base
2018-09-30,CASE-2026-1679,Pablo Group,Mild coughing,Partial View (Dense Vegetation),High (Senior Tracker),Sent
2018-10-04,None,Amahoro,None,Clear View (Full Group),High (Senior Tracker),Acknowledged by Base
2018-10-06,None,Kwitonda,None,Clear View (Full Group),High (Senior Tracker),Acknowledged by Base
2018-10-07,CASE-2026-1680,Hirwa,Sustained nasal discharge,Partial View (Dense Vegetation),High (Senior Tracker),Seen
2018-10-08,None,Hirwa,None,Clear View (Full Group),High (Senior Tracker),Acknowledged by Base
2018-10-09,None,Amahoro,None,Clear View (Full Group),High (Senior Tracker),Acknowledged by Base
2018-10-10,CASE-2026-1681,Pablo Group,Sustained nasal discharge,Clear View (Full Group),High (Senior Tracker),Acknowledged by Base
2018-10-10,CASE-2026-1682,Amahoro,Mild coughing,Obscured (Heavy Rain),Medium,Sent
2018-10-10,CASE-2026-1683,Kwitonda,"Heavy coughing, wheezing",Partial View (Dense Vegetation),Medium,Acknowledged by Base
2018-10-11,CASE-2026-1684,Susa-A,Mild coughing,Partial View (Dense Vegetation),Medium,Acknowledged by Base
2018-10-14,None,Kwitonda,None,Clear View (Full Group),High (Senior Tracker),Acknowledged by Base
2018-10-16,None,Pablo Group,None,Partial View (Dense Vegetation),High (Senior Tracker),Acknowledged by Base
2018-10-20,None,Susa-A,None,Clear View (Full Group),High (Senior Tracker),Acknowledged by Base
2018-10-22,None,Hirwa,None,Clear View (Full Group),High (Senior Tracker),Acknowledged by Base
2018-10-24,None,Susa-A,None,Clear View (Full Group),High (Senior Tracker),Acknowledged by Base
2018-10-25,None,Amahoro,None,Clear View (Full Group),High (Senior Tracker),Acknowledged by Base
2018-10-27,None,Amahoro,None,Clear View (Full Group),High (Senior Tracker),Acknowledged by Base
2018-10-28,None,Hirwa,None,Partial View (Dense Vegetation),High (Senior Tracker),Acknowledged by Base
2018-10-30,None,Kwitonda,None,Partial View (Dense Vegetation),High (Senior Tracker),Acknowledged by Base
2018-11-03,CASE-2026-1685,Amahoro,Lethargy,Partial View (Dense Vegetation),High (Senior Tracker),Seen
2018-11-04,None,Susa-A,None,Partial View (Dense Vegetation),High (Senior Tracker),Acknowledged by Base
2018-11-04,None,Amahoro,None,Clear View (Full Group),High (Senior Tracker),Acknowledged by Base
2018-11-04,None,Hirwa,None,Clear View (Full Group),High (Senior Tracker),Acknowledged by Base
2018-11-07,None,Susa-A,None,Partial View (Dense Vegetation),High (Senior Tracker),Acknowledged by Base
2018-11-10,None,Amahoro,None,Partial View (Dense Vegetation),High (Senior Tracker),Acknowledged by Base
2018-11-11,CASE-2026-1686,Amahoro,Mild coughing,Partial View (Dense Vegetation),Low (Poor Conditions),Seen
2018-11-12,CASE-2026-1687,Pablo Group,Sustained nasal discharge,Obscured (Heavy Rain),High (Senior Tracker),Acknowledged by Base
2018-11-16,None,Amahoro,None,Clear View (Full Group),High (Senior Tracker),Acknowledged by Base
2018-11-16,None,Hirwa,None,Clear View (Full Group),High (Senior Tracker),Acknowledged by Base
2018-11-17,None,Kwitonda,None,Clear View (Full Group),High (Senior Tracker),Acknowledged by Base
2018-11-21,None,Hirwa,None,Clear View (Full Group),High (Senior Tracker),Acknowledged by Base
2018-11-24,None,Pablo Group,None,Clear View (Full Group),High (Senior Tracker),Acknowledged by Base
2018-11-24,None,Kwitonda,None,Partial View (Dense Vegetation),High (Senior Tracker),Acknowledged by Base
2018-11-25,None,Susa-A,None,Partial View (Dense Vegetation),High (Senior Tracker),Acknowledged by Base
2018-11-26,CASE-2026-1688,Susa-A,Mild coughing,Clear View (Full Group),High (Senior Tracker),Acknowledged by Base
2018-11-27,None,Amahoro,None,Partial View (Dense Vegetation),High (Senior Tracker),Acknowledged by Base
2018-11-30,None,Hirwa,None,Partial View (Dense Vegetation),High (Senior Tracker),Acknowledged by Base
2018-12-02,None,Kwitonda,None,Clear View (Full Group),High (Senior Tracker),Acknowledged by Base
2018-12-03,CASE-2026-1689,Amahoro,Sustained nasal discharge,Partial View (Dense Vegetation),High (Senior Tracker),Acknowledged by Base
2018-12-06,None,Pablo Group,None,Clear View (Full Group),High (Senior Tracker),Acknowledged by Base
2018-12-08,CASE-2026-1690,Susa-A,Sustained nasal discharge,Partial View (Dense Vegetation),High (Senior Tracker),Seen
2018-12-10,None,Susa-A,None,Clear View (Full Group),High (Senior Tracker),Acknowledged by Base
2018-12-12,None,Amahoro,None,Clear View (Full Group),High (Senior Tracker),Acknowledged by Base
2018-12-13,None,Susa-A,None,Partial View (Dense Vegetation),High (Senior Tracker),Acknowledged by Base
2018-12-14,None,Amahoro,None,Partial View (Dense Vegetation),High (Senior Tracker),Acknowledged by Base
2018-12-15,None,Kwitonda,None,Clear View (Full Group),High (Senior Tracker),Acknowledged by Base
2018-12-16,None,Hirwa,None,Clear View (Full Group),High (Senior Tracker),Acknowledged by Base
2018-12-17,None,Pablo Group,None,Clear View (Full Group),High (Senior Tracker),Acknowledged by Base
2018-12-18,None,Hirwa,None,Clear View (Full Group),High (Senior Tracker),Acknowledged by Base
2018-12-20,None,Susa-A,None,Partial View (Dense Vegetation),High (Senior Tracker),Acknowledged by Base
2018-12-20,None,Amahoro,None,Clear View (Full Group),High (Senior Tracker),Acknowledged by Base
2018-12-22,None,Kwitonda,None,Partial View (Dense Vegetation),High (Senior Tracker),Acknowledged by Base
2018-12-23,None,Susa-A,None,Partial View (Dense Vegetation),High (Senior Tracker),Acknowledged by Base
2018-12-23,None,Hirwa,None,Partial View (Dense Vegetation),High (Senior Tracker),Acknowledged by Base
2018-12-27,None,Pablo Group,None,Partial View (Dense Vegetation),High (Senior Tracker),Acknowledged by Base
2018-12-27,CASE-2026-1691,Kwitonda,Sustained nasal discharge,Partial View (Dense Vegetation),Medium,Sent
2018-12-30,None,Susa-A,None,Clear View (Full Group),High (Senior Tracker),Acknowledged by Base
2018-12-31,None,Hirwa,None,Clear View (Full Group),High (Senior Tracker),Acknowledged by Base
2019-01-01,None,Amahoro,None,Partial View (Dense Vegetation),High (Senior Tracker),Acknowledged by Base
2019-01-07,None,Pablo Group,None,Clear View (Full Group),High (Senior Tracker),Acknowledged by Base
2019-01-09,None,Amahoro,None,Partial View (Dense Vegetation),High (Senior Tracker),Acknowledged by Base
2019-01-10,None,Susa-A,None,Clear View (Full Group),High (Senior Tracker),Acknowledged by Base
2019-01-15,None,Susa-A,None,Clear View (Full Group),High (Senior Tracker),Acknowledged by Base
2019-01-15,None,Pablo Group,None,Clear View (Full Group),High (Senior Tracker),Acknowledged by Base
2019-01-19,None,Susa-A,None,Partial View (Dense Vegetation),High (Senior Tracker),Acknowledged by Base
2019-01-20,None,Pablo Group,None,Clear View (Full Group),High (Senior Tracker),Acknowledged by Base
2019-01-21,None,Amahoro,None,Clear View (Full Group),High (Senior Tracker),Acknowledged by Base
2019-01-21,None,Hirwa,None,Partial View (Dense Vegetation),High (Senior Tracker),Acknowledged by Base
2019-01-23,None,Amahoro,None,Partial View (Dense Vegetation),High (Senior Tracker),Acknowledged by Base
2019-01-23,None,Hirwa,None,Clear View (Full Group),High (Senior Tracker),Acknowledged by Base
2019-01-27,None,Pablo Group,None,Clear View (Full Group),High (Senior Tracker),Acknowledged by Base
2019-01-27,CASE-2026-1692,Kwitonda,Sustained nasal discharge,Clear View (Full Group),High (Senior Tracker),Acknowledged by Base
2019-01-27,None,Hirwa,None,Partial View (Dense Vegetation),High (Senior Tracker),Acknowledged by Base
2019-01-28,None,Amahoro,None,Partial View (Dense Vegetation),High (Senior Tracker),Acknowledged by Base
2019-01-28,None,Hirwa,None,Clear View (Full Group),High (Senior Tracker),Acknowledged by Base
2019-02-08,None,Pablo Group,None,Clear View (Full Group),High (Senior Tracker),Acknowledged by Base
2019-02-09,CASE-2026-1693,Hirwa,Lethargy,Obscured (Heavy Rain),High (Senior Tracker),Seen
2019-02-10,None,Amahoro,None,Partial View (Dense Vegetation),High (Senior Tracker),Acknowledged by Base
2019-02-12,None,Amahoro,None,Partial View (Dense Vegetation),High (Senior Tracker),Acknowledged by Base
2019-02-13,CASE-2026-1694,Susa-A,Lethargy,Partial View (Dense Vegetation),High (Senior Tracker),Sent
2019-02-15,None,Pablo Group,None,Partial View (Dense Vegetation),High (Senior Tracker),Acknowledged by Base
2019-02-18,None,Amahoro,None,Clear View (Full Group),High (Senior Tracker),Acknowledged by Base
2019-02-18,None,Kwitonda,None,Partial View (Dense Vegetation),High (Senior Tracker),Acknowledged by Base
2019-02-18,None,Hirwa,None,Clear View (Full Group),High (Senior Tracker),Acknowledged by Base
2019-02-21,CASE-2026-1695,Pablo Group,Mild coughing,Clear View (Full Group),High (Senior Tracker),Seen
2019-02-24,None,Pablo Group,None,Partial View (Dense Vegetation),High (Senior Tracker),Acknowledged by Base
2019-02-25,None,Amahoro,None,Partial View (Dense Vegetation),High (Senior Tracker),Acknowledged by Base
2019-02-26,CASE-2026-1696,Susa-A,"Heavy coughing, wheezing",Partial View (Dense Vegetation),Medium,Sent
2019-02-26,None,Kwitonda,None,Partial View (Dense Vegetation),High (Senior Tracker),Acknowledged by Base
2019-02-26,None,Hirwa,None,Clear View (Full Group),High (Senior Tracker),Acknowledged by Base
2019-02-27,None,Susa-A,None,Partial View (Dense Vegetation),High (Senior Tracker),Acknowledged by Base
2019-02-27,CASE-2026-1697,Pablo Group,Mild coughing,Obscured (Heavy Rain),Medium,Seen
2019-02-27,None,Kwitonda,None,Clear View (Full Group),High (Senior Tracker),Acknowledged by Base
2019-02-28,None,Pablo Group,None,Clear View (Full Group),High (Senior Tracker),Acknowledged by Base
2019-03-01,None,Kwitonda,None,Clear View (Full Group),High (Senior Tracker),Acknowledged by Base
2019-03-03,None,Hirwa,None,Partial View (Dense Vegetation),High (Senior Tracker),Acknowledged by Base
2019-03-04,None,Hirwa,None,Clear View (Full Group),High (Senior Tracker),Acknowledged by Base
2019-03-05,None,Pablo Group,None,Partial View (Dense Vegetation),High (Senior Tracker),Acknowledged by Base
2019-03-05,None,Amahoro,None,Partial View (Dense Vegetation),High (Senior Tracker),Acknowledged by Base
2019-03-08,None,Amahoro,None,Clear View (Full Group),High (Senior Tracker),Acknowledged by Base
2019-03-08,None,Hirwa,None,Partial View (Dense Vegetation),High (Senior Tracker),Acknowledged by Base
2019-03-11,None,Pablo Group,None,Partial View (Dense Vegetation),High (Senior Tracker),Acknowledged by Base
2019-03-14,None,Susa-A,None,Clear View (Full Group),High (Senior Tracker),Acknowledged by Base
2019-03-14,None,Hirwa,None,Clear View (Full Group),High (Senior Tracker),Acknowledged by Base
2019-03-17,None,Susa-A,None,Clear View (Full Group),High (Senior Tracker),Acknowledged by Base
2019-03-18,CASE-2026-1698,Amahoro,Mild coughing,Partial View (Dense Vegetation),High (Senior Tracker),Sent
2019-03-20,CASE-2026-1699,Susa-A,Lethargy,Obscured (Heavy Rain),Low (Poor Conditions),Seen
2019-03-20,None,Kwitonda,None,Partial View (Dense Vegetation),High (Senior Tracker),Acknowledged by Base
2019-03-26,None,Kwitonda,None,Clear View (Full Group),High (Senior Tracker),Acknowledged by Base
2019-03-27,None,Pablo Group,None,Clear View (Full Group),High (Senior Tracker),Acknowledged by Base
2019-03-28,None,Kwitonda,None,Clear View (Full Group),High (Senior Tracker),Acknowledged by Base
2019-03-29,None,Susa-A,None,Clear View (Full Group),High (Senior Tracker),Acknowledged by Base
2019-03-29,None,Kwitonda,None,Partial View (Dense Vegetation),High (Senior Tracker),Acknowledged by Base
2019-03-30,CASE-2026-1700,Pablo Group,Sustained nasal discharge,Clear View (Full Group),High (Senior Tracker),Acknowledged by Base
2019-04-01,None,Kwitonda,None,Partial View (Dense Vegetation),High (Senior Tracker),Acknowledged by Base
2019-04-03,None,Kwitonda,None,Partial View (Dense Vegetation),High (Senior Tracker),Acknowledged by Base
2019-04-05,None,Pablo Group,None,Partial View (Dense Vegetation),High (Senior Tracker),Acknowledged by Base
2019-04-05,None,Hirwa,None,Clear View (Full Group),High (Senior Tracker),Acknowledged by Base
2019-04-06,None,Kwitonda,None,Clear View (Full Group),High (Senior Tracker),Acknowledged by Base
2019-04-09,None,Hirwa,None,Clear View (Full Group),High (Senior Tracker),Acknowledged by Base
2019-04-12,CASE-2026-1701,Pablo Group,Sustained nasal discharge,Partial View (Dense Vegetation),Medium,Seen
2019-04-12,None,Amahoro,None,Partial View (Dense Vegetation),High (Senior Tracker),Acknowledged by Base
2019-04-13,None,Amahoro,None,Clear View (Full Group),High (Senior Tracker),Acknowledged by Base
2019-04-14,None,Hirwa,None,Clear View (Full Group),High (Senior Tracker),Acknowledged by Base
2019-04-15,None,Hirwa,None,Partial View (Dense Vegetation),High (Senior Tracker),Acknowledged by Base
2019-04-17,None,Amahoro,None,Partial View (Dense Vegetation),High (Senior Tracker),Acknowledged by Base
2019-04-19,None,Amahoro,None,Clear View (Full Group),High (Senior Tracker),Acknowledged by Base
2019-04-20,None,Kwitonda,None,Partial View (Dense Vegetation),High (Senior Tracker),Acknowledged by Base
2019-04-25,None,Pablo Group,None,Partial View (Dense Vegetation),High (Senior Tracker),Acknowledged by Base
2019-04-27,None,Kwitonda,None,Clear View (Full Group),High (Senior Tracker),Acknowledged by Base
2019-04-28,None,Kwitonda,None,Partial View (Dense Vegetation),High (Senior Tracker),Acknowledged by Base
2019-04-29,None,Pablo Group,None,Partial View (Dense Vegetation),High (Senior Tracker),Acknowledged by Base
2019-04-30,None,Kwitonda,None,Clear View (Full Group),High (Senior Tracker),Acknowledged by Base
2019-05-04,CASE-2026-1702,Pablo Group,Mild coughing,Obscured (Heavy Rain),High (Senior Tracker),Seen
2019-05-04,None,Amahoro,None,Partial View (Dense Vegetation),High (Senior Tracker),Acknowledged by Base
2019-05-06,None,Amahoro,None,Clear View (Full Group),High (Senior Tracker),Acknowledged by Base
2019-05-10,None,Pablo Group,None,Clear View (Full Group),High (Senior Tracker),Acknowledged by Base
2019-05-16,None,Susa-A,None,Clear View (Full Group),High (Senior Tracker),Acknowledged by Base
2019-05-16,None,Pablo Group,None,Clear View (Full Group),High (Senior Tracker),Acknowledged by Base
2019-05-18,None,Susa-A,None,Partial View (Dense Vegetation),High (Senior Tracker),Acknowledged by Base
2019-05-20,None,Amahoro,None,Clear View (Full Group),High (Senior Tracker),Acknowledged by Base
2019-05-23,None,Kwitonda,None,Partial View (Dense Vegetation),High (Senior Tracker),Acknowledged by Base
2019-05-24,None,Kwitonda,None,Clear View (Full Group),High (Senior Tracker),Acknowledged by Base
2019-05-25,None,Susa-A,None,Clear View (Full Group),High (Senior Tracker),Acknowledged by Base
2019-05-26,None,Kwitonda,None,Clear View (Full Group),High (Senior Tracker),Acknowledged by Base
2019-06-01,None,Amahoro,None,Clear View (Full Group),High (Senior Tracker),Acknowledged by Base
2019-06-01,None,Kwitonda,None,Clear View (Full Group),High (Senior Tracker),Acknowledged by Base
2019-06-04,None,Susa-A,None,Clear View (Full Group),High (Senior Tracker),Acknowledged by Base
2019-06-04,None,Kwitonda,None,Clear View (Full Group),High (Senior Tracker),Acknowledged by Base
2019-06-05,None,Pablo Group,None,Partial View (Dense Vegetation),High (Senior Tracker),Acknowledged by Base
2019-06-05,None,Hirwa,None,Partial View (Dense Vegetation),High (Senior Tracker),Acknowledged by Base
2019-06-06,None,Amahoro,None,Partial View (Dense Vegetation),High (Senior Tracker),Acknowledged by Base
2019-06-07,None,Amahoro,None,Clear View (Full Group),High (Senior Tracker),Acknowledged by Base
2019-06-08,None,Kwitonda,None,Clear View (Full Group),High (Senior Tracker),Acknowledged by Base
2019-06-08,None,Hirwa,None,Partial View (Dense Vegetation),High (Senior Tracker),Acknowledged by Base
2019-06-11,None,Susa-A,None,Partial View (Dense Vegetation),High (Senior Tracker),Acknowledged by Base
2019-06-12,None,Hirwa,None,Clear View (Full Group),High (Senior Tracker),Acknowledged by Base
2019-06-14,None,Kwitonda,None,Partial View (Dense Vegetation),High (Senior Tracker),Acknowledged by Base
2019-06-20,None,Susa-A,None,Partial View (Dense Vegetation),High (Senior Tracker),Acknowledged by Base
2019-06-20,CASE-2026-1703,Pablo Group,Sustained nasal discharge,Obscured (Heavy Rain),High (Senior Tracker),Sent
2019-06-23,None,Susa-A,None,Clear View (Full Group),High (Senior Tracker),Acknowledged by Base
2019-06-23,CASE-2026-1704,Kwitonda,Sustained nasal discharge,Clear View (Full Group),Low (Poor Conditions),Sent
2019-06-24,None,Pablo Group,None,Clear View (Full Group),High (Senior Tracker),Acknowledged by Base
2019-06-30,None,Hirwa,None,Clear View (Full Group),High (Senior Tracker),Acknowledged by Base
2019-07-02,None,Pablo Group,None,Clear View (Full Group),High (Senior Tracker),Acknowledged by Base
2019-07-03,None,Amahoro,None,Partial View (Dense Vegetation),High (Senior Tracker),Acknowledged by Base
2019-07-06,None,Kwitonda,None,Partial View (Dense Vegetation),High (Senior Tracker),Acknowledged by Base
2019-07-07,None,Susa-A,None,Clear View (Full Group),High (Senior Tracker),Acknowledged by Base
2019-07-08,CASE-2026-1705,Pablo Group,Sustained nasal discharge,Clear View (Full Group),Low (Poor Conditions),Sent
2019-07-08,None,Amahoro,None,Partial View (Dense Vegetation),High (Senior Tracker),Acknowledged by Base
2019-07-11,None,Hirwa,None,Partial View (Dense Vegetation),High (Senior Tracker),Acknowledged by Base
2019-07-13,CASE-2026-1706,Pablo Group,Mild coughing,Obscured (Heavy Rain),High (Senior Tracker),Seen
2019-07-17,None,Susa-A,None,Clear View (Full Group),High (Senior Tracker),Acknowledged by Base
2019-07-17,None,Pablo Group,None,Partial View (Dense Vegetation),High (Senior Tracker),Acknowledged by Base
2019-07-17,CASE-2026-1707,Hirwa,Sustained nasal discharge,Clear View (Full Group),Low (Poor Conditions),Seen
2019-07-23,None,Kwitonda,None,Clear View (Full Group),High (Senior Tracker),Acknowledged by Base
2019-07-26,None,Pablo Group,None,Clear View (Full Group),High (Senior Tracker),Acknowledged by Base
2019-07-26,None,Kwitonda,None,Clear View (Full Group),High (Senior Tracker),Acknowledged by Base
2019-07-28,None,Amahoro,None,Clear View (Full Group),High (Senior Tracker),Acknowledged by Base
2019-07-29,None,Kwitonda,None,Partial View (Dense Vegetation),High (Senior Tracker),Acknowledged by Base
2019-08-01,CASE-2026-1708,Hirwa,Mild coughing,Clear View (Full Group),High (Senior Tracker),Acknowledged by Base
2019-08-06,None,Pablo Group,None,Clear View (Full Group),High (Senior Tracker),Acknowledged by Base
2019-08-07,CASE-2026-1709,Pablo Group,Lethargy,Clear View (Full Group),Medium,Seen
2019-08-11,None,Kwitonda,None,Clear View (Full Group),High (Senior Tracker),Acknowledged by Base
2019-08-12,None,Susa-A,None,Partial View (Dense Vegetation),High (Senior Tracker),Acknowledged by Base
2019-08-14,None,Kwitonda,None,Partial View (Dense Vegetation),High (Senior Tracker),Acknowledged by Base
2019-08-15,None,Pablo Group,None,Clear View (Full Group),High (Senior Tracker),Acknowledged by Base
2019-08-18,None,Susa-A,None,Partial View (Dense Vegetation),High (Senior Tracker),Acknowledged by Base
2019-08-18,None,Amahoro,None,Partial View (Dense Vegetation),High (Senior Tracker),Acknowledged by Base
2019-08-19,CASE-2026-1710,Amahoro,Mild coughing,Clear View (Full Group),Medium,Acknowledged by Base
2019-08-21,None,Pablo Group,None,Partial View (Dense Vegetation),High (Senior Tracker),Acknowledged by Base
2019-08-21,None,Hirwa,None,Clear View (Full Group),High (Senior Tracker),Acknowledged by Base
2019-08-25,None,Susa-A,None,Partial View (Dense Vegetation),High (Senior Tracker),Acknowledged by Base
2019-08-25,None,Hirwa,None,Clear View (Full Group),High (Senior Tracker),Acknowledged by Base
2019-08-27,None,Pablo Group,None,Partial View (Dense Vegetation),High (Senior Tracker),Acknowledged by Base
2019-08-28,None,Kwitonda,None,Partial View (Dense Vegetation),High (Senior Tracker),Acknowledged by Base
2019-08-30,None,Pablo Group,None,Partial View (Dense Vegetation),High (Senior Tracker),Acknowledged by Base
2019-09-01,None,Susa-A,None,Partial View (Dense Vegetation),High (Senior Tracker),Acknowledged by Base
2019-09-01,None,Amahoro,None,Clear View (Full Group),High (Senior Tracker),Acknowledged by Base
2019-09-02,CASE-2026-1711,Hirwa,Mild coughing,Obscured (Heavy Rain),High (Senior Tracker),Acknowledged by Base
2019-09-03,None,Amahoro,None,Clear View (Full Group),High (Senior Tracker),Acknowledged by Base
2019-09-04,None,Amahoro,None,Clear View (Full Group),High (Senior Tracker),Acknowledged by Base
2019-09-04,None,Hirwa,None,Clear View (Full Group),High (Senior Tracker),Acknowledged by Base
2019-09-05,None,Susa-A,None,Partial View (Dense Vegetation),High (Senior Tracker),Acknowledged by Base
2019-09-06,None,Pablo Group,None,Partial View (Dense Vegetation),High (Senior Tracker),Acknowledged by Base
2019-09-09,None,Kwitonda,None,Clear View (Full Group),High (Senior Tracker),Acknowledged by Base
2019-09-10,None,Susa-A,None,Clear View (Full Group),High (Senior Tracker),Acknowledged by Base
2019-09-11,None,Susa-A,None,Clear View (Full Group),High (Senior Tracker),Acknowledged by Base
2019-09-11,None,Kwitonda,None,Partial View (Dense Vegetation),High (Senior Tracker),Acknowledged by Base
2019-09-12,None,Kwitonda,None,Clear View (Full Group),High (Senior Tracker),Acknowledged by Base
2019-09-18,None,Pablo Group,None,Clear View (Full Group),High (Senior Tracker),Acknowledged by Base
2019-09-19,None,Amahoro,None,Partial View (Dense Vegetation),High (Senior Tracker),Acknowledged by Base
2019-09-21,CASE-2026-1712,Susa-A,Lethargy,Clear View (Full Group),Low (Poor Conditions),Seen
2019-09-21,CASE-2026-1713,Hirwa,Lethargy,Clear View (Full Group),High (Senior Tracker),Acknowledged by Base
2019-09-22,None,Amahoro,None,Partial View (Dense Vegetation),High (Senior Tracker),Acknowledged by Base
2019-09-24,None,Hirwa,None,Partial View (Dense Vegetation),High (Senior Tracker),Acknowledged by Base
2019-09-28,None,Kwitonda,None,Clear View (Full Group),High (Senior Tracker),Acknowledged by Base
2019-09-29,None,Amahoro,None,Clear View (Full Group),High (Senior Tracker),Acknowledged by Base
2019-10-01,None,Susa-A,None,Clear View (Full Group),High (Senior Tracker),Acknowledged by Base
2019-10-06,None,Pablo Group,None,Clear View (Full Group),High (Senior Tracker),Acknowledged by Base
2019-10-06,None,Kwitonda,None,Partial View (Dense Vegetation),High (Senior Tracker),Acknowledged by Base
2019-10-06,None,Hirwa,None,Clear View (Full Group),High (Senior Tracker),Acknowledged by Base
2019-10-07,None,Amahoro,None,Partial View (Dense Vegetation),High (Senior Tracker),Acknowledged by Base
2019-10-09,None,Amahoro,None,Partial View (Dense Vegetation),High (Senior Tracker),Acknowledged by Base
2019-10-10,CASE-2026-1714,Kwitonda,Sustained nasal discharge,Clear View (Full Group),High (Senior Tracker),Acknowledged by Base
2019-10-11,None,Kwitonda,None,Partial View (Dense Vegetation),High (Senior Tracker),Acknowledged by Base
2019-10-12,None,Kwitonda,None,Clear View (Full Group),High (Senior Tracker),Acknowledged by Base
2019-10-13,None,Amahoro,None,Clear View (Full Group),High (Senior Tracker),Acknowledged by Base
2019-10-15,None,Amahoro,None,Partial View (Dense Vegetation),High (Senior Tracker),Acknowledged by Base
2019-10-16,CASE-2026-1715,Hirwa,Sustained nasal discharge,Partial View (Dense Vegetation),High (Senior Tracker),Acknowledged by Base
2019-10-19,None,Kwitonda,None,Partial View (Dense Vegetation),High (Senior Tracker),Acknowledged by Base
2019-10-22,None,Pablo Group,None,Partial View (Dense Vegetation),High (Senior Tracker),Acknowledged by Base
2019-10-23,None,Amahoro,None,Clear View (Full Group),High (Senior Tracker),Acknowledged by Base
2019-10-23,None,Hirwa,None,Clear View (Full Group),High (Senior Tracker),Acknowledged by Base
2019-10-26,None,Susa-A,None,Clear View (Full Group),High (Senior Tracker),Acknowledged by Base
2019-10-28,None,Susa-A,None,Clear View (Full Group),High (Senior Tracker),Acknowledged by Base
2019-10-28,None,Pablo Group,None,Clear View (Full Group),High (Senior Tracker),Acknowledged by Base
2019-10-29,None,Pablo Group,None,Partial View (Dense Vegetation),High (Senior Tracker),Acknowledged by Base
2019-10-31,CASE-2026-1716,Pablo Group,Mild coughing,Clear View (Full Group),High (Senior Tracker),Acknowledged by Base
2019-11-01,None,Pablo Group,None,Clear View (Full Group),High (Senior Tracker),Acknowledged by Base
2019-11-03,CASE-2026-1717,Kwitonda,Sustained nasal discharge,Partial View (Dense Vegetation),Medium,Seen
2019-11-04,CASE-2026-1718,Susa-A,"Heavy coughing, wheezing",Partial View (Dense Vegetation),High (Senior Tracker),Sent
2019-11-05,None,Amahoro,None,Partial View (Dense Vegetation),High (Senior Tracker),Acknowledged by Base
2019-11-06,None,Pablo Group,None,Partial View (Dense Vegetation),High (Senior Tracker),Acknowledged by Base
2019-11-06,None,Amahoro,None,Partial View (Dense Vegetation),High (Senior Tracker),Acknowledged by Base
2019-11-07,CASE-2026-1719,Kwitonda,Sustained nasal discharge,Partial View (Dense Vegetation),Low (Poor Conditions),Seen
2019-11-09,None,Susa-A,None,Partial View (Dense Vegetation),High (Senior Tracker),Acknowledged by Base
2019-11-09,None,Amahoro,None,Partial View (Dense Vegetation),High (Senior Tracker),Acknowledged by Base
2019-11-10,None,Amahoro,None,Clear View (Full Group),High (Senior Tracker),Acknowledged by Base
2019-11-10,None,Kwitonda,None,Clear View (Full Group),High (Senior Tracker),Acknowledged by Base
2019-11-10,CASE-2026-1720,Hirwa,Lethargy,Clear View (Full Group),Low (Poor Conditions),Acknowledged by Base
2019-11-11,None,Pablo Group,None,Partial View (Dense Vegetation),High (Senior Tracker),Acknowledged by Base
2019-11-12,CASE-2026-1721,Susa-A,Sustained nasal discharge,Partial View (Dense Vegetation),Low (Poor Conditions),Seen
2019-11-13,None,Hirwa,None,Clear View (Full Group),High (Senior Tracker),Acknowledged by Base
2019-11-15,None,Susa-A,None,Clear View (Full Group),High (Senior Tracker),Acknowledged by Base
2019-11-17,None,Pablo Group,None,Clear View (Full Group),High (Senior Tracker),Acknowledged by Base
2019-11-17,None,Kwitonda,None,Clear View (Full Group),High (Senior Tracker),Acknowledged by Base
2019-11-18,None,Hirwa,None,Partial View (Dense Vegetation),High (Senior Tracker),Acknowledged by Base
2019-11-19,None,Pablo Group,None,Clear View (Full Group),High (Senior Tracker),Acknowledged by Base
2019-11-19,CASE-2026-1722,Kwitonda,Sustained nasal discharge,Clear View (Full Group),Low (Poor Conditions),Seen
2019-11-20,None,Susa-A,None,Clear View (Full Group),High (Senior Tracker),Acknowledged by Base
2019-11-20,None,Pablo Group,None,Clear View (Full Group),High (Senior Tracker),Acknowledged by Base
2019-11-20,None,Amahoro,None,Partial View (Dense Vegetation),High (Senior Tracker),Acknowledged by Base
2019-11-21,CASE-2026-1723,Amahoro,Mild coughing,Partial View (Dense Vegetation),Low (Poor Conditions),Seen
2019-11-22,None,Pablo Group,None,Partial View (Dense Vegetation),High (Senior Tracker),Acknowledged by Base
2019-11-25,CASE-2026-1724,Pablo Group,Sustained nasal discharge,Clear View (Full Group),High (Senior Tracker),Sent
2019-11-27,None,Hirwa,None,Partial View (Dense Vegetation),High (Senior Tracker),Acknowledged by Base
2019-11-28,None,Pablo Group,None,Partial View (Dense Vegetation),High (Senior Tracker),Acknowledged by Base
2019-11-28,None,Hirwa,None,Clear View (Full Group),High (Senior Tracker),Acknowledged by Base
2019-11-29,None,Pablo Group,None,Partial View (Dense Vegetation),High (Senior Tracker),Acknowledged by Base
2019-11-30,None,Kwitonda,None,Partial View (Dense Vegetation),High (Senior Tracker),Acknowledged by Base
2019-12-04,None,Hirwa,None,Clear View (Full Group),High (Senior Tracker),Acknowledged by Base
2019-12-09,None,Kwitonda,None,Partial View (Dense Vegetation),High (Senior Tracker),Acknowledged by Base
2019-12-11,None,Amahoro,None,Partial View (Dense Vegetation),High (Senior Tracker),Acknowledged by Base
2019-12-12,None,Pablo Group,None,Clear View (Full Group),High (Senior Tracker),Acknowledged by Base
2019-12-12,None,Hirwa,None,Partial View (Dense Vegetation),High (Senior Tracker),Acknowledged by Base
2019-12-13,CASE-2026-1725,Hirwa,Lethargy,Obscured (Heavy Rain),High (Senior Tracker),Sent
2019-12-14,CASE-2026-1726,Hirwa,Mild coughing,Partial View (Dense Vegetation),High (Senior Tracker),Seen
2019-12-16,None,Amahoro,None,Clear View (Full Group),High (Senior Tracker),Acknowledged by Base
2019-12-17,None,Kwitonda,None,Partial View (Dense Vegetation),High (Senior Tracker),Acknowledged by Base
2019-12-19,None,Amahoro,None,Partial View (Dense Vegetation),High (Senior Tracker),Acknowledged by Base
2019-12-23,CASE-2026-1727,Susa-A,Mild coughing,Partial View (Dense Vegetation),High (Senior Tracker),Seen
2019-12-28,None,Hirwa,None,Clear View (Full Group),High (Senior Tracker),Acknowledged by Base
2019-12-29,None,Pablo Group,None,Clear View (Full Group),High (Senior Tracker),Acknowledged by Base
2019-12-30,None,Pablo Group,None,Partial View (Dense Vegetation),High (Senior Tracker),Acknowledged by Base
2020-01-01,None,Susa-A,None,Clear View (Full Group),High (Senior Tracker),Acknowledged by Base
2020-01-04,None,Kwitonda,None,Partial View (Dense Vegetation),High (Senior Tracker),Acknowledged by Base
2020-01-05,CASE-2026-1728,Amahoro,Lethargy,Clear View (Full Group),High (Senior Tracker),Sent
2020-01-06,None,Susa-A,None,Clear View (Full Group),High (Senior Tracker),Acknowledged by Base
2020-01-12,None,Pablo Group,None,Clear View (Full Group),High (Senior Tracker),Acknowledged by Base
2020-01-12,CASE-2026-1729,Amahoro,Sustained nasal discharge,Partial View (Dense Vegetation),High (Senior Tracker),Sent
2020-01-15,None,Susa-A,None,Partial View (Dense Vegetation),High (Senior Tracker),Acknowledged by Base
2020-01-16,None,Hirwa,None,Clear View (Full Group),High (Senior Tracker),Acknowledged by Base
2020-01-17,None,Kwitonda,None,Partial View (Dense Vegetation),High (Senior Tracker),Acknowledged by Base
2020-01-23,None,Pablo Group,None,Clear View (Full Group),High (Senior Tracker),Acknowledged by Base
2020-01-23,None,Hirwa,None,Clear View (Full Group),High (Senior Tracker),Acknowledged by Base
2020-01-24,CASE-2026-1730,Amahoro,Mild coughing,Clear View (Full Group),Low (Poor Conditions),Seen
2020-01-31,None,Hirwa,None,Partial View (Dense Vegetation),High (Senior Tracker),Acknowledged by Base
2020-02-02,CASE-2026-1731,Kwitonda,Sustained nasal discharge,Clear View (Full Group),Low (Poor Conditions),Seen
2020-02-07,None,Susa-A,None,Clear View (Full Group),High (Senior Tracker),Acknowledged by Base
2020-02-07,None,Amahoro,None,Clear View (Full Group),High (Senior Tracker),Acknowledged by Base
2020-02-08,None,Kwitonda,None,Partial View (Dense Vegetation),High (Senior Tracker),Acknowledged by Base
2020-02-12,None,Hirwa,None,Partial View (Dense Vegetation),High (Senior Tracker),Acknowledged by Base
2020-02-13,None,Hirwa,None,Partial View (Dense Vegetation),High (Senior Tracker),Acknowledged by Base
2020-02-14,CASE-2026-1732,Pablo Group,Mild coughing,Clear View (Full Group),Medium,Sent
2020-02-20,CASE-2026-1733,Susa-A,"Heavy coughing, wheezing",Clear View (Full Group),Low (Poor Conditions),Seen
2020-02-20,None,Kwitonda,None,Clear View (Full Group),High (Senior Tracker),Acknowledged by Base
2020-02-23,None,Pablo Group,None,Clear View (Full Group),High (Senior Tracker),Acknowledged by Base
2020-02-24,None,Kwitonda,None,Clear View (Full Group),High (Senior Tracker),Acknowledged by Base
2020-02-25,None,Amahoro,None,Partial View (Dense Vegetation),High (Senior Tracker),Acknowledged by Base
2020-02-25,None,Hirwa,None,Partial View (Dense Vegetation),High (Senior Tracker),Acknowledged by Base
2020-02-27,None,Amahoro,None,Clear View (Full Group),High (Senior Tracker),Acknowledged by Base
2020-02-29,None,Susa-A,None,Clear View (Full Group),High (Senior Tracker),Acknowledged by Base
2020-03-02,None,Hirwa,None,Partial View (Dense Vegetation),High (Senior Tracker),Acknowledged by Base
2020-03-04,CASE-2026-1734,Susa-A,"Heavy coughing, wheezing",Clear View (Full Group),High (Senior Tracker),Acknowledged by Base
2020-03-04,None,Pablo Group,None,Partial View (Dense Vegetation),High (Senior Tracker),Acknowledged by Base
2020-03-04,None,Amahoro,None,Partial View (Dense Vegetation),High (Senior Tracker),Acknowledged by Base
2020-03-09,CASE-2026-1735,Amahoro,Mild coughing,Partial View (Dense Vegetation),Low (Poor Conditions),Acknowledged by Base
2020-03-10,CASE-2026-1736,Pablo Group,Mild coughing,Partial View (Dense Vegetation),Medium,Acknowledged by Base
2020-03-10,None,Amahoro,None,Partial View (Dense Vegetation),High (Senior Tracker),Acknowledged by Base
2020-03-12,CASE-2026-1737,Susa-A,Sustained nasal discharge,Obscured (Heavy Rain),High (Senior Tracker),Acknowledged by Base
2020-03-13,None,Kwitonda,None,Partial View (Dense Vegetation),High (Senior Tracker),Acknowledged by Base
2020-03-13,None,Hirwa,None,Clear View (Full Group),High (Senior Tracker),Acknowledged by Base
2020-03-15,None,Kwitonda,None,Clear View (Full Group),High (Senior Tracker),Acknowledged by Base
2020-03-18,None,Amahoro,None,Clear View (Full Group),High (Senior Tracker),Acknowledged by Base
2020-03-18,None,Hirwa,None,Partial View (Dense Vegetation),High (Senior Tracker),Acknowledged by Base
2020-03-21,CASE-2026-1738,Susa-A,Mild coughing,Partial View (Dense Vegetation),High (Senior Tracker),Sent
2020-03-22,CASE-2026-1739,Kwitonda,Sustained nasal discharge,Partial View (Dense Vegetation),Medium,Acknowledged by Base
2020-03-26,None,Pablo Group,None,Clear View (Full Group),High (Senior Tracker),Acknowledged by Base
2020-03-27,CASE-2026-1740,Susa-A,"Heavy coughing, wheezing",Clear View (Full Group),High (Senior Tracker),Seen
2020-03-29,None,Kwitonda,None,Clear View (Full Group),High (Senior Tracker),Acknowledged by Base
2020-03-30,None,Hirwa,None,Clear View (Full Group),High (Senior Tracker),Acknowledged by Base
2020-04-01,CASE-2026-1741,Pablo Group,Mild coughing,Obscured (Heavy Rain),Medium,Acknowledged by Base
2020-04-03,None,Amahoro,None,Clear View (Full Group),High (Senior Tracker),Acknowledged by Base
2020-04-04,CASE-2026-1742,Pablo Group,"Heavy coughing, wheezing",Clear View (Full Group),Medium,Sent
2020-04-04,None,Amahoro,None,Partial View (Dense Vegetation),High (Senior Tracker),Acknowledged by Base
2020-04-08,None,Susa-A,None,Partial View (Dense Vegetation),High (Senior Tracker),Acknowledged by Base
2020-04-08,None,Hirwa,None,Clear View (Full Group),High (Senior Tracker),Acknowledged by Base
2020-04-12,CASE-2026-1743,Pablo Group,Mild coughing,Partial View (Dense Vegetation),High (Senior Tracker),Acknowledged by Base
2020-04-13,CASE-2026-1744,Kwitonda,Sustained nasal discharge,Partial View (Dense Vegetation),Medium,Sent
2020-04-15,CASE-2026-1745,Susa-A,Sustained nasal discharge,Clear View (Full Group),Medium,Sent
2020-04-19,None,Pablo Group,None,Clear View (Full Group),High (Senior Tracker),Acknowledged by Base
2020-04-19,None,Amahoro,None,Partial View (Dense Vegetation),High (Senior Tracker),Acknowledged by Base
2020-04-19,None,Kwitonda,None,Clear View (Full Group),High (Senior Tracker),Acknowledged by Base
2020-04-20,None,Kwitonda,None,Partial View (Dense Vegetation),High (Senior Tracker),Acknowledged by Base
2020-04-20,None,Hirwa,None,Partial View (Dense Vegetation),High (Senior Tracker),Acknowledged by Base
2020-04-23,None,Hirwa,None,Partial View (Dense Vegetation),High (Senior Tracker),Acknowledged by Base
2020-04-27,None,Susa-A,None,Clear View (Full Group),High (Senior Tracker),Acknowledged by Base
2020-04-28,None,Amahoro,None,Clear View (Full Group),High (Senior Tracker),Acknowledged by Base
2020-04-30,None,Pablo Group,None,Partial View (Dense Vegetation),High (Senior Tracker),Acknowledged by Base
2020-04-30,None,Kwitonda,None,Partial View (Dense Vegetation),High (Senior Tracker),Acknowledged by Base
2020-05-01,None,Amahoro,None,Partial View (Dense Vegetation),High (Senior Tracker),Acknowledged by Base
2020-05-01,None,Hirwa,None,Clear View (Full Group),High (Senior Tracker),Acknowledged by Base
2020-05-05,None,Kwitonda,None,Clear View (Full Group),High (Senior Tracker),Acknowledged by Base
2020-05-07,None,Kwitonda,None,Partial View (Dense Vegetation),High (Senior Tracker),Acknowledged by Base
2020-05-08,None,Hirwa,None,Partial View (Dense Vegetation),High (Senior Tracker),Acknowledged by Base
2020-05-09,CASE-2026-1746,Pablo Group,Sustained nasal discharge,Partial View (Dense Vegetation),High (Senior Tracker),Seen
2020-05-13,CASE-2026-1747,Pablo Group,Sustained nasal discharge,Clear View (Full Group),Low (Poor Conditions),Acknowledged by Base
2020-05-14,None,Hirwa,None,Partial View (Dense Vegetation),High (Senior Tracker),Acknowledged by Base
2020-05-18,None,Susa-A,None,Partial View (Dense Vegetation),High (Senior Tracker),Acknowledged by Base
2020-05-21,None,Amahoro,None,Clear View (Full Group),High (Senior Tracker),Acknowledged by Base
2020-05-22,None,Kwitonda,None,Clear View (Full Group),High (Senior Tracker),Acknowledged by Base
2020-05-22,None,Hirwa,None,Partial View (Dense Vegetation),High (Senior Tracker),Acknowledged by Base
2020-05-23,None,Pablo Group,None,Clear View (Full Group),High (Senior Tracker),Acknowledged by Base
2020-05-23,CASE-2026-1748,Amahoro,Mild coughing,Partial View (Dense Vegetation),High (Senior Tracker),Sent
2020-05-28,None,Pablo Group,None,Clear View (Full Group),High (Senior Tracker),Acknowledged by Base
2020-05-28,None,Amahoro,None,Partial View (Dense Vegetation),High (Senior Tracker),Acknowledged by Base
2020-05-30,None,Hirwa,None,Partial View (Dense Vegetation),High (Senior Tracker),Acknowledged by Base
2020-06-02,None,Kwitonda,None,Partial View (Dense Vegetation),High (Senior Tracker),Acknowledged by Base
2020-06-04,None,Hirwa,None,Partial View (Dense Vegetation),High (Senior Tracker),Acknowledged by Base
2020-06-07,None,Hirwa,None,Clear View (Full Group),High (Senior Tracker),Acknowledged by Base
2020-06-08,None,Kwitonda,None,Partial View (Dense Vegetation),High (Senior Tracker),Acknowledged by Base
2020-06-09,None,Pablo Group,None,Clear View (Full Group),High (Senior Tracker),Acknowledged by Base
2020-06-11,None,Kwitonda,None,Clear View (Full Group),High (Senior Tracker),Acknowledged by Base
2020-06-12,None,Hirwa,None,Partial View (Dense Vegetation),High (Senior Tracker),Acknowledged by Base
2020-06-13,None,Amahoro,None,Partial View (Dense Vegetation),High (Senior Tracker),Acknowledged by Base
2020-06-18,CASE-2026-1749,Susa-A,Mild coughing,Clear View (Full Group),Medium,Acknowledged by Base
2020-06-18,None,Amahoro,None,Partial View (Dense Vegetation),High (Senior Tracker),Acknowledged by Base
2020-06-20,None,Susa-A,None,Partial View (Dense Vegetation),High (Senior Tracker),Acknowledged by Base
2020-06-20,None,Pablo Group,None,Partial View (Dense Vegetation),High (Senior Tracker),Acknowledged by Base
2020-06-21,None,Amahoro,None,Clear View (Full Group),High (Senior Tracker),Acknowledged by Base
2020-06-22,None,Pablo Group,None,Partial View (Dense Vegetation),High (Senior Tracker),Acknowledged by Base
2020-06-23,None,Kwitonda,None,Clear View (Full Group),High (Senior Tracker),Acknowledged by Base
2020-06-24,None,Hirwa,None,Clear View (Full Group),High (Senior Tracker),Acknowledged by Base
2020-06-26,None,Pablo Group,None,Clear View (Full Group),High (Senior Tracker),Acknowledged by Base
2020-06-27,None,Amahoro,None,Clear View (Full Group),High (Senior Tracker),Acknowledged by Base
2020-07-02,None,Susa-A,None,Clear View (Full Group),High (Senior Tracker),Acknowledged by Base
2020-07-05,None,Susa-A,None,Partial View (Dense Vegetation),High (Senior Tracker),Acknowledged by Base
2020-07-05,None,Amahoro,None,Clear View (Full Group),High (Senior Tracker),Acknowledged by Base
2020-07-09,None,Kwitonda,None,Clear View (Full Group),High (Senior Tracker),Acknowledged by Base
2020-07-10,CASE-2026-1750,Pablo Group,Mild coughing,Obscured (Heavy Rain),High (Senior Tracker),Sent
2020-07-13,None,Pablo Group,None,Clear View (Full Group),High (Senior Tracker),Acknowledged by Base
2020-07-14,None,Susa-A,None,Clear View (Full Group),High (Senior Tracker),Acknowledged by Base
2020-07-15,None,Hirwa,None,Clear View (Full Group),High (Senior Tracker),Acknowledged by Base
2020-07-16,None,Pablo Group,None,Clear View (Full Group),High (Senior Tracker),Acknowledged by Base
2020-07-17,None,Amahoro,None,Clear View (Full Group),High (Senior Tracker),Acknowledged by Base
2020-07-18,None,Kwitonda,None,Clear View (Full Group),High (Senior Tracker),Acknowledged by Base
2020-07-20,None,Amahoro,None,Clear View (Full Group),High (Senior Tracker),Acknowledged by Base
2020-07-20,None,Hirwa,None,Clear View (Full Group),High (Senior Tracker),Acknowledged by Base
2020-07-25,None,Susa-A,None,Clear View (Full Group),High (Senior Tracker),Acknowledged by Base
2020-07-25,None,Hirwa,None,Clear View (Full Group),High (Senior Tracker),Acknowledged by Base
2020-07-27,None,Hirwa,None,Partial View (Dense Vegetation),High (Senior Tracker),Acknowledged by Base
2020-07-28,None,Pablo Group,None,Partial View (Dense Vegetation),High (Senior Tracker),Acknowledged by Base
2020-07-31,None,Hirwa,None,Clear View (Full Group),High (Senior Tracker),Acknowledged by Base
2020-08-01,None,Amahoro,None,Clear View (Full Group),High (Senior Tracker),Acknowledged by Base
2020-08-02,None,Susa-A,None,Partial View (Dense Vegetation),High (Senior Tracker),Acknowledged by Base
2020-08-04,None,Amahoro,None,Clear View (Full Group),High (Senior Tracker),Acknowledged by Base
2020-08-06,None,Kwitonda,None,Partial View (Dense Vegetation),High (Senior Tracker),Acknowledged by Base
2020-08-07,None,Hirwa,None,Clear View (Full Group),High (Senior Tracker),Acknowledged by Base
2020-08-09,None,Amahoro,None,Clear View (Full Group),High (Senior Tracker),Acknowledged by Base
2020-08-11,None,Pablo Group,None,Partial View (Dense Vegetation),High (Senior Tracker),Acknowledged by Base
2020-08-12,CASE-2026-1751,Pablo Group,Lethargy,Clear View (Full Group),High (Senior Tracker),Acknowledged by Base
2020-08-14,None,Pablo Group,None,Clear View (Full Group),High (Senior Tracker),Acknowledged by Base
2020-08-16,None,Pablo Group,None,Clear View (Full Group),High (Senior Tracker),Acknowledged by Base
2020-08-21,None,Susa-A,None,Clear View (Full Group),High (Senior Tracker),Acknowledged by Base
2020-08-26,None,Pablo Group,None,Partial View (Dense Vegetation),High (Senior Tracker),Acknowledged by Base
2020-08-27,None,Amahoro,None,Clear View (Full Group),High (Senior Tracker),Acknowledged by Base
2020-08-29,CASE-2026-1752,Kwitonda,Mild coughing,Clear View (Full Group),Low (Poor Conditions),Sent
2020-09-02,None,Susa-A,None,Partial View (Dense Vegetation),High (Senior Tracker),Acknowledged by Base
2020-09-07,None,Hirwa,None,Partial View (Dense Vegetation),High (Senior Tracker),Acknowledged by Base
2020-09-10,None,Kwitonda,None,Clear View (Full Group),High (Senior Tracker),Acknowledged by Base
2020-09-11,None,Hirwa,None,Clear View (Full Group),High (Senior Tracker),Acknowledged by Base
2020-09-14,CASE-2026-1753,Susa-A,Mild coughing,Clear View (Full Group),High (Senior Tracker),Sent
2020-09-15,None,Pablo Group,None,Clear View (Full Group),High (Senior Tracker),Acknowledged by Base
2020-09-15,None,Amahoro,None,Clear View (Full Group),High (Senior Tracker),Acknowledged by Base
2020-09-16,None,Hirwa,None,Partial View (Dense Vegetation),High (Senior Tracker),Acknowledged by Base
2020-09-17,CASE-2026-1754,Amahoro,Lethargy,Partial View (Dense Vegetation),Low (Poor Conditions),Sent
2020-09-18,CASE-2026-1755,Susa-A,Mild coughing,Clear View (Full Group),Low (Poor Conditions),Seen
2020-09-19,CASE-2026-1756,Kwitonda,Mild coughing,Partial View (Dense Vegetation),High (Senior Tracker),Acknowledged by Base
2020-09-20,None,Hirwa,None,Clear View (Full Group),High (Senior Tracker),Acknowledged by Base
2020-09-24,None,Kwitonda,None,Partial View (Dense Vegetation),High (Senior Tracker),Acknowledged by Base
2020-09-28,None,Kwitonda,None,Partial View (Dense Vegetation),High (Senior Tracker),Acknowledged by Base
2020-09-30,None,Hirwa,None,Partial View (Dense Vegetation),High (Senior Tracker),Acknowledged by Base
2020-10-02,CASE-2026-1757,Pablo Group,Mild coughing,Obscured (Heavy Rain),Low (Poor Conditions),Acknowledged by Base
2020-10-03,None,Amahoro,None,Partial View (Dense Vegetation),High (Senior Tracker),Acknowledged by Base
2020-10-03,CASE-2026-1758,Hirwa,Mild coughing,Partial View (Dense Vegetation),High (Senior Tracker),Seen
2020-10-06,CASE-2026-1759,Kwitonda,Sustained nasal discharge,Partial View (Dense Vegetation),High (Senior Tracker),Acknowledged by Base
2020-10-07,CASE-2026-1760,Susa-A,Mild coughing,Clear View (Full Group),Medium,Acknowledged by Base
2020-10-08,None,Susa-A,None,Partial View (Dense Vegetation),High (Senior Tracker),Acknowledged by Base
2020-10-08,CASE-2026-1761,Kwitonda,Mild coughing,Partial View (Dense Vegetation),Medium,Sent
2020-10-09,CASE-2026-1762,Susa-A,Lethargy,Clear View (Full Group),High (Senior Tracker),Acknowledged by Base
2020-10-10,None,Susa-A,None,Clear View (Full Group),High (Senior Tracker),Acknowledged by Base
2020-10-10,CASE-2026-1763,Kwitonda,Mild coughing,Clear View (Full Group),Medium,Sent
2020-10-12,None,Pablo Group,None,Partial View (Dense Vegetation),High (Senior Tracker),Acknowledged by Base
2020-10-19,None,Hirwa,None,Clear View (Full Group),High (Senior Tracker),Acknowledged by Base
2020-10-20,None,Hirwa,None,Clear View (Full Group),High (Senior Tracker),Acknowledged by Base
2020-10-24,None,Pablo Group,None,Partial View (Dense Vegetation),High (Senior Tracker),Acknowledged by Base
2020-10-26,None,Kwitonda,None,Clear View (Full Group),High (Senior Tracker),Acknowledged by Base
2020-10-30,None,Susa-A,None,Partial View (Dense Vegetation),High (Senior Tracker),Acknowledged by Base
2020-10-30,None,Hirwa,None,Clear View (Full Group),High (Senior Tracker),Acknowledged by Base
2020-10-31,None,Susa-A,None,Clear View (Full Group),High (Senior Tracker),Acknowledged by Base
2020-11-02,None,Hirwa,None,Partial View (Dense Vegetation),High (Senior Tracker),Acknowledged by Base
2020-11-03,None,Amahoro,None,Partial View (Dense Vegetation),High (Senior Tracker),Acknowledged by Base
2020-11-05,None,Pablo Group,None,Clear View (Full Group),High (Senior Tracker),Acknowledged by Base
2020-11-05,CASE-2026-1764,Hirwa,Mild coughing,Partial View (Dense Vegetation),Medium,Seen
2020-11-12,None,Pablo Group,None,Partial View (Dense Vegetation),High (Senior Tracker),Acknowledged by Base
2020-11-15,None,Susa-A,None,Clear View (Full Group),High (Senior Tracker),Acknowledged by Base
2020-11-17,None,Pablo Group,None,Partial View (Dense Vegetation),High (Senior Tracker),Acknowledged by Base
2020-11-17,None,Amahoro,None,Clear View (Full Group),High (Senior Tracker),Acknowledged by Base
2020-11-20,None,Susa-A,None,Partial View (Dense Vegetation),High (Senior Tracker),Acknowledged by Base
2020-11-25,None,Pablo Group,None,Partial View (Dense Vegetation),High (Senior Tracker),Acknowledged by Base
2020-11-28,None,Amahoro,None,Clear View (Full Group),High (Senior Tracker),Acknowledged by Base
2020-11-29,None,Hirwa,None,Partial View (Dense Vegetation),High (Senior Tracker),Acknowledged by Base
2020-11-30,None,Susa-A,None,Partial View (Dense Vegetation),High (Senior Tracker),Acknowledged by Base
2020-11-30,CASE-2026-1765,Pablo Group,Mild coughing,Partial View (Dense Vegetation),High (Senior Tracker),Sent
2020-12-01,CASE-2026-1766,Amahoro,Sustained nasal discharge,Partial View (Dense Vegetation),High (Senior Tracker),Acknowledged by Base
2020-12-03,None,Susa-A,None,Partial View (Dense Vegetation),High (Senior Tracker),Acknowledged by Base
2020-12-08,None,Amahoro,None,Clear View (Full Group),High (Senior Tracker),Acknowledged by Base
2020-12-09,None,Susa-A,None,Partial View (Dense Vegetation),High (Senior Tracker),Acknowledged by Base
2020-12-09,None,Kwitonda,None,Clear View (Full Group),High (Senior Tracker),Acknowledged by Base
2020-12-10,None,Kwitonda,None,Partial View (Dense Vegetation),High (Senior Tracker),Acknowledged by Base
2020-12-12,None,Kwitonda,None,Partial View (Dense Vegetation),High (Senior Tracker),Acknowledged by Base
2020-12-12,None,Hirwa,None,Partial View (Dense Vegetation),High (Senior Tracker),Acknowledged by Base
2020-12-14,None,Kwitonda,None,Partial View (Dense Vegetation),High (Senior Tracker),Acknowledged by Base
2020-12-17,None,Hirwa,None,Clear View (Full Group),High (Senior Tracker),Acknowledged by Base
2020-12-18,None,Kwitonda,None,Clear View (Full Group),High (Senior Tracker),Acknowledged by Base
2020-12-19,None,Hirwa,None,Clear View (Full Group),High (Senior Tracker),Acknowledged by Base
2020-12-20,None,Hirwa,None,Partial View (Dense Vegetation),High (Senior Tracker),Acknowledged by Base
2020-12-24,CASE-2026-1767,Hirwa,Sustained nasal discharge,Obscured (Heavy Rain),Medium,Acknowledged by Base
2020-12-26,None,Pablo Group,None,Clear View (Full Group),High (Senior Tracker),Acknowledged by Base
2020-12-28,None,Amahoro,None,Partial View (Dense Vegetation),High (Senior Tracker),Acknowledged by Base
2020-12-28,None,Hirwa,None,Clear View (Full Group),High (Senior Tracker),Acknowledged by Base
2020-12-31,CASE-2026-1768,Hirwa,Sustained nasal discharge,Clear View (Full Group),Medium,Seen
2021-01-01,None,Pablo Group,None,Clear View (Full Group),High (Senior Tracker),Acknowledged by Base
2021-01-03,None,Kwitonda,None,Clear View (Full Group),High (Senior Tracker),Acknowledged by Base
2021-01-05,None,Kwitonda,None,Partial View (Dense Vegetation),High (Senior Tracker),Acknowledged by Base
2021-01-06,None,Pablo Group,None,Clear View (Full Group),High (Senior Tracker),Acknowledged by Base
2021-01-06,None,Amahoro,None,Partial View (Dense Vegetation),High (Senior Tracker),Acknowledged by Base
2021-01-07,None,Kwitonda,None,Partial View (Dense Vegetation),High (Senior Tracker),Acknowledged by Base
2021-01-08,CASE-2026-1769,Kwitonda,Sustained nasal discharge,Clear View (Full Group),High (Senior Tracker),Sent
2021-01-09,None,Amahoro,None,Partial View (Dense Vegetation),High (Senior Tracker),Acknowledged by Base
2021-01-09,None,Kwitonda,None,Clear View (Full Group),High (Senior Tracker),Acknowledged by Base
2021-01-10,None,Susa-A,None,Clear View (Full Group),High (Senior Tracker),Acknowledged by Base
2021-01-17,CASE-2026-1770,Susa-A,"Heavy coughing, wheezing",Clear View (Full Group),Low (Poor Conditions),Acknowledged by Base
2021-01-18,None,Amahoro,None,Partial View (Dense Vegetation),High (Senior Tracker),Acknowledged by Base
2021-01-22,None,Amahoro,None,Partial View (Dense Vegetation),High (Senior Tracker),Acknowledged by Base
2021-01-23,CASE-2026-1771,Kwitonda,Mild coughing,Clear View (Full Group),Low (Poor Conditions),Seen
2021-01-31,CASE-2026-1772,Pablo Group,Sustained nasal discharge,Obscured (Heavy Rain),Low (Poor Conditions),Sent
2021-02-03,None,Amahoro,None,Partial View (Dense Vegetation),High (Senior Tracker),Acknowledged by Base
2021-02-06,None,Amahoro,None,Partial View (Dense Vegetation),High (Senior Tracker),Acknowledged by Base
2021-02-06,None,Hirwa,None,Partial View (Dense Vegetation),High (Senior Tracker),Acknowledged by Base
2021-02-10,None,Susa-A,None,Clear View (Full Group),High (Senior Tracker),Acknowledged by Base
2021-02-11,None,Pablo Group,None,Partial View (Dense Vegetation),High (Senior Tracker),Acknowledged by Base
2021-02-13,None,Pablo Group,None,Clear View (Full Group),High (Senior Tracker),Acknowledged by Base
2021-02-14,None,Kwitonda,None,Partial View (Dense Vegetation),High (Senior Tracker),Acknowledged by Base
2021-02-14,None,Hirwa,None,Clear View (Full Group),High (Senior Tracker),Acknowledged by Base
2021-02-17,None,Kwitonda,None,Clear View (Full Group),High (Senior Tracker),Acknowledged by Base
2021-02-19,None,Amahoro,None,Clear View (Full Group),High (Senior Tracker),Acknowledged by Base
2021-02-19,None,Hirwa,None,Partial View (Dense Vegetation),High (Senior Tracker),Acknowledged by Base
2021-02-20,None,Pablo Group,None,Partial View (Dense Vegetation),High (Senior Tracker),Acknowledged by Base
2021-02-21,None,Susa-A,None,Partial View (Dense Vegetation),High (Senior Tracker),Acknowledged by Base
2021-02-21,None,Pablo Group,None,Partial View (Dense Vegetation),High (Senior Tracker),Acknowledged by Base
2021-02-22,None,Kwitonda,None,Partial View (Dense Vegetation),High (Senior Tracker),Acknowledged by Base
2021-02-25,None,Susa-A,None,Clear View (Full Group),High (Senior Tracker),Acknowledged by Base
2021-02-25,None,Hirwa,None,Partial View (Dense Vegetation),High (Senior Tracker),Acknowledged by Base
2021-02-26,CASE-2026-1773,Hirwa,Lethargy,Clear View (Full Group),Low (Poor Conditions),Acknowledged by Base
2021-03-04,None,Susa-A,None,Clear View (Full Group),High (Senior Tracker),Acknowledged by Base
2021-03-04,None,Amahoro,None,Clear View (Full Group),High (Senior Tracker),Acknowledged by Base
2021-03-06,CASE-2026-1774,Susa-A,Lethargy,Partial View (Dense Vegetation),High (Senior Tracker),Seen
2021-03-06,None,Pablo Group,None,Clear View (Full Group),High (Senior Tracker),Acknowledged by Base
2021-03-07,None,Susa-A,None,Clear View (Full Group),High (Senior Tracker),Acknowledged by Base
2021-03-08,None,Susa-A,None,Clear View (Full Group),High (Senior Tracker),Acknowledged by Base
2021-03-10,None,Pablo Group,None,Partial View (Dense Vegetation),High (Senior Tracker),Acknowledged by Base
2021-03-10,CASE-2026-1775,Kwitonda,Sustained nasal discharge,Clear View (Full Group),Medium,Sent
2021-03-12,None,Pablo Group,None,Clear View (Full Group),High (Senior Tracker),Acknowledged by Base
2021-03-13,None,Susa-A,None,Partial View (Dense Vegetation),High (Senior Tracker),Acknowledged by Base
2021-03-13,CASE-2026-1776,Amahoro,Mild coughing,Obscured (Heavy Rain),Medium,Acknowledged by Base
2021-03-13,None,Kwitonda,None,Partial View (Dense Vegetation),High (Senior Tracker),Acknowledged by Base
2021-03-15,None,Pablo Group,None,Partial View (Dense Vegetation),High (Senior Tracker),Acknowledged by Base
2021-03-18,None,Amahoro,None,Clear View (Full Group),High (Senior Tracker),Acknowledged by Base
2021-03-19,None,Pablo Group,None,Clear View (Full Group),High (Senior Tracker),Acknowledged by Base
2021-03-22,None,Susa-A,None,Clear View (Full Group),High (Senior Tracker),Acknowledged by Base
2021-03-23,None,Amahoro,None,Partial View (Dense Vegetation),High (Senior Tracker),Acknowledged by Base
2021-03-29,None,Hirwa,None,Partial View (Dense Vegetation),High (Senior Tracker),Acknowledged by Base
2021-04-04,None,Pablo Group,None,Partial View (Dense Vegetation),High (Senior Tracker),Acknowledged by Base
2021-04-04,None,Kwitonda,None,Partial View (Dense Vegetation),High (Senior Tracker),Acknowledged by Base
2021-04-05,None,Kwitonda,None,Partial View (Dense Vegetation),High (Senior Tracker),Acknowledged by Base
2021-04-07,None,Susa-A,None,Clear View (Full Group),High (Senior Tracker),Acknowledged by Base
2021-04-08,None,Susa-A,None,Clear View (Full Group),High (Senior Tracker),Acknowledged by Base
2021-04-09,None,Kwitonda,None,Partial View (Dense Vegetation),High (Senior Tracker),Acknowledged by Base
2021-04-12,None,Kwitonda,None,Clear View (Full Group),High (Senior Tracker),Acknowledged by Base
2021-04-13,None,Susa-A,None,Partial View (Dense Vegetation),High (Senior Tracker),Acknowledged by Base
2021-04-14,None,Susa-A,None,Partial View (Dense Vegetation),High (Senior Tracker),Acknowledged by Base
2021-04-15,None,Hirwa,None,Partial View (Dense Vegetation),High (Senior Tracker),Acknowledged by Base
2021-04-18,None,Kwitonda,None,Partial View (Dense Vegetation),High (Senior Tracker),Acknowledged by Base
2021-04-19,None,Kwitonda,None,Clear View (Full Group),High (Senior Tracker),Acknowledged by Base
2021-04-20,None,Susa-A,None,Clear View (Full Group),High (Senior Tracker),Acknowledged by Base
2021-04-20,None,Amahoro,None,Clear View (Full Group),High (Senior Tracker),Acknowledged by Base
2021-04-23,CASE-2026-1777,Kwitonda,Mild coughing,Clear View (Full Group),High (Senior Tracker),Acknowledged by Base
2021-04-25,None,Kwitonda,None,Clear View (Full Group),High (Senior Tracker),Acknowledged by Base
2021-04-27,None,Amahoro,None,Clear View (Full Group),High (Senior Tracker),Acknowledged by Base
2021-05-03,CASE-2026-1778,Susa-A,Sustained nasal discharge,Partial View (Dense Vegetation),Medium,Seen
2021-05-04,None,Kwitonda,None,Clear View (Full Group),High (Senior Tracker),Acknowledged by Base
2021-05-06,None,Pablo Group,None,Partial View (Dense Vegetation),High (Senior Tracker),Acknowledged by Base
2021-05-08,None,Pablo Group,None,Partial View (Dense Vegetation),High (Senior Tracker),Acknowledged by Base
2021-05-09,None,Hirwa,None,Clear View (Full Group),High (Senior Tracker),Acknowledged by Base
2021-05-11,None,Pablo Group,None,Partial View (Dense Vegetation),High (Senior Tracker),Acknowledged by Base
2021-05-13,None,Susa-A,None,Partial View (Dense Vegetation),High (Senior Tracker),Acknowledged by Base
2021-05-14,None,Pablo Group,None,Partial View (Dense Vegetation),High (Senior Tracker),Acknowledged by Base
2021-05-15,None,Susa-A,None,Clear View (Full Group),High (Senior Tracker),Acknowledged by Base
2021-05-16,None,Susa-A,None,Clear View (Full Group),High (Senior Tracker),Acknowledged by Base
2021-05-18,CASE-2026-1779,Susa-A,Sustained nasal discharge,Partial View (Dense Vegetation),Low (Poor Conditions),Acknowledged by Base
2021-05-21,None,Amahoro,None,Clear View (Full Group),High (Senior Tracker),Acknowledged by Base
2021-05-22,None,Susa-A,None,Clear View (Full Group),High (Senior Tracker),Acknowledged by Base
2021-05-23,None,Amahoro,None,Partial View (Dense Vegetation),High (Senior Tracker),Acknowledged by Base
2021-05-24,None,Pablo Group,None,Clear View (Full Group),High (Senior Tracker),Acknowledged by Base
2021-05-26,None,Pablo Group,None,Clear View (Full Group),High (Senior Tracker),Acknowledged by Base
2021-05-28,None,Amahoro,None,Clear View (Full Group),High (Senior Tracker),Acknowledged by Base
2021-06-01,None,Kwitonda,None,Clear View (Full Group),High (Senior Tracker),Acknowledged by Base
2021-06-06,None,Susa-A,None,Partial View (Dense Vegetation),High (Senior Tracker),Acknowledged by Base
2021-06-09,None,Susa-A,None,Partial View (Dense Vegetation),High (Senior Tracker),Acknowledged by Base
2021-06-09,None,Hirwa,None,Partial View (Dense Vegetation),High (Senior Tracker),Acknowledged by Base
2021-06-10,None,Hirwa,None,Partial View (Dense Vegetation),High (Senior Tracker),Acknowledged by Base
2021-06-11,CASE-2026-1780,Pablo Group,Mild coughing,Partial View (Dense Vegetation),Medium,Seen
2021-06-11,None,Kwitonda,None,Partial View (Dense Vegetation),High (Senior Tracker),Acknowledged by Base
2021-06-11,None,Hirwa,None,Clear View (Full Group),High (Senior Tracker),Acknowledged by Base
2021-06-14,None,Amahoro,None,Partial View (Dense Vegetation),High (Senior Tracker),Acknowledged by Base
2021-06-14,None,Kwitonda,None,Clear View (Full Group),High (Senior Tracker),Acknowledged by Base
2021-06-18,None,Amahoro,None,Clear View (Full Group),High (Senior Tracker),Acknowledged by Base
2021-06-20,CASE-2026-1781,Amahoro,Sustained nasal discharge,Partial View (Dense Vegetation),Low (Poor Conditions),Seen
2021-06-23,CASE-2026-1782,Hirwa,"Heavy coughing, wheezing",Clear View (Full Group),High (Senior Tracker),Acknowledged by Base
2021-06-26,None,Susa-A,None,Clear View (Full Group),High (Senior Tracker),Acknowledged by Base
2021-06-27,CASE-2026-1783,Amahoro,Mild coughing,Clear View (Full Group),Low (Poor Conditions),Seen
2021-06-28,None,Amahoro,None,Partial View (Dense Vegetation),High (Senior Tracker),Acknowledged by Base
2021-06-29,None,Kwitonda,None,Partial View (Dense Vegetation),High (Senior Tracker),Acknowledged by Base
2021-07-02,None,Amahoro,None,Partial View (Dense Vegetation),High (Senior Tracker),Acknowledged by Base
2021-07-04,None,Pablo Group,None,Clear View (Full Group),High (Senior Tracker),Acknowledged by Base
2021-07-04,None,Kwitonda,None,Clear View (Full Group),High (Senior Tracker),Acknowledged by Base
2021-07-06,CASE-2026-1784,Pablo Group,Mild coughing,Obscured (Heavy Rain),High (Senior Tracker),Sent
2021-07-06,None,Hirwa,None,Clear View (Full Group),High (Senior Tracker),Acknowledged by Base
2021-07-07,None,Amahoro,None,Clear View (Full Group),High (Senior Tracker),Acknowledged by Base
2021-07-09,None,Susa-A,None,Clear View (Full Group),High (Senior Tracker),Acknowledged by Base
2021-07-11,None,Susa-A,None,Partial View (Dense Vegetation),High (Senior Tracker),Acknowledged by Base
2021-07-12,None,Amahoro,None,Clear View (Full Group),High (Senior Tracker),Acknowledged by Base
2021-07-13,None,Amahoro,None,Partial View (Dense Vegetation),High (Senior Tracker),Acknowledged by Base
2021-07-14,CASE-2026-1785,Susa-A,Lethargy,Clear View (Full Group),High (Senior Tracker),Acknowledged by Base
2021-07-21,None,Susa-A,None,Clear View (Full Group),High (Senior Tracker),Acknowledged by Base
2021-07-26,None,Amahoro,None,Clear View (Full Group),High (Senior Tracker),Acknowledged by Base
2021-07-28,None,Hirwa,None,Clear View (Full Group),High (Senior Tracker),Acknowledged by Base
2021-08-04,None,Amahoro,None,Clear View (Full Group),High (Senior Tracker),Acknowledged by Base
2021-08-06,CASE-2026-1786,Kwitonda,Mild coughing,Clear View (Full Group),High (Senior Tracker),Seen
2021-08-07,None,Pablo Group,None,Clear View (Full Group),High (Senior Tracker),Acknowledged by Base
2021-08-07,None,Kwitonda,None,Partial View (Dense Vegetation),High (Senior Tracker),Acknowledged by Base
2021-08-08,None,Kwitonda,None,Partial View (Dense Vegetation),High (Senior Tracker),Acknowledged by Base
2021-08-10,None,Susa-A,None,Clear View (Full Group),High (Senior Tracker),Acknowledged by Base
2021-08-11,CASE-2026-1787,Pablo Group,Mild coughing,Partial View (Dense Vegetation),High (Senior Tracker),Seen
2021-08-11,None,Amahoro,None,Clear View (Full Group),High (Senior Tracker),Acknowledged by Base
2021-08-11,None,Hirwa,None,Clear View (Full Group),High (Senior Tracker),Acknowledged by Base
2021-08-12,None,Kwitonda,None,Partial View (Dense Vegetation),High (Senior Tracker),Acknowledged by Base
2021-08-14,CASE-2026-1788,Amahoro,Mild coughing,Obscured (Heavy Rain),Medium,Sent
2021-08-15,None,Amahoro,None,Clear View (Full Group),High (Senior Tracker),Acknowledged by Base
2021-08-19,CASE-2026-1789,Susa-A,Sustained nasal discharge,Clear View (Full Group),High (Senior Tracker),Seen
2021-08-20,None,Hirwa,None,Clear View (Full Group),High (Senior Tracker),Acknowledged by Base
2021-08-22,None,Pablo Group,None,Clear View (Full Group),High (Senior Tracker),Acknowledged by Base
2021-08-24,None,Hirwa,None,Partial View (Dense Vegetation),High (Senior Tracker),Acknowledged by Base
2021-08-27,None,Amahoro,None,Clear View (Full Group),High (Senior Tracker),Acknowledged by Base
2021-08-29,None,Pablo Group,None,Partial View (Dense Vegetation),High (Senior Tracker),Acknowledged by Base
2021-08-30,CASE-2026-1790,Susa-A,Sustained nasal discharge,Partial View (Dense Vegetation),Medium,Seen
2021-08-30,None,Pablo Group,None,Clear View (Full Group),High (Senior Tracker),Acknowledged by Base
2021-09-01,None,Amahoro,None,Partial View (Dense Vegetation),High (Senior Tracker),Acknowledged by Base
2021-09-02,None,Amahoro,None,Partial View (Dense Vegetation),High (Senior Tracker),Acknowledged by Base
2021-09-03,CASE-2026-1791,Pablo Group,Sustained nasal discharge,Clear View (Full Group),High (Senior Tracker),Acknowledged by Base
2021-09-04,CASE-2026-1792,Amahoro,Sustained nasal discharge,Clear View (Full Group),Medium,Acknowledged by Base
2021-09-04,None,Kwitonda,None,Clear View (Full Group),High (Senior Tracker),Acknowledged by Base
2021-09-07,None,Pablo Group,None,Clear View (Full Group),High (Senior Tracker),Acknowledged by Base
2021-09-07,None,Kwitonda,None,Clear View (Full Group),High (Senior Tracker),Acknowledged by Base
2021-09-08,None,Pablo Group,None,Clear View (Full Group),High (Senior Tracker),Acknowledged by Base
2021-09-09,CASE-2026-1793,Pablo Group,Sustained nasal discharge,Partial View (Dense Vegetation),High (Senior Tracker),Seen
2021-09-10,None,Amahoro,None,Clear View (Full Group),High (Senior Tracker),Acknowledged by Base
2021-09-12,None,Amahoro,None,Clear View (Full Group),High (Senior Tracker),Acknowledged by Base
2021-09-12,None,Kwitonda,None,Clear View (Full Group),High (Senior Tracker),Acknowledged by Base
2021-09-13,None,Pablo Group,None,Clear View (Full Group),High (Senior Tracker),Acknowledged by Base
2021-09-15,None,Susa-A,None,Clear View (Full Group),High (Senior Tracker),Acknowledged by Base
2021-09-15,None,Kwitonda,None,Clear View (Full Group),High (Senior Tracker),Acknowledged by Base
2021-09-18,None,Kwitonda,None,Partial View (Dense Vegetation),High (Senior Tracker),Acknowledged by Base
2021-09-19,CASE-2026-1794,Pablo Group,Sustained nasal discharge,Obscured (Heavy Rain),High (Senior Tracker),Acknowledged by Base
2021-09-21,None,Amahoro,None,Clear View (Full Group),High (Senior Tracker),Acknowledged by Base
2021-09-23,None,Susa-A,None,Partial View (Dense Vegetation),High (Senior Tracker),Acknowledged by Base
2021-09-23,None,Pablo Group,None,Partial View (Dense Vegetation),High (Senior Tracker),Acknowledged by Base
2021-09-26,None,Pablo Group,None,Clear View (Full Group),High (Senior Tracker),Acknowledged by Base
2021-09-27,None,Susa-A,None,Clear View (Full Group),High (Senior Tracker),Acknowledged by Base
2021-09-27,CASE-2026-1795,Hirwa,Sustained nasal discharge,Clear View (Full Group),High (Senior Tracker),Seen
2021-09-28,None,Pablo Group,None,Clear View (Full Group),High (Senior Tracker),Acknowledged by Base
2021-09-29,None,Amahoro,None,Clear View (Full Group),High (Senior Tracker),Acknowledged by Base
2021-10-03,None,Hirwa,None,Partial View (Dense Vegetation),High (Senior Tracker),Acknowledged by Base
2021-10-05,None,Susa-A,None,Clear View (Full Group),High (Senior Tracker),Acknowledged by Base
2021-10-05,None,Pablo Group,None,Partial View (Dense Vegetation),High (Senior Tracker),Acknowledged by Base
2021-10-06,None,Hirwa,None,Clear View (Full Group),High (Senior Tracker),Acknowledged by Base
2021-10-07,None,Kwitonda,None,Partial View (Dense Vegetation),High (Senior Tracker),Acknowledged by Base
2021-10-09,None,Amahoro,None,Clear View (Full Group),High (Senior Tracker),Acknowledged by Base
2021-10-10,None,Pablo Group,None,Clear View (Full Group),High (Senior Tracker),Acknowledged by Base
2021-10-12,None,Pablo Group,None,Partial View (Dense Vegetation),High (Senior Tracker),Acknowledged by Base
2021-10-12,None,Kwitonda,None,Partial View (Dense Vegetation),High (Senior Tracker),Acknowledged by Base
2021-10-16,None,Amahoro,None,Clear View (Full Group),High (Senior Tracker),Acknowledged by Base
2021-10-19,None,Susa-A,None,Partial View (Dense Vegetation),High (Senior Tracker),Acknowledged by Base
2021-10-22,None,Hirwa,None,Partial View (Dense Vegetation),High (Senior Tracker),Acknowledged by Base
2021-10-23,None,Kwitonda,None,Partial View (Dense Vegetation),High (Senior Tracker),Acknowledged by Base
2021-10-25,None,Pablo Group,None,Clear View (Full Group),High (Senior Tracker),Acknowledged by Base
2021-10-27,None,Hirwa,None,Partial View (Dense Vegetation),High (Senior Tracker),Acknowledged by Base
2021-10-29,CASE-2026-1796,Pablo Group,Sustained nasal discharge,Obscured (Heavy Rain),Medium,Sent
2021-10-30,None,Susa-A,None,Clear View (Full Group),High (Senior Tracker),Acknowledged by Base
2021-10-30,None,Amahoro,None,Clear View (Full Group),High (Senior Tracker),Acknowledged by Base
2021-10-31,CASE-2026-1797,Hirwa,Lethargy,Clear View (Full Group),High (Senior Tracker),Seen
2021-11-02,None,Kwitonda,None,Partial View (Dense Vegetation),High (Senior Tracker),Acknowledged by Base
2021-11-04,None,Susa-A,None,Partial View (Dense Vegetation),High (Senior Tracker),Acknowledged by Base
2021-11-06,None,Amahoro,None,Clear View (Full Group),High (Senior Tracker),Acknowledged by Base
2021-11-06,None,Hirwa,None,Partial View (Dense Vegetation),High (Senior Tracker),Acknowledged by Base
2021-11-08,None,Pablo Group,None,Clear View (Full Group),High (Senior Tracker),Acknowledged by Base
2021-11-12,None,Amahoro,None,Partial View (Dense Vegetation),High (Senior Tracker),Acknowledged by Base
2021-11-13,None,Pablo Group,None,Clear View (Full Group),High (Senior Tracker),Acknowledged by Base
2021-11-13,None,Amahoro,None,Partial View (Dense Vegetation),High (Senior Tracker),Acknowledged by Base
2021-11-14,CASE-2026-1798,Amahoro,Lethargy,Partial View (Dense Vegetation),High (Senior Tracker),Acknowledged by Base
2021-11-15,None,Pablo Group,None,Partial View (Dense Vegetation),High (Senior Tracker),Acknowledged by Base
2021-11-18,None,Kwitonda,None,Clear View (Full Group),High (Senior Tracker),Acknowledged by Base
2021-11-18,None,Hirwa,None,Clear View (Full Group),High (Senior Tracker),Acknowledged by Base
2021-11-22,None,Susa-A,None,Clear View (Full Group),High (Senior Tracker),Acknowledged by Base
2021-11-22,None,Hirwa,None,Partial View (Dense Vegetation),High (Senior Tracker),Acknowledged by Base
2021-11-23,None,Susa-A,None,Clear View (Full Group),High (Senior Tracker),Acknowledged by Base
2021-11-25,None,Susa-A,None,Partial View (Dense Vegetation),High (Senior Tracker),Acknowledged by Base
2021-11-29,None,Amahoro,None,Partial View (Dense Vegetation),High (Senior Tracker),Acknowledged by Base
2021-11-30,None,Susa-A,None,Clear View (Full Group),High (Senior Tracker),Acknowledged by Base
2021-12-01,None,Hirwa,None,Partial View (Dense Vegetation),High (Senior Tracker),Acknowledged by Base
2021-12-02,None,Susa-A,None,Clear View (Full Group),High (Senior Tracker),Acknowledged by Base
2021-12-02,None,Hirwa,None,Partial View (Dense Vegetation),High (Senior Tracker),Acknowledged by Base
2021-12-08,None,Amahoro,None,Partial View (Dense Vegetation),High (Senior Tracker),Acknowledged by Base
2021-12-09,CASE-2026-1799,Hirwa,Sustained nasal discharge,Clear View (Full Group),Low (Poor Conditions),Acknowledged by Base
2021-12-17,None,Kwitonda,None,Clear View (Full Group),High (Senior Tracker),Acknowledged by Base
2021-12-18,None,Hirwa,None,Partial View (Dense Vegetation),High (Senior Tracker),Acknowledged by Base
2021-12-19,None,Pablo Group,None,Partial View (Dense Vegetation),High (Senior Tracker),Acknowledged by Base
2021-12-21,None,Kwitonda,None,Partial View (Dense Vegetation),High (Senior Tracker),Acknowledged by Base
2021-12-22,None,Susa-A,None,Clear View (Full Group),High (Senior Tracker),Acknowledged by Base
2021-12-22,None,Pablo Group,None,Clear View (Full Group),High (Senior Tracker),Acknowledged by Base
2021-12-23,None,Kwitonda,None,Clear View (Full Group),High (Senior Tracker),Acknowledged by Base
2021-12-23,None,Hirwa,None,Partial View (Dense Vegetation),High (Senior Tracker),Acknowledged by Base
2021-12-24,None,Amahoro,None,Clear View (Full Group),High (Senior Tracker),Acknowledged by Base
2021-12-27,CASE-2026-1800,Amahoro,Sustained nasal discharge,Partial View (Dense Vegetation),Medium,Seen
2021-12-28,None,Amahoro,None,Partial View (Dense Vegetation),High (Senior Tracker),Acknowledged by Base
2021-12-31,CASE-2026-1801,Susa-A,Sustained nasal discharge,Clear View (Full Group),Medium,Acknowledged by Base
2021-12-31,CASE-2026-1802,Pablo Group,Mild coughing,Obscured (Heavy Rain),High (Senior Tracker),Seen
2022-01-01,None,Susa-A,None,Clear View (Full Group),High (Senior Tracker),Acknowledged by Base
2022-01-02,None,Susa-A,None,Partial View (Dense Vegetation),High (Senior Tracker),Acknowledged by Base
2022-01-02,None,Pablo Group,None,Clear View (Full Group),High (Senior Tracker),Acknowledged by Base
2022-01-03,None,Susa-A,None,Clear View (Full Group),High (Senior Tracker),Acknowledged by Base
2022-01-04,CASE-2026-1803,Amahoro,Sustained nasal discharge,Partial View (Dense Vegetation),Low (Poor Conditions),Seen
2022-01-06,None,Kwitonda,None,Partial View (Dense Vegetation),High (Senior Tracker),Acknowledged by Base
2022-01-07,None,Susa-A,None,Partial View (Dense Vegetation),High (Senior Tracker),Acknowledged by Base
2022-01-08,None,Amahoro,None,Clear View (Full Group),High (Senior Tracker),Acknowledged by Base
2022-01-08,None,Hirwa,None,Partial View (Dense Vegetation),High (Senior Tracker),Acknowledged by Base
2022-01-13,None,Pablo Group,None,Clear View (Full Group),High (Senior Tracker),Acknowledged by Base
2022-01-14,None,Kwitonda,None,Partial View (Dense Vegetation),High (Senior Tracker),Acknowledged by Base
2022-01-15,None,Susa-A,None,Clear View (Full Group),High (Senior Tracker),Acknowledged by Base
2022-01-15,CASE-2026-1804,Amahoro,Mild coughing,Clear View (Full Group),Medium,Sent
2022-01-15,None,Hirwa,None,Partial View (Dense Vegetation),High (Senior Tracker),Acknowledged by Base
2022-01-16,None,Kwitonda,None,Partial View (Dense Vegetation),High (Senior Tracker),Acknowledged by Base
2022-01-17,None,Pablo Group,None,Partial View (Dense Vegetation),High (Senior Tracker),Acknowledged by Base
2022-01-19,CASE-2026-1805,Amahoro,Lethargy,Partial View (Dense Vegetation),Medium,Sent
2022-01-29,CASE-2026-1806,Kwitonda,Lethargy,Partial View (Dense Vegetation),High (Senior Tracker),Seen
2022-01-30,None,Hirwa,None,Clear View (Full Group),High (Senior Tracker),Acknowledged by Base
2022-01-31,CASE-2026-1807,Hirwa,Sustained nasal discharge,Partial View (Dense Vegetation),Medium,Acknowledged by Base
2022-02-04,None,Kwitonda,None,Clear View (Full Group),High (Senior Tracker),Acknowledged by Base
2022-02-06,None,Hirwa,None,Partial View (Dense Vegetation),High (Senior Tracker),Acknowledged by Base
2022-02-07,None,Hirwa,None,Partial View (Dense Vegetation),High (Senior Tracker),Acknowledged by Base
2022-02-09,None,Kwitonda,None,Clear View (Full Group),High (Senior Tracker),Acknowledged by Base
2022-02-09,None,Hirwa,None,Partial View (Dense Vegetation),High (Senior Tracker),Acknowledged by Base
2022-02-10,CASE-2026-1808,Susa-A,Mild coughing,Obscured (Heavy Rain),High (Senior Tracker),Seen
2022-02-11,None,Amahoro,None,Clear View (Full Group),High (Senior Tracker),Acknowledged by Base
2022-02-13,None,Susa-A,None,Clear View (Full Group),High (Senior Tracker),Acknowledged by Base
2022-02-13,CASE-2026-1809,Amahoro,Lethargy,Partial View (Dense Vegetation),High (Senior Tracker),Sent
2022-02-18,None,Susa-A,None,Partial View (Dense Vegetation),High (Senior Tracker),Acknowledged by Base
2022-02-18,None,Hirwa,None,Clear View (Full Group),High (Senior Tracker),Acknowledged by Base
2022-02-20,None,Amahoro,None,Clear View (Full Group),High (Senior Tracker),Acknowledged by Base
2022-02-21,None,Amahoro,None,Clear View (Full Group),High (Senior Tracker),Acknowledged by Base
2022-02-22,None,Susa-A,None,Clear View (Full Group),High (Senior Tracker),Acknowledged by Base
2022-02-22,None,Amahoro,None,Partial View (Dense Vegetation),High (Senior Tracker),Acknowledged by Base
2022-02-25,None,Amahoro,None,Clear View (Full Group),High (Senior Tracker),Acknowledged by Base
2022-02-26,None,Hirwa,None,Clear View (Full Group),High (Senior Tracker),Acknowledged by Base
2022-02-28,None,Kwitonda,None,Partial View (Dense Vegetation),High (Senior Tracker),Acknowledged by Base
2022-03-01,None,Kwitonda,None,Partial View (Dense Vegetation),High (Senior Tracker),Acknowledged by Base
2022-03-02,CASE-2026-1810,Kwitonda,Mild coughing,Partial View (Dense Vegetation),Low (Poor Conditions),Acknowledged by Base
2022-03-04,None,Pablo Group,None,Clear View (Full Group),High (Senior Tracker),Acknowledged by Base
2022-03-04,None,Amahoro,None,Clear View (Full Group),High (Senior Tracker),Acknowledged by Base
2022-03-05,CASE-2026-1811,Hirwa,Sustained nasal discharge,Partial View (Dense Vegetation),Medium,Acknowledged by Base
2022-03-08,None,Pablo Group,None,Partial View (Dense Vegetation),High (Senior Tracker),Acknowledged by Base
2022-03-11,None,Susa-A,None,Clear View (Full Group),High (Senior Tracker),Acknowledged by Base
2022-03-11,None,Kwitonda,None,Clear View (Full Group),High (Senior Tracker),Acknowledged by Base
2022-03-14,None,Kwitonda,None,Clear View (Full Group),High (Senior Tracker),Acknowledged by Base
2022-03-15,None,Susa-A,None,Partial View (Dense Vegetation),High (Senior Tracker),Acknowledged by Base
2022-03-15,None,Hirwa,None,Partial View (Dense Vegetation),High (Senior Tracker),Acknowledged by Base
2022-03-18,CASE-2026-1812,Hirwa,Sustained nasal discharge,Obscured (Heavy Rain),High (Senior Tracker),Sent
2022-03-19,None,Kwitonda,None,Clear View (Full Group),High (Senior Tracker),Acknowledged by Base
2022-03-22,None,Pablo Group,None,Partial View (Dense Vegetation),High (Senior Tracker),Acknowledged by Base
2022-03-24,None,Susa-A,None,Clear View (Full Group),High (Senior Tracker),Acknowledged by Base
2022-03-25,None,Amahoro,None,Clear View (Full Group),High (Senior Tracker),Acknowledged by Base
2022-03-26,None,Kwitonda,None,Partial View (Dense Vegetation),High (Senior Tracker),Acknowledged by Base
2022-03-26,None,Hirwa,None,Clear View (Full Group),High (Senior Tracker),Acknowledged by Base
2022-03-28,None,Pablo Group,None,Partial View (Dense Vegetation),High (Senior Tracker),Acknowledged by Base
2022-03-30,CASE-2026-1813,Kwitonda,Mild coughing,Obscured (Heavy Rain),High (Senior Tracker),Seen
2022-03-31,None,Pablo Group,None,Partial View (Dense Vegetation),High (Senior Tracker),Acknowledged by Base
2022-04-02,None,Amahoro,None,Partial View (Dense Vegetation),High (Senior Tracker),Acknowledged by Base
2022-04-03,None,Susa-A,None,Partial View (Dense Vegetation),High (Senior Tracker),Acknowledged by Base
2022-04-04,None,Kwitonda,None,Clear View (Full Group),High (Senior Tracker),Acknowledged by Base
2022-04-05,None,Amahoro,None,Clear View (Full Group),High (Senior Tracker),Acknowledged by Base
2022-04-10,None,Susa-A,None,Clear View (Full Group),High (Senior Tracker),Acknowledged by Base
2022-04-11,CASE-2026-1814,Kwitonda,Sustained nasal discharge,Clear View (Full Group),High (Senior Tracker),Acknowledged by Base
2022-04-11,CASE-2026-1815,Hirwa,Lethargy,Clear View (Full Group),High (Senior Tracker),Acknowledged by Base
2022-04-13,None,Pablo Group,None,Clear View (Full Group),High (Senior Tracker),Acknowledged by Base
2022-04-14,None,Susa-A,None,Partial View (Dense Vegetation),High (Senior Tracker),Acknowledged by Base
2022-04-15,None,Amahoro,None,Clear View (Full Group),High (Senior Tracker),Acknowledged by Base
2022-04-17,None,Amahoro,None,Clear View (Full Group),High (Senior Tracker),Acknowledged by Base
2022-04-19,None,Hirwa,None,Clear View (Full Group),High (Senior Tracker),Acknowledged by Base
2022-04-20,CASE-2026-1816,Susa-A,Sustained nasal discharge,Clear View (Full Group),Low (Poor Conditions),Acknowledged by Base
2022-04-23,CASE-2026-1817,Pablo Group,Sustained nasal discharge,Clear View (Full Group),Medium,Sent
2022-04-25,None,Pablo Group,None,Partial View (Dense Vegetation),High (Senior Tracker),Acknowledged by Base
2022-04-27,None,Amahoro,None,Partial View (Dense Vegetation),High (Senior Tracker),Acknowledged by Base
2022-05-01,None,Kwitonda,None,Partial View (Dense Vegetation),High (Senior Tracker),Acknowledged by Base
2022-05-05,None,Susa-A,None,Partial View (Dense Vegetation),High (Senior Tracker),Acknowledged by Base
2022-05-05,None,Kwitonda,None,Clear View (Full Group),High (Senior Tracker),Acknowledged by Base
2022-05-05,None,Hirwa,None,Partial View (Dense Vegetation),High (Senior Tracker),Acknowledged by Base
2022-05-06,None,Amahoro,None,Clear View (Full Group),High (Senior Tracker),Acknowledged by Base
2022-05-06,None,Kwitonda,None,Clear View (Full Group),High (Senior Tracker),Acknowledged by Base
2022-05-08,None,Amahoro,None,Partial View (Dense Vegetation),High (Senior Tracker),Acknowledged by Base
2022-05-12,None,Pablo Group,None,Clear View (Full Group),High (Senior Tracker),Acknowledged by Base
2022-05-18,None,Pablo Group,None,Partial View (Dense Vegetation),High (Senior Tracker),Acknowledged by Base
2022-05-21,None,Amahoro,None,Clear View (Full Group),High (Senior Tracker),Acknowledged by Base
2022-05-21,None,Hirwa,None,Partial View (Dense Vegetation),High (Senior Tracker),Acknowledged by Base
2022-05-25,None,Kwitonda,None,Clear View (Full Group),High (Senior Tracker),Acknowledged by Base
2022-05-31,CASE-2026-1818,Susa-A,Sustained nasal discharge,Obscured (Heavy Rain),High (Senior Tracker),Sent
2022-05-31,None,Kwitonda,None,Clear View (Full Group),High (Senior Tracker),Acknowledged by Base
2022-06-01,None,Susa-A,None,Clear View (Full Group),High (Senior Tracker),Acknowledged by Base
2022-06-04,None,Amahoro,None,Partial View (Dense Vegetation),High (Senior Tracker),Acknowledged by Base
2022-06-05,CASE-2026-1819,Kwitonda,Lethargy,Clear View (Full Group),High (Senior Tracker),Acknowledged by Base
2022-06-05,None,Hirwa,None,Clear View (Full Group),High (Senior Tracker),Acknowledged by Base
2022-06-06,None,Hirwa,None,Clear View (Full Group),High (Senior Tracker),Acknowledged by Base
2022-06-09,None,Kwitonda,None,Clear View (Full Group),High (Senior Tracker),Acknowledged by Base
2022-06-13,None,Pablo Group,None,Clear View (Full Group),High (Senior Tracker),Acknowledged by Base
2022-06-13,None,Kwitonda,None,Clear View (Full Group),High (Senior Tracker),Acknowledged by Base
2022-06-13,None,Hirwa,None,Partial View (Dense Vegetation),High (Senior Tracker),Acknowledged by Base
2022-06-19,CASE-2026-1820,Kwitonda,Sustained nasal discharge,Clear View (Full Group),Medium,Sent
2022-06-19,None,Hirwa,None,Partial View (Dense Vegetation),High (Senior Tracker),Acknowledged by Base
2022-06-20,None,Pablo Group,None,Partial View (Dense Vegetation),High (Senior Tracker),Acknowledged by Base
2022-06-28,None,Susa-A,None,Clear View (Full Group),High (Senior Tracker),Acknowledged by Base
2022-06-28,None,Amahoro,None,Partial View (Dense Vegetation),High (Senior Tracker),Acknowledged by Base
2022-06-28,None,Hirwa,None,Clear View (Full Group),High (Senior Tracker),Acknowledged by Base
2022-06-29,None,Pablo Group,None,Clear View (Full Group),High (Senior Tracker),Acknowledged by Base
2022-06-29,None,Hirwa,None,Clear View (Full Group),High (Senior Tracker),Acknowledged by Base
2022-07-04,None,Susa-A,None,Clear View (Full Group),High (Senior Tracker),Acknowledged by Base
2022-07-05,None,Hirwa,None,Partial View (Dense Vegetation),High (Senior Tracker),Acknowledged by Base
2022-07-09,None,Kwitonda,None,Clear View (Full Group),High (Senior Tracker),Acknowledged by Base
2022-07-10,None,Susa-A,None,Partial View (Dense Vegetation),High (Senior Tracker),Acknowledged by Base
2022-07-10,None,Hirwa,None,Clear View (Full Group),High (Senior Tracker),Acknowledged by Base
2022-07-13,None,Susa-A,None,Partial View (Dense Vegetation),High (Senior Tracker),Acknowledged by Base
2022-07-13,None,Kwitonda,None,Clear View (Full Group),High (Senior Tracker),Acknowledged by Base
2022-07-14,None,Kwitonda,None,Clear View (Full Group),High (Senior Tracker),Acknowledged by Base
2022-07-16,None,Pablo Group,None,Partial View (Dense Vegetation),High (Senior Tracker),Acknowledged by Base
2022-07-17,None,Hirwa,None,Partial View (Dense Vegetation),High (Senior Tracker),Acknowledged by Base
2022-07-18,None,Pablo Group,None,Partial View (Dense Vegetation),High (Senior Tracker),Acknowledged by Base
2022-07-19,None,Pablo Group,None,Partial View (Dense Vegetation),High (Senior Tracker),Acknowledged by Base
2022-07-22,CASE-2026-1821,Susa-A,Lethargy,Clear View (Full Group),Medium,Seen
2022-07-25,CASE-2026-1822,Hirwa,Lethargy,Partial View (Dense Vegetation),Medium,Seen
2022-07-26,None,Amahoro,None,Partial View (Dense Vegetation),High (Senior Tracker),Acknowledged by Base
2022-07-26,CASE-2026-1823,Kwitonda,Mild coughing,Clear View (Full Group),High (Senior Tracker),Seen
2022-07-30,CASE-2026-1824,Pablo Group,Sustained nasal discharge,Obscured (Heavy Rain),Medium,Acknowledged by Base
2022-08-04,None,Kwitonda,None,Clear View (Full Group),High (Senior Tracker),Acknowledged by Base
2022-08-06,None,Hirwa,None,Partial View (Dense Vegetation),High (Senior Tracker),Acknowledged by Base
2022-08-09,None,Amahoro,None,Clear View (Full Group),High (Senior Tracker),Acknowledged by Base
2022-08-09,CASE-2026-1825,Kwitonda,Mild coughing,Partial View (Dense Vegetation),High (Senior Tracker),Sent
2022-08-11,CASE-2026-1826,Susa-A,Lethargy,Obscured (Heavy Rain),High (Senior Tracker),Seen
2022-08-12,CASE-2026-1827,Hirwa,Mild coughing,Partial View (Dense Vegetation),High (Senior Tracker),Acknowledged by Base
2022-08-15,None,Amahoro,None,Partial View (Dense Vegetation),High (Senior Tracker),Acknowledged by Base
2022-08-16,None,Susa-A,None,Clear View (Full Group),High (Senior Tracker),Acknowledged by Base
2022-08-18,None,Susa-A,None,Partial View (Dense Vegetation),High (Senior Tracker),Acknowledged by Base
2022-08-18,None,Amahoro,None,Clear View (Full Group),High (Senior Tracker),Acknowledged by Base
2022-08-20,CASE-2026-1828,Pablo Group,Sustained nasal discharge,Clear View (Full Group),High (Senior Tracker),Acknowledged by Base
2022-08-21,None,Susa-A,None,Clear View (Full Group),High (Senior Tracker),Acknowledged by Base
2022-08-23,CASE-2026-1829,Pablo Group,Mild coughing,Partial View (Dense Vegetation),Medium,Acknowledged by Base
2022-08-25,None,Susa-A,None,Partial View (Dense Vegetation),High (Senior Tracker),Acknowledged by Base
2022-08-27,None,Pablo Group,None,Partial View (Dense Vegetation),High (Senior Tracker),Acknowledged by Base
2022-08-27,None,Hirwa,None,Clear View (Full Group),High (Senior Tracker),Acknowledged by Base
2022-08-28,None,Susa-A,None,Clear View (Full Group),High (Senior Tracker),Acknowledged by Base
2022-08-29,None,Pablo Group,None,Clear View (Full Group),High (Senior Tracker),Acknowledged by Base
2022-08-31,None,Susa-A,None,Clear View (Full Group),High (Senior Tracker),Acknowledged by Base
2022-09-03,None,Hirwa,None,Partial View (Dense Vegetation),High (Senior Tracker),Acknowledged by Base
2022-09-08,None,Amahoro,None,Clear View (Full Group),High (Senior Tracker),Acknowledged by Base
2022-09-08,None,Kwitonda,None,Partial View (Dense Vegetation),High (Senior Tracker),Acknowledged by Base
2022-09-10,None,Susa-A,None,Partial View (Dense Vegetation),High (Senior Tracker),Acknowledged by Base
2022-09-10,CASE-2026-1830,Kwitonda,Lethargy,Partial View (Dense Vegetation),High (Senior Tracker),Acknowledged by Base
2022-09-12,None,Susa-A,None,Clear View (Full Group),High (Senior Tracker),Acknowledged by Base
2022-09-12,None,Amahoro,None,Partial View (Dense Vegetation),High (Senior Tracker),Acknowledged by Base
2022-09-17,CASE-2026-1831,Kwitonda,Lethargy,Clear View (Full Group),High (Senior Tracker),Seen
2022-09-19,None,Susa-A,None,Clear View (Full Group),High (Senior Tracker),Acknowledged by Base
2022-09-19,None,Kwitonda,None,Clear View (Full Group),High (Senior Tracker),Acknowledged by Base
2022-09-21,None,Pablo Group,None,Partial View (Dense Vegetation),High (Senior Tracker),Acknowledged by Base
2022-09-22,CASE-2026-1832,Pablo Group,Lethargy,Obscured (Heavy Rain),Medium,Sent
2022-09-23,None,Susa-A,None,Partial View (Dense Vegetation),High (Senior Tracker),Acknowledged by Base
2022-09-24,None,Kwitonda,None,Partial View (Dense Vegetation),High (Senior Tracker),Acknowledged by Base
2022-09-26,CASE-2026-1833,Pablo Group,Mild coughing,Clear View (Full Group),Medium,Seen
2022-09-27,None,Pablo Group,None,Partial View (Dense Vegetation),High (Senior Tracker),Acknowledged by Base
2022-09-27,None,Hirwa,None,Partial View (Dense Vegetation),High (Senior Tracker),Acknowledged by Base
2022-09-29,CASE-2026-1834,Susa-A,Lethargy,Obscured (Heavy Rain),Medium,Acknowledged by Base
2022-10-01,None,Pablo Group,None,Clear View (Full Group),High (Senior Tracker),Acknowledged by Base
2022-10-02,None,Pablo Group,None,Clear View (Full Group),High (Senior Tracker),Acknowledged by Base
2022-10-03,None,Amahoro,None,Clear View (Full Group),High (Senior Tracker),Acknowledged by Base
2022-10-03,None,Kwitonda,None,Partial View (Dense Vegetation),High (Senior Tracker),Acknowledged by Base
2022-10-04,None,Pablo Group,None,Partial View (Dense Vegetation),High (Senior Tracker),Acknowledged by Base
2022-10-04,CASE-2026-1835,Hirwa,Sustained nasal discharge,Partial View (Dense Vegetation),High (Senior Tracker),Seen
2022-10-09,None,Pablo Group,None,Clear View (Full Group),High (Senior Tracker),Acknowledged by Base
2022-10-10,None,Hirwa,None,Clear View (Full Group),High (Senior Tracker),Acknowledged by Base
2022-10-13,None,Susa-A,None,Partial View (Dense Vegetation),High (Senior Tracker),Acknowledged by Base
2022-10-15,None,Pablo Group,None,Partial View (Dense Vegetation),High (Senior Tracker),Acknowledged by Base
2022-10-15,CASE-2026-1836,Hirwa,Sustained nasal discharge,Clear View (Full Group),High (Senior Tracker),Sent
2022-10-16,CASE-2026-1837,Hirwa,Mild coughing,Obscured (Heavy Rain),High (Senior Tracker),Acknowledged by Base
2022-10-17,None,Hirwa,None,Partial View (Dense Vegetation),High (Senior Tracker),Acknowledged by Base
2022-10-18,None,Kwitonda,None,Partial View (Dense Vegetation),High (Senior Tracker),Acknowledged by Base
2022-10-19,None,Susa-A,None,Partial View (Dense Vegetation),High (Senior Tracker),Acknowledged by Base
2022-10-20,None,Hirwa,None,Clear View (Full Group),High (Senior Tracker),Acknowledged by Base
2022-10-21,None,Pablo Group,None,Partial View (Dense Vegetation),High (Senior Tracker),Acknowledged by Base
2022-10-25,None,Pablo Group,None,Partial View (Dense Vegetation),High (Senior Tracker),Acknowledged by Base
2022-10-26,None,Pablo Group,None,Partial View (Dense Vegetation),High (Senior Tracker),Acknowledged by Base
2022-10-27,None,Pablo Group,None,Partial View (Dense Vegetation),High (Senior Tracker),Acknowledged by Base
2022-10-27,None,Amahoro,None,Partial View (Dense Vegetation),High (Senior Tracker),Acknowledged by Base
2022-10-29,None,Amahoro,None,Clear View (Full Group),High (Senior Tracker),Acknowledged by Base
2022-10-29,None,Kwitonda,None,Partial View (Dense Vegetation),High (Senior Tracker),Acknowledged by Base
2022-10-30,CASE-2026-1838,Amahoro,Sustained nasal discharge,Clear View (Full Group),High (Senior Tracker),Sent
2022-11-02,None,Susa-A,None,Partial View (Dense Vegetation),High (Senior Tracker),Acknowledged by Base
2022-11-05,None,Susa-A,None,Clear View (Full Group),High (Senior Tracker),Acknowledged by Base
2022-11-06,None,Kwitonda,None,Clear View (Full Group),High (Senior Tracker),Acknowledged by Base
2022-11-07,None,Hirwa,None,Clear View (Full Group),High (Senior Tracker),Acknowledged by Base
2022-11-08,None,Kwitonda,None,Partial View (Dense Vegetation),High (Senior Tracker),Acknowledged by Base
2022-11-09,None,Susa-A,None,Clear View (Full Group),High (Senior Tracker),Acknowledged by Base
2022-11-11,None,Kwitonda,None,Partial View (Dense Vegetation),High (Senior Tracker),Acknowledged by Base
2022-11-11,None,Hirwa,None,Partial View (Dense Vegetation),High (Senior Tracker),Acknowledged by Base
2022-11-12,None,Pablo Group,None,Partial View (Dense Vegetation),High (Senior Tracker),Acknowledged by Base
2022-11-13,None,Hirwa,None,Partial View (Dense Vegetation),High (Senior Tracker),Acknowledged by Base
2022-11-15,None,Hirwa,None,Clear View (Full Group),High (Senior Tracker),Acknowledged by Base
2022-11-16,None,Pablo Group,None,Partial View (Dense Vegetation),High (Senior Tracker),Acknowledged by Base
2022-11-17,None,Kwitonda,None,Partial View (Dense Vegetation),High (Senior Tracker),Acknowledged by Base
2022-11-19,None,Pablo Group,None,Partial View (Dense Vegetation),High (Senior Tracker),Acknowledged by Base
2022-11-19,None,Amahoro,None,Partial View (Dense Vegetation),High (Senior Tracker),Acknowledged by Base
2022-11-20,CASE-2026-1839,Susa-A,Mild coughing,Partial View (Dense Vegetation),High (Senior Tracker),Acknowledged by Base
2022-11-20,None,Amahoro,None,Clear View (Full Group),High (Senior Tracker),Acknowledged by Base
2022-11-22,CASE-2026-1840,Hirwa,Mild coughing,Clear View (Full Group),High (Senior Tracker),Acknowledged by Base
2022-11-23,CASE-2026-1841,Kwitonda,Mild coughing,Clear View (Full Group),Medium,Sent
2022-11-24,None,Kwitonda,None,Partial View (Dense Vegetation),High (Senior Tracker),Acknowledged by Base
2022-11-26,None,Kwitonda,None,Partial View (Dense Vegetation),High (Senior Tracker),Acknowledged by Base
2022-11-30,None,Amahoro,None,Partial View (Dense Vegetation),High (Senior Tracker),Acknowledged by Base
2022-12-01,None,Amahoro,None,Partial View (Dense Vegetation),High (Senior Tracker),Acknowledged by Base
2022-12-02,None,Pablo Group,None,Clear View (Full Group),High (Senior Tracker),Acknowledged by Base
2022-12-03,None,Pablo Group,None,Partial View (Dense Vegetation),High (Senior Tracker),Acknowledged by Base
2022-12-04,None,Kwitonda,None,Clear View (Full Group),High (Senior Tracker),Acknowledged by Base
2022-12-07,None,Pablo Group,None,Partial View (Dense Vegetation),High (Senior Tracker),Acknowledged by Base
2022-12-09,CASE-2026-1842,Kwitonda,Sustained nasal discharge,Clear View (Full Group),High (Senior Tracker),Acknowledged by Base
2022-12-10,None,Amahoro,None,Partial View (Dense Vegetation),High (Senior Tracker),Acknowledged by Base
2022-12-10,None,Kwitonda,None,Partial View (Dense Vegetation),High (Senior Tracker),Acknowledged by Base
2022-12-12,None,Hirwa,None,Partial View (Dense Vegetation),High (Senior Tracker),Acknowledged by Base
2022-12-14,None,Amahoro,None,Clear View (Full Group),High (Senior Tracker),Acknowledged by Base
2022-12-16,None,Amahoro,None,Partial View (Dense Vegetation),High (Senior Tracker),Acknowledged by Base
2022-12-17,None,Pablo Group,None,Clear View (Full Group),High (Senior Tracker),Acknowledged by Base
2022-12-18,None,Pablo Group,None,Partial View (Dense Vegetation),High (Senior Tracker),Acknowledged by Base
2022-12-18,None,Kwitonda,None,Partial View (Dense Vegetation),High (Senior Tracker),Acknowledged by Base
2022-12-19,None,Kwitonda,None,Clear View (Full Group),High (Senior Tracker),Acknowledged by Base
2022-12-21,None,Hirwa,None,Partial View (Dense Vegetation),High (Senior Tracker),Acknowledged by Base
2022-12-22,None,Hirwa,None,Clear View (Full Group),High (Senior Tracker),Acknowledged by Base
2022-12-25,None,Hirwa,None,Partial View (Dense Vegetation),High (Senior Tracker),Acknowledged by Base
2022-12-26,None,Pablo Group,None,Clear View (Full Group),High (Senior Tracker),Acknowledged by Base
2022-12-27,None,Amahoro,None,Partial View (Dense Vegetation),High (Senior Tracker),Acknowledged by Base
2022-12-28,None,Kwitonda,None,Clear View (Full Group),High (Senior Tracker),Acknowledged by Base
2022-12-29,None,Amahoro,None,Clear View (Full Group),High (Senior Tracker),Acknowledged by Base
2022-12-30,CASE-2026-1843,Amahoro,Sustained nasal discharge,Clear View (Full Group),High (Senior Tracker),Sent
2022-12-30,CASE-2026-1844,Kwitonda,Mild coughing,Clear View (Full Group),Medium,Seen
2022-12-31,None,Pablo Group,None,Partial View (Dense Vegetation),High (Senior Tracker),Acknowledged by Base
2023-01-02,None,Kwitonda,None,Clear View (Full Group),High (Senior Tracker),Acknowledged by Base
2023-01-03,None,Kwitonda,None,Partial View (Dense Vegetation),High (Senior Tracker),Acknowledged by Base
2023-01-06,None,Amahoro,None,Partial View (Dense Vegetation),High (Senior Tracker),Acknowledged by Base
2023-01-08,None,Kwitonda,None,Partial View (Dense Vegetation),High (Senior Tracker),Acknowledged by Base
2023-01-09,None,Hirwa,None,Partial View (Dense Vegetation),High (Senior Tracker),Acknowledged by Base
2023-01-11,None,Amahoro,None,Partial View (Dense Vegetation),High (Senior Tracker),Acknowledged by Base
2023-01-13,None,Pablo Group,None,Clear View (Full Group),High (Senior Tracker),Acknowledged by Base
2023-01-14,None,Kwitonda,None,Partial View (Dense Vegetation),High (Senior Tracker),Acknowledged by Base
2023-01-19,None,Hirwa,None,Clear View (Full Group),High (Senior Tracker),Acknowledged by Base
2023-01-21,CASE-2026-1845,Kwitonda,Sustained nasal discharge,Obscured (Heavy Rain),Low (Poor Conditions),Sent
2023-01-23,None,Susa-A,None,Partial View (Dense Vegetation),High (Senior Tracker),Acknowledged by Base
2023-01-24,None,Kwitonda,None,Clear View (Full Group),High (Senior Tracker),Acknowledged by Base
2023-01-25,None,Susa-A,None,Clear View (Full Group),High (Senior Tracker),Acknowledged by Base
2023-01-25,None,Pablo Group,None,Clear View (Full Group),High (Senior Tracker),Acknowledged by Base
2023-01-25,None,Amahoro,None,Clear View (Full Group),High (Senior Tracker),Acknowledged by Base
2023-01-25,None,Hirwa,None,Partial View (Dense Vegetation),High (Senior Tracker),Acknowledged by Base
2023-01-26,None,Pablo Group,None,Clear View (Full Group),High (Senior Tracker),Acknowledged by Base
2023-01-28,None,Susa-A,None,Clear View (Full Group),High (Senior Tracker),Acknowledged by Base
2023-01-29,None,Hirwa,None,Clear View (Full Group),High (Senior Tracker),Acknowledged by Base
2023-01-30,None,Hirwa,None,Clear View (Full Group),High (Senior Tracker),Acknowledged by Base
2023-02-03,None,Pablo Group,None,Clear View (Full Group),High (Senior Tracker),Acknowledged by Base
2023-02-05,None,Kwitonda,None,Clear View (Full Group),High (Senior Tracker),Acknowledged by Base
2023-02-07,None,Pablo Group,None,Clear View (Full Group),High (Senior Tracker),Acknowledged by Base
2023-02-09,None,Susa-A,None,Clear View (Full Group),High (Senior Tracker),Acknowledged by Base
2023-02-11,None,Amahoro,None,Clear View (Full Group),High (Senior Tracker),Acknowledged by Base
2023-02-12,None,Susa-A,None,Partial View (Dense Vegetation),High (Senior Tracker),Acknowledged by Base
2023-02-13,None,Amahoro,None,Clear View (Full Group),High (Senior Tracker),Acknowledged by Base
2023-02-14,None,Pablo Group,None,Clear View (Full Group),High (Senior Tracker),Acknowledged by Base
2023-02-15,None,Amahoro,None,Partial View (Dense Vegetation),High (Senior Tracker),Acknowledged by Base
2023-02-16,CASE-2026-1846,Pablo Group,Mild coughing,Clear View (Full Group),High (Senior Tracker),Acknowledged by Base
2023-02-17,None,Susa-A,None,Clear View (Full Group),High (Senior Tracker),Acknowledged by Base
2023-02-18,None,Pablo Group,None,Partial View (Dense Vegetation),High (Senior Tracker),Acknowledged by Base
2023-02-21,None,Pablo Group,None,Clear View (Full Group),High (Senior Tracker),Acknowledged by Base
2023-02-22,None,Amahoro,None,Clear View (Full Group),High (Senior Tracker),Acknowledged by Base
2023-02-22,None,Kwitonda,None,Clear View (Full Group),High (Senior Tracker),Acknowledged by Base
2023-02-23,None,Susa-A,None,Partial View (Dense Vegetation),High (Senior Tracker),Acknowledged by Base
2023-02-28,None,Amahoro,None,Partial View (Dense Vegetation),High (Senior Tracker),Acknowledged by Base
2023-03-01,None,Pablo Group,None,Partial View (Dense Vegetation),High (Senior Tracker),Acknowledged by Base
2023-03-02,None,Pablo Group,None,Partial View (Dense Vegetation),High (Senior Tracker),Acknowledged by Base
2023-03-03,None,Pablo Group,None,Clear View (Full Group),High (Senior Tracker),Acknowledged by Base
2023-03-05,None,Susa-A,None,Partial View (Dense Vegetation),High (Senior Tracker),Acknowledged by Base
2023-03-08,None,Susa-A,None,Clear View (Full Group),High (Senior Tracker),Acknowledged by Base
2023-03-13,None,Pablo Group,None,Partial View (Dense Vegetation),High (Senior Tracker),Acknowledged by Base
2023-03-16,CASE-2026-1847,Amahoro,Mild coughing,Partial View (Dense Vegetation),Low (Poor Conditions),Acknowledged by Base
2023-03-17,None,Susa-A,None,Clear View (Full Group),High (Senior Tracker),Acknowledged by Base
2023-03-17,None,Kwitonda,None,Clear View (Full Group),High (Senior Tracker),Acknowledged by Base
2023-03-22,None,Amahoro,None,Partial View (Dense Vegetation),High (Senior Tracker),Acknowledged by Base
2023-03-23,None,Susa-A,None,Partial View (Dense Vegetation),High (Senior Tracker),Acknowledged by Base
2023-03-23,CASE-2026-1848,Amahoro,Sustained nasal discharge,Clear View (Full Group),High (Senior Tracker),Acknowledged by Base
2023-03-23,None,Kwitonda,None,Clear View (Full Group),High (Senior Tracker),Acknowledged by Base
2023-03-28,None,Hirwa,None,Clear View (Full Group),High (Senior Tracker),Acknowledged by Base
2023-04-06,None,Susa-A,None,Clear View (Full Group),High (Senior Tracker),Acknowledged by Base
2023-04-07,CASE-2026-1849,Amahoro,Lethargy,Partial View (Dense Vegetation),High (Senior Tracker),Sent
2023-04-08,None,Susa-A,None,Partial View (Dense Vegetation),High (Senior Tracker),Acknowledged by Base
2023-04-08,None,Amahoro,None,Clear View (Full Group),High (Senior Tracker),Acknowledged by Base
2023-04-08,CASE-2026-1850,Kwitonda,Mild coughing,Clear View (Full Group),Medium,Seen
2023-04-13,None,Pablo Group,None,Clear View (Full Group),High (Senior Tracker),Acknowledged by Base
2023-04-16,None,Susa-A,None,Clear View (Full Group),High (Senior Tracker),Acknowledged by Base
2023-04-16,None,Pablo Group,None,Partial View (Dense Vegetation),High (Senior Tracker),Acknowledged by Base
2023-04-17,None,Hirwa,None,Partial View (Dense Vegetation),High (Senior Tracker),Acknowledged by Base
2023-04-18,CASE-2026-1851,Susa-A,Mild coughing,Partial View (Dense Vegetation),High (Senior Tracker),Acknowledged by Base
2023-04-18,None,Amahoro,None,Partial View (Dense Vegetation),High (Senior Tracker),Acknowledged by Base
2023-04-23,None,Susa-A,None,Clear View (Full Group),High (Senior Tracker),Acknowledged by Base
2023-04-26,None,Amahoro,None,Partial View (Dense Vegetation),High (Senior Tracker),Acknowledged by Base
2023-04-30,None,Pablo Group,None,Partial View (Dense Vegetation),High (Senior Tracker),Acknowledged by Base
2023-05-01,None,Pablo Group,None,Partial View (Dense Vegetation),High (Senior Tracker),Acknowledged by Base
2023-05-03,None,Kwitonda,None,Partial View (Dense Vegetation),High (Senior Tracker),Acknowledged by Base
2023-05-04,None,Amahoro,None,Partial View (Dense Vegetation),High (Senior Tracker),Acknowledged by Base
2023-05-05,None,Hirwa,None,Partial View (Dense Vegetation),High (Senior Tracker),Acknowledged by Base
2023-05-11,None,Hirwa,None,Partial View (Dense Vegetation),High (Senior Tracker),Acknowledged by Base
2023-05-13,CASE-2026-1852,Amahoro,Lethargy,Clear View (Full Group),High (Senior Tracker),Acknowledged by Base
2023-05-14,None,Amahoro,None,Partial View (Dense Vegetation),High (Senior Tracker),Acknowledged by Base
2023-05-19,None,Susa-A,None,Clear View (Full Group),High (Senior Tracker),Acknowledged by Base
2023-05-24,None,Pablo Group,None,Clear View (Full Group),High (Senior Tracker),Acknowledged by Base
2023-05-26,None,Susa-A,None,Partial View (Dense Vegetation),High (Senior Tracker),Acknowledged by Base
2023-05-27,None,Amahoro,None,Clear View (Full Group),High (Senior Tracker),Acknowledged by Base
2023-05-28,None,Susa-A,None,Clear View (Full Group),High (Senior Tracker),Acknowledged by Base
2023-05-29,None,Susa-A,None,Partial View (Dense Vegetation),High (Senior Tracker),Acknowledged by Base
2023-05-31,CASE-2026-1853,Susa-A,Mild coughing,Clear View (Full Group),Low (Poor Conditions),Seen
2023-05-31,None,Pablo Group,None,Partial View (Dense Vegetation),High (Senior Tracker),Acknowledged by Base
2023-06-01,None,Susa-A,None,Clear View (Full Group),High (Senior Tracker),Acknowledged by Base
2023-06-01,None,Pablo Group,None,Partial View (Dense Vegetation),High (Senior Tracker),Acknowledged by Base
2023-06-02,None,Susa-A,None,Partial View (Dense Vegetation),High (Senior Tracker),Acknowledged by Base
2023-06-02,CASE-2026-1854,Amahoro,Mild coughing,Clear View (Full Group),Low (Poor Conditions),Seen
2023-06-02,None,Hirwa,None,Partial View (Dense Vegetation),High (Senior Tracker),Acknowledged by Base
2023-06-03,None,Hirwa,None,Partial View (Dense Vegetation),High (Senior Tracker),Acknowledged by Base
2023-06-04,None,Pablo Group,None,Clear View (Full Group),High (Senior Tracker),Acknowledged by Base
2023-06-04,None,Amahoro,None,Partial View (Dense Vegetation),High (Senior Tracker),Acknowledged by Base
2023-06-04,None,Kwitonda,None,Partial View (Dense Vegetation),High (Senior Tracker),Acknowledged by Base
2023-06-05,None,Pablo Group,None,Partial View (Dense Vegetation),High (Senior Tracker),Acknowledged by Base
2023-06-05,None,Kwitonda,None,Partial View (Dense Vegetation),High (Senior Tracker),Acknowledged by Base
2023-06-06,None,Kwitonda,None,Partial View (Dense Vegetation),High (Senior Tracker),Acknowledged by Base
2023-06-06,None,Hirwa,None,Partial View (Dense Vegetation),High (Senior Tracker),Acknowledged by Base
2023-06-07,None,Susa-A,None,Partial View (Dense Vegetation),High (Senior Tracker),Acknowledged by Base
2023-06-07,None,Pablo Group,None,Partial View (Dense Vegetation),High (Senior Tracker),Acknowledged by Base
2023-06-07,CASE-2026-1855,Amahoro,Sustained nasal discharge,Partial View (Dense Vegetation),High (Senior Tracker),Acknowledged by Base
2023-06-09,None,Hirwa,None,Clear View (Full Group),High (Senior Tracker),Acknowledged by Base
2023-06-13,None,Kwitonda,None,Partial View (Dense Vegetation),High (Senior Tracker),Acknowledged by Base
2023-06-15,None,Amahoro,None,Partial View (Dense Vegetation),High (Senior Tracker),Acknowledged by Base
2023-06-16,None,Kwitonda,None,Partial View (Dense Vegetation),High (Senior Tracker),Acknowledged by Base
2023-06-21,None,Kwitonda,None,Partial View (Dense Vegetation),High (Senior Tracker),Acknowledged by Base
2023-06-22,CASE-2026-1856,Susa-A,Mild coughing,Clear View (Full Group),High (Senior Tracker),Sent
2023-06-22,None,Pablo Group,None,Partial View (Dense Vegetation),High (Senior Tracker),Acknowledged by Base
2023-06-23,None,Pablo Group,None,Clear View (Full Group),High (Senior Tracker),Acknowledged by Base
2023-06-25,None,Kwitonda,None,Partial View (Dense Vegetation),High (Senior Tracker),Acknowledged by Base
2023-06-26,None,Pablo Group,None,Clear View (Full Group),High (Senior Tracker),Acknowledged by Base
2023-06-28,None,Amahoro,None,Clear View (Full Group),High (Senior Tracker),Acknowledged by Base
2023-06-29,CASE-2026-1857,Pablo Group,Mild coughing,Clear View (Full Group),Medium,Sent
2023-06-29,None,Hirwa,None,Partial View (Dense Vegetation),High (Senior Tracker),Acknowledged by Base
2023-07-01,None,Kwitonda,None,Partial View (Dense Vegetation),High (Senior Tracker),Acknowledged by Base
2023-07-06,None,Susa-A,None,Clear View (Full Group),High (Senior Tracker),Acknowledged by Base
2023-07-12,None,Kwitonda,None,Partial View (Dense Vegetation),High (Senior Tracker),Acknowledged by Base
2023-07-13,None,Hirwa,None,Clear View (Full Group),High (Senior Tracker),Acknowledged by Base
2023-07-15,CASE-2026-1858,Amahoro,Mild coughing,Clear View (Full Group),High (Senior Tracker),Seen
2023-07-17,CASE-2026-1859,Susa-A,Lethargy,Clear View (Full Group),Low (Poor Conditions),Seen
2023-07-18,None,Amahoro,None,Partial View (Dense Vegetation),High (Senior Tracker),Acknowledged by Base
2023-07-22,None,Susa-A,None,Clear View (Full Group),High (Senior Tracker),Acknowledged by Base
2023-07-22,CASE-2026-1860,Pablo Group,Mild coughing,Partial View (Dense Vegetation),High (Senior Tracker),Seen
2023-07-23,None,Kwitonda,None,Clear View (Full Group),High (Senior Tracker),Acknowledged by Base
2023-07-24,None,Kwitonda,None,Partial View (Dense Vegetation),High (Senior Tracker),Acknowledged by Base
2023-07-26,None,Amahoro,None,Clear View (Full Group),High (Senior Tracker),Acknowledged by Base
2023-07-27,None,Susa-A,None,Clear View (Full Group),High (Senior Tracker),Acknowledged by Base
2023-07-27,None,Kwitonda,None,Partial View (Dense Vegetation),High (Senior Tracker),Acknowledged by Base
2023-08-08,None,Pablo Group,None,Clear View (Full Group),High (Senior Tracker),Acknowledged by Base
2023-08-09,None,Pablo Group,None,Partial View (Dense Vegetation),High (Senior Tracker),Acknowledged by Base
2023-08-10,None,Pablo Group,None,Partial View (Dense Vegetation),High (Senior Tracker),Acknowledged by Base
2023-08-11,None,Susa-A,None,Partial View (Dense Vegetation),High (Senior Tracker),Acknowledged by Base
2023-08-12,None,Susa-A,None,Clear View (Full Group),High (Senior Tracker),Acknowledged by Base
2023-08-12,None,Kwitonda,None,Partial View (Dense Vegetation),High (Senior Tracker),Acknowledged by Base
2023-08-14,None,Kwitonda,None,Partial View (Dense Vegetation),High (Senior Tracker),Acknowledged by Base
2023-08-15,None,Kwitonda,None,Partial View (Dense Vegetation),High (Senior Tracker),Acknowledged by Base
2023-08-17,None,Susa-A,None,Clear View (Full Group),High (Senior Tracker),Acknowledged by Base
2023-08-21,None,Amahoro,None,Partial View (Dense Vegetation),High (Senior Tracker),Acknowledged by Base
2023-08-21,None,Kwitonda,None,Partial View (Dense Vegetation),High (Senior Tracker),Acknowledged by Base
2023-08-24,CASE-2026-1861,Amahoro,Mild coughing,Partial View (Dense Vegetation),Medium,Acknowledged by Base
2023-08-30,None,Susa-A,None,Clear View (Full Group),High (Senior Tracker),Acknowledged by Base
2023-08-30,None,Pablo Group,None,Partial View (Dense Vegetation),High (Senior Tracker),Acknowledged by Base
2023-08-30,None,Kwitonda,None,Partial View (Dense Vegetation),High (Senior Tracker),Acknowledged by Base
2023-08-31,CASE-2026-1862,Amahoro,Sustained nasal discharge,Clear View (Full Group),Medium,Seen
2023-09-03,None,Pablo Group,None,Partial View (Dense Vegetation),High (Senior Tracker),Acknowledged by Base
2023-09-05,None,Amahoro,None,Clear View (Full Group),High (Senior Tracker),Acknowledged by Base
2023-09-05,None,Kwitonda,None,Partial View (Dense Vegetation),High (Senior Tracker),Acknowledged by Base
2023-09-06,CASE-2026-1863,Kwitonda,Mild coughing,Clear View (Full Group),Medium,Acknowledged by Base
2023-09-08,None,Pablo Group,None,Partial View (Dense Vegetation),High (Senior Tracker),Acknowledged by Base
2023-09-08,None,Kwitonda,None,Partial View (Dense Vegetation),High (Senior Tracker),Acknowledged by Base
2023-09-11,None,Susa-A,None,Clear View (Full Group),High (Senior Tracker),Acknowledged by Base
2023-09-13,None,Hirwa,None,Partial View (Dense Vegetation),High (Senior Tracker),Acknowledged by Base
2023-09-14,None,Pablo Group,None,Partial View (Dense Vegetation),High (Senior Tracker),Acknowledged by Base
2023-09-14,None,Kwitonda,None,Partial View (Dense Vegetation),High (Senior Tracker),Acknowledged by Base
2023-09-15,None,Susa-A,None,Partial View (Dense Vegetation),High (Senior Tracker),Acknowledged by Base
2023-09-17,CASE-2026-1864,Pablo Group,Lethargy,Clear View (Full Group),Low (Poor Conditions),Seen
2023-09-19,None,Amahoro,None,Clear View (Full Group),High (Senior Tracker),Acknowledged by Base
2023-09-20,None,Susa-A,None,Partial View (Dense Vegetation),High (Senior Tracker),Acknowledged by Base
2023-09-21,None,Pablo Group,None,Clear View (Full Group),High (Senior Tracker),Acknowledged by Base
2023-09-23,None,Amahoro,None,Partial View (Dense Vegetation),High (Senior Tracker),Acknowledged by Base
2023-09-25,None,Susa-A,None,Partial View (Dense Vegetation),High (Senior Tracker),Acknowledged by Base
2023-09-25,None,Hirwa,None,Partial View (Dense Vegetation),High (Senior Tracker),Acknowledged by Base
2023-09-26,None,Kwitonda,None,Clear View (Full Group),High (Senior Tracker),Acknowledged by Base
2023-09-27,None,Amahoro,None,Partial View (Dense Vegetation),High (Senior Tracker),Acknowledged by Base
2023-09-28,None,Hirwa,None,Clear View (Full Group),High (Senior Tracker),Acknowledged by Base
2023-10-01,None,Pablo Group,None,Clear View (Full Group),High (Senior Tracker),Acknowledged by Base
2023-10-04,None,Amahoro,None,Clear View (Full Group),High (Senior Tracker),Acknowledged by Base
2023-10-05,None,Susa-A,None,Partial View (Dense Vegetation),High (Senior Tracker),Acknowledged by Base
2023-10-05,None,Amahoro,None,Partial View (Dense Vegetation),High (Senior Tracker),Acknowledged by Base
2023-10-06,None,Amahoro,None,Partial View (Dense Vegetation),High (Senior Tracker),Acknowledged by Base
2023-10-09,None,Susa-A,None,Partial View (Dense Vegetation),High (Senior Tracker),Acknowledged by Base
2023-10-12,CASE-2026-1865,Amahoro,Mild coughing,Partial View (Dense Vegetation),High (Senior Tracker),Sent
2023-10-15,CASE-2026-1866,Hirwa,Mild coughing,Obscured (Heavy Rain),Medium,Acknowledged by Base
2023-10-16,None,Susa-A,None,Clear View (Full Group),High (Senior Tracker),Acknowledged by Base
2023-10-17,None,Susa-A,None,Clear View (Full Group),High (Senior Tracker),Acknowledged by Base
2023-10-18,None,Kwitonda,None,Partial View (Dense Vegetation),High (Senior Tracker),Acknowledged by Base
2023-10-18,None,Hirwa,None,Partial View (Dense Vegetation),High (Senior Tracker),Acknowledged by Base
2023-10-19,None,Pablo Group,None,Partial View (Dense Vegetation),High (Senior Tracker),Acknowledged by Base
2023-10-26,CASE-2026-1867,Hirwa,Mild coughing,Partial View (Dense Vegetation),High (Senior Tracker),Seen
2023-10-27,None,Pablo Group,None,Clear View (Full Group),High (Senior Tracker),Acknowledged by Base
2023-10-27,None,Amahoro,None,Partial View (Dense Vegetation),High (Senior Tracker),Acknowledged by Base
2023-10-29,None,Susa-A,None,Partial View (Dense Vegetation),High (Senior Tracker),Acknowledged by Base
2023-10-31,None,Pablo Group,None,Clear View (Full Group),High (Senior Tracker),Acknowledged by Base
2023-11-01,None,Susa-A,None,Clear View (Full Group),High (Senior Tracker),Acknowledged by Base
2023-11-01,None,Amahoro,None,Partial View (Dense Vegetation),High (Senior Tracker),Acknowledged by Base
2023-11-04,None,Kwitonda,None,Partial View (Dense Vegetation),High (Senior Tracker),Acknowledged by Base
2023-11-06,None,Hirwa,None,Clear View (Full Group),High (Senior Tracker),Acknowledged by Base
2023-11-11,None,Susa-A,None,Clear View (Full Group),High (Senior Tracker),Acknowledged by Base
2023-11-12,None,Kwitonda,None,Partial View (Dense Vegetation),High (Senior Tracker),Acknowledged by Base
2023-11-14,None,Kwitonda,None,Partial View (Dense Vegetation),High (Senior Tracker),Acknowledged by Base
2023-11-16,None,Susa-A,None,Clear View (Full Group),High (Senior Tracker),Acknowledged by Base
2023-11-17,CASE-2026-1868,Pablo Group,Mild coughing,Obscured (Heavy Rain),High (Senior Tracker),Sent
2023-11-18,None,Hirwa,None,Clear View (Full Group),High (Senior Tracker),Acknowledged by Base
2023-11-19,None,Susa-A,None,Clear View (Full Group),High (Senior Tracker),Acknowledged by Base
2023-11-20,CASE-2026-1869,Susa-A,Sustained nasal discharge,Partial View (Dense Vegetation),High (Senior Tracker),Acknowledged by Base
2023-11-20,None,Hirwa,None,Partial View (Dense Vegetation),High (Senior Tracker),Acknowledged by Base
2023-11-21,None,Amahoro,None,Clear View (Full Group),High (Senior Tracker),Acknowledged by Base
2023-11-22,None,Susa-A,None,Partial View (Dense Vegetation),High (Senior Tracker),Acknowledged by Base
2023-11-23,CASE-2026-1870,Hirwa,Lethargy,Partial View (Dense Vegetation),High (Senior Tracker),Seen
2023-11-25,None,Hirwa,None,Partial View (Dense Vegetation),High (Senior Tracker),Acknowledged by Base
2023-11-26,None,Hirwa,None,Clear View (Full Group),High (Senior Tracker),Acknowledged by Base
2023-11-27,None,Susa-A,None,Partial View (Dense Vegetation),High (Senior Tracker),Acknowledged by Base
2023-11-27,None,Hirwa,None,Partial View (Dense Vegetation),High (Senior Tracker),Acknowledged by Base
2023-11-28,None,Hirwa,None,Clear View (Full Group),High (Senior Tracker),Acknowledged by Base
2023-12-01,None,Amahoro,None,Partial View (Dense Vegetation),High (Senior Tracker),Acknowledged by Base
2023-12-06,None,Hirwa,None,Partial View (Dense Vegetation),High (Senior Tracker),Acknowledged by Base
2023-12-08,None,Susa-A,None,Partial View (Dense Vegetation),High (Senior Tracker),Acknowledged by Base
2023-12-09,None,Susa-A,None,Partial View (Dense Vegetation),High (Senior Tracker),Acknowledged by Base
2023-12-14,CASE-2026-1871,Susa-A,Mild coughing,Clear View (Full Group),Low (Poor Conditions),Sent
2023-12-14,None,Amahoro,None,Clear View (Full Group),High (Senior Tracker),Acknowledged by Base
2023-12-16,CASE-2026-1872,Amahoro,Mild coughing,Partial View (Dense Vegetation),Medium,Acknowledged by Base
2023-12-17,None,Amahoro,None,Clear View (Full Group),High (Senior Tracker),Acknowledged by Base
2023-12-17,None,Hirwa,None,Clear View (Full Group),High (Senior Tracker),Acknowledged by Base
2023-12-21,None,Kwitonda,None,Partial View (Dense Vegetation),High (Senior Tracker),Acknowledged by Base
2023-12-23,None,Kwitonda,None,Clear View (Full Group),High (Senior Tracker),Acknowledged by Base
2023-12-29,None,Kwitonda,None,Partial View (Dense Vegetation),High (Senior Tracker),Acknowledged by Base
2023-12-29,None,Hirwa,None,Partial View (Dense Vegetation),High (Senior Tracker),Acknowledged by Base
2023-12-31,None,Pablo Group,None,Clear View (Full Group),High (Senior Tracker),Acknowledged by Base
2024-01-01,None,Susa-A,None,Clear View (Full Group),High (Senior Tracker),Acknowledged by Base
2024-01-03,None,Susa-A,None,Clear View (Full Group),High (Senior Tracker),Acknowledged by Base
2024-01-04,None,Kwitonda,None,Clear View (Full Group),High (Senior Tracker),Acknowledged by Base
2024-01-07,None,Kwitonda,None,Partial View (Dense Vegetation),High (Senior Tracker),Acknowledged by Base
2024-01-08,None,Amahoro,None,Clear View (Full Group),High (Senior Tracker),Acknowledged by Base
2024-01-09,CASE-2026-1873,Pablo Group,Mild coughing,Partial View (Dense Vegetation),High (Senior Tracker),Sent
2024-01-10,None,Pablo Group,None,Partial View (Dense Vegetation),High (Senior Tracker),Acknowledged by Base
2024-01-14,CASE-2026-1874,Pablo Group,Sustained nasal discharge,Obscured (Heavy Rain),Medium,Acknowledged by Base
2024-01-14,None,Amahoro,None,Clear View (Full Group),High (Senior Tracker),Acknowledged by Base
2024-01-15,CASE-2026-1875,Hirwa,Mild coughing,Clear View (Full Group),Medium,Sent
2024-01-17,None,Kwitonda,None,Partial View (Dense Vegetation),High (Senior Tracker),Acknowledged by Base
2024-01-18,None,Pablo Group,None,Clear View (Full Group),High (Senior Tracker),Acknowledged by Base
2024-01-21,None,Amahoro,None,Partial View (Dense Vegetation),High (Senior Tracker),Acknowledged by Base
2024-01-22,None,Hirwa,None,Partial View (Dense Vegetation),High (Senior Tracker),Acknowledged by Base
2024-01-24,None,Hirwa,None,Partial View (Dense Vegetation),High (Senior Tracker),Acknowledged by Base
2024-01-25,None,Hirwa,None,Partial View (Dense Vegetation),High (Senior Tracker),Acknowledged by Base
2024-01-26,None,Amahoro,None,Clear View (Full Group),High (Senior Tracker),Acknowledged by Base
2024-01-27,None,Susa-A,None,Clear View (Full Group),High (Senior Tracker),Acknowledged by Base
2024-01-29,None,Hirwa,None,Partial View (Dense Vegetation),High (Senior Tracker),Acknowledged by Base
2024-01-31,None,Pablo Group,None,Partial View (Dense Vegetation),High (Senior Tracker),Acknowledged by Base
2024-01-31,CASE-2026-1876,Kwitonda,Sustained nasal discharge,Partial View (Dense Vegetation),High (Senior Tracker),Acknowledged by Base
2024-02-05,None,Susa-A,None,Partial View (Dense Vegetation),High (Senior Tracker),Acknowledged by Base
2024-02-05,None,Amahoro,None,Partial View (Dense Vegetation),High (Senior Tracker),Acknowledged by Base
2024-02-10,None,Kwitonda,None,Clear View (Full Group),High (Senior Tracker),Acknowledged by Base
2024-02-11,None,Kwitonda,None,Clear View (Full Group),High (Senior Tracker),Acknowledged by Base
2024-02-11,None,Hirwa,None,Clear View (Full Group),High (Senior Tracker),Acknowledged by Base
2024-02-18,None,Hirwa,None,Partial View (Dense Vegetation),High (Senior Tracker),Acknowledged by Base
2024-02-20,None,Amahoro,None,Partial View (Dense Vegetation),High (Senior Tracker),Acknowledged by Base
2024-02-21,None,Hirwa,None,Clear View (Full Group),High (Senior Tracker),Acknowledged by Base
2024-02-22,CASE-2026-1877,Pablo Group,Lethargy,Obscured (Heavy Rain),Low (Poor Conditions),Seen
2024-02-22,CASE-2026-1878,Kwitonda,Mild coughing,Partial View (Dense Vegetation),High (Senior Tracker),Seen
2024-02-22,None,Hirwa,None,Clear View (Full Group),High (Senior Tracker),Acknowledged by Base
2024-02-23,None,Hirwa,None,Clear View (Full Group),High (Senior Tracker),Acknowledged by Base
2024-03-02,None,Susa-A,None,Clear View (Full Group),High (Senior Tracker),Acknowledged by Base
2024-03-03,None,Susa-A,None,Clear View (Full Group),High (Senior Tracker),Acknowledged by Base
2024-03-03,None,Hirwa,None,Clear View (Full Group),High (Senior Tracker),Acknowledged by Base
2024-03-04,None,Hirwa,None,Clear View (Full Group),High (Senior Tracker),Acknowledged by Base
2024-03-06,None,Pablo Group,None,Partial View (Dense Vegetation),High (Senior Tracker),Acknowledged by Base
2024-03-08,None,Kwitonda,None,Clear View (Full Group),High (Senior Tracker),Acknowledged by Base
2024-03-11,None,Kwitonda,None,Clear View (Full Group),High (Senior Tracker),Acknowledged by Base
2024-03-11,None,Hirwa,None,Clear View (Full Group),High (Senior Tracker),Acknowledged by Base
2024-03-15,None,Kwitonda,None,Clear View (Full Group),High (Senior Tracker),Acknowledged by Base
2024-03-15,None,Hirwa,None,Partial View (Dense Vegetation),High (Senior Tracker),Acknowledged by Base
2024-03-17,None,Hirwa,None,Partial View (Dense Vegetation),High (Senior Tracker),Acknowledged by Base
2024-03-18,None,Pablo Group,None,Clear View (Full Group),High (Senior Tracker),Acknowledged by Base
2024-03-18,None,Kwitonda,None,Partial View (Dense Vegetation),High (Senior Tracker),Acknowledged by Base
2024-03-21,None,Kwitonda,None,Clear View (Full Group),High (Senior Tracker),Acknowledged by Base
2024-03-22,None,Susa-A,None,Partial View (Dense Vegetation),High (Senior Tracker),Acknowledged by Base
2024-03-22,None,Pablo Group,None,Clear View (Full Group),High (Senior Tracker),Acknowledged by Base
2024-03-23,None,Pablo Group,None,Partial View (Dense Vegetation),High (Senior Tracker),Acknowledged by Base
2024-03-26,CASE-2026-1879,Pablo Group,Sustained nasal discharge,Partial View (Dense Vegetation),Medium,Sent
2024-03-26,None,Kwitonda,None,Partial View (Dense Vegetation),High (Senior Tracker),Acknowledged by Base
2024-03-31,None,Kwitonda,None,Clear View (Full Group),High (Senior Tracker),Acknowledged by Base
2024-04-01,None,Susa-A,None,Partial View (Dense Vegetation),High (Senior Tracker),Acknowledged by Base
2024-04-02,None,Pablo Group,None,Clear View (Full Group),High (Senior Tracker),Acknowledged by Base
2024-04-04,None,Amahoro,None,Partial View (Dense Vegetation),High (Senior Tracker),Acknowledged by Base
2024-04-05,None,Susa-A,None,Partial View (Dense Vegetation),High (Senior Tracker),Acknowledged by Base
2024-04-05,None,Amahoro,None,Clear View (Full Group),High (Senior Tracker),Acknowledged by Base
2024-04-06,None,Kwitonda,None,Partial View (Dense Vegetation),High (Senior Tracker),Acknowledged by Base
2024-04-08,None,Amahoro,None,Partial View (Dense Vegetation),High (Senior Tracker),Acknowledged by Base
2024-04-10,None,Kwitonda,None,Partial View (Dense Vegetation),High (Senior Tracker),Acknowledged by Base
2024-04-14,CASE-2026-1880,Kwitonda,Mild coughing,Partial View (Dense Vegetation),High (Senior Tracker),Seen
2024-04-15,CASE-2026-1881,Kwitonda,Mild coughing,Clear View (Full Group),High (Senior Tracker),Sent
2024-04-21,None,Pablo Group,None,Clear View (Full Group),High (Senior Tracker),Acknowledged by Base
2024-04-26,None,Susa-A,None,Clear View (Full Group),High (Senior Tracker),Acknowledged by Base
2024-04-26,None,Amahoro,None,Partial View (Dense Vegetation),High (Senior Tracker),Acknowledged by Base
2024-04-26,None,Kwitonda,None,Clear View (Full Group),High (Senior Tracker),Acknowledged by Base
2024-04-30,None,Susa-A,None,Partial View (Dense Vegetation),High (Senior Tracker),Acknowledged by Base
2024-05-03,None,Pablo Group,None,Clear View (Full Group),High (Senior Tracker),Acknowledged by Base
2024-05-04,None,Susa-A,None,Clear View (Full Group),High (Senior Tracker),Acknowledged by Base
2024-05-05,None,Susa-A,None,Clear View (Full Group),High (Senior Tracker),Acknowledged by Base
2024-05-06,None,Amahoro,None,Clear View (Full Group),High (Senior Tracker),Acknowledged by Base
2024-05-09,None,Amahoro,None,Partial View (Dense Vegetation),High (Senior Tracker),Acknowledged by Base
2024-05-12,None,Hirwa,None,Clear View (Full Group),High (Senior Tracker),Acknowledged by Base
2024-05-14,None,Amahoro,None,Partial View (Dense Vegetation),High (Senior Tracker),Acknowledged by Base
2024-05-14,None,Hirwa,None,Partial View (Dense Vegetation),High (Senior Tracker),Acknowledged by Base
2024-05-15,None,Kwitonda,None,Partial View (Dense Vegetation),High (Senior Tracker),Acknowledged by Base
2024-05-16,None,Kwitonda,None,Partial View (Dense Vegetation),High (Senior Tracker),Acknowledged by Base
2024-05-18,None,Amahoro,None,Partial View (Dense Vegetation),High (Senior Tracker),Acknowledged by Base
2024-05-20,CASE-2026-1882,Amahoro,Sustained nasal discharge,Obscured (Heavy Rain),Medium,Acknowledged by Base
2024-05-22,None,Hirwa,None,Partial View (Dense Vegetation),High (Senior Tracker),Acknowledged by Base
2024-05-23,None,Pablo Group,None,Clear View (Full Group),High (Senior Tracker),Acknowledged by Base
2024-05-24,None,Kwitonda,None,Clear View (Full Group),High (Senior Tracker),Acknowledged by Base
2024-05-25,None,Susa-A,None,Clear View (Full Group),High (Senior Tracker),Acknowledged by Base
2024-05-29,None,Kwitonda,None,Partial View (Dense Vegetation),High (Senior Tracker),Acknowledged by Base
2024-06-01,None,Susa-A,None,Partial View (Dense Vegetation),High (Senior Tracker),Acknowledged by Base
2024-06-03,None,Hirwa,None,Partial View (Dense Vegetation),High (Senior Tracker),Acknowledged by Base
2024-06-04,None,Amahoro,None,Clear View (Full Group),High (Senior Tracker),Acknowledged by Base
2024-06-07,CASE-2026-1883,Amahoro,Sustained nasal discharge,Clear View (Full Group),High (Senior Tracker),Acknowledged by Base
2024-06-07,None,Hirwa,None,Clear View (Full Group),High (Senior Tracker),Acknowledged by Base
2024-06-14,None,Amahoro,None,Partial View (Dense Vegetation),High (Senior Tracker),Acknowledged by Base
2024-06-14,None,Hirwa,None,Clear View (Full Group),High (Senior Tracker),Acknowledged by Base
2024-06-15,CASE-2026-1884,Hirwa,Sustained nasal discharge,Clear View (Full Group),High (Senior Tracker),Seen
2024-06-17,None,Susa-A,None,Partial View (Dense Vegetation),High (Senior Tracker),Acknowledged by Base
2024-06-20,None,Hirwa,None,Clear View (Full Group),High (Senior Tracker),Acknowledged by Base
2024-06-22,None,Susa-A,None,Partial View (Dense Vegetation),High (Senior Tracker),Acknowledged by Base
2024-06-23,None,Amahoro,None,Clear View (Full Group),High (Senior Tracker),Acknowledged by Base
2024-06-24,None,Hirwa,None,Clear View (Full Group),High (Senior Tracker),Acknowledged by Base
2024-06-25,None,Susa-A,None,Partial View (Dense Vegetation),High (Senior Tracker),Acknowledged by Base
2024-06-28,None,Pablo Group,None,Clear View (Full Group),High (Senior Tracker),Acknowledged by Base
2024-06-29,CASE-2026-1885,Amahoro,Sustained nasal discharge,Clear View (Full Group),Low (Poor Conditions),Seen
2024-06-29,CASE-2026-1886,Hirwa,Lethargy,Clear View (Full Group),High (Senior Tracker),Seen
2024-07-02,None,Susa-A,None,Partial View (Dense Vegetation),High (Senior Tracker),Acknowledged by Base
2024-07-07,None,Hirwa,None,Partial View (Dense Vegetation),High (Senior Tracker),Acknowledged by Base
2024-07-09,None,Amahoro,None,Clear View (Full Group),High (Senior Tracker),Acknowledged by Base
2024-07-14,None,Amahoro,None,Clear View (Full Group),High (Senior Tracker),Acknowledged by Base
2024-07-15,None,Amahoro,None,Clear View (Full Group),High (Senior Tracker),Acknowledged by Base
2024-07-17,CASE-2026-1887,Pablo Group,Mild coughing,Clear View (Full Group),Low (Poor Conditions),Acknowledged by Base
2024-07-18,None,Susa-A,None,Partial View (Dense Vegetation),High (Senior Tracker),Acknowledged by Base
2024-07-18,None,Kwitonda,None,Clear View (Full Group),High (Senior Tracker),Acknowledged by Base
2024-07-18,None,Hirwa,None,Partial View (Dense Vegetation),High (Senior Tracker),Acknowledged by Base
2024-07-19,None,Pablo Group,None,Clear View (Full Group),High (Senior Tracker),Acknowledged by Base
2024-07-20,None,Susa-A,None,Clear View (Full Group),High (Senior Tracker),Acknowledged by Base
2024-07-20,None,Pablo Group,None,Partial View (Dense Vegetation),High (Senior Tracker),Acknowledged by Base
2024-07-21,None,Kwitonda,None,Partial View (Dense Vegetation),High (Senior Tracker),Acknowledged by Base
2024-07-21,None,Hirwa,None,Clear View (Full Group),High (Senior Tracker),Acknowledged by Base
2024-07-23,None,Pablo Group,None,Clear View (Full Group),High (Senior Tracker),Acknowledged by Base
2024-07-24,CASE-2026-1888,Amahoro,"Heavy coughing, wheezing",Obscured (Heavy Rain),Medium,Acknowledged by Base
2024-07-27,None,Pablo Group,None,Partial View (Dense Vegetation),High (Senior Tracker),Acknowledged by Base
2024-07-29,None,Amahoro,None,Partial View (Dense Vegetation),High (Senior Tracker),Acknowledged by Base
2024-07-29,CASE-2026-1889,Hirwa,Sustained nasal discharge,Partial View (Dense Vegetation),High (Senior Tracker),Sent
2024-07-30,None,Hirwa,None,Partial View (Dense Vegetation),High (Senior Tracker),Acknowledged by Base
2024-07-31,None,Hirwa,None,Partial View (Dense Vegetation),High (Senior Tracker),Acknowledged by Base
2024-08-03,None,Pablo Group,None,Clear View (Full Group),High (Senior Tracker),Acknowledged by Base
2024-08-05,None,Susa-A,None,Partial View (Dense Vegetation),High (Senior Tracker),Acknowledged by Base
2024-08-08,None,Amahoro,None,Clear View (Full Group),High (Senior Tracker),Acknowledged by Base
2024-08-09,None,Amahoro,None,Clear View (Full Group),High (Senior Tracker),Acknowledged by Base
2024-08-09,None,Kwitonda,None,Partial View (Dense Vegetation),High (Senior Tracker),Acknowledged by Base
2024-08-10,None,Susa-A,None,Partial View (Dense Vegetation),High (Senior Tracker),Acknowledged by Base
2024-08-10,CASE-2026-1890,Kwitonda,Mild coughing,Obscured (Heavy Rain),High (Senior Tracker),Seen
2024-08-10,None,Hirwa,None,Clear View (Full Group),High (Senior Tracker),Acknowledged by Base
2024-08-11,None,Kwitonda,None,Partial View (Dense Vegetation),High (Senior Tracker),Acknowledged by Base
2024-08-13,None,Kwitonda,None,Partial View (Dense Vegetation),High (Senior Tracker),Acknowledged by Base
2024-08-18,None,Amahoro,None,Clear View (Full Group),High (Senior Tracker),Acknowledged by Base
2024-08-20,CASE-2026-1891,Pablo Group,Mild coughing,Partial View (Dense Vegetation),High (Senior Tracker),Acknowledged by Base
2024-08-20,None,Hirwa,None,Partial View (Dense Vegetation),High (Senior Tracker),Acknowledged by Base
2024-08-23,None,Amahoro,None,Partial View (Dense Vegetation),High (Senior Tracker),Acknowledged by Base
2024-08-26,None,Susa-A,None,Clear View (Full Group),High (Senior Tracker),Acknowledged by Base
2024-08-30,None,Susa-A,None,Partial View (Dense Vegetation),High (Senior Tracker),Acknowledged by Base
2024-09-06,None,Hirwa,None,Partial View (Dense Vegetation),High (Senior Tracker),Acknowledged by Base
2024-09-07,CASE-2026-1892,Susa-A,Sustained nasal discharge,Clear View (Full Group),Medium,Sent
2024-09-07,CASE-2026-1893,Hirwa,"Heavy coughing, wheezing",Obscured (Heavy Rain),High (Senior Tracker),Sent
2024-09-08,None,Pablo Group,None,Clear View (Full Group),High (Senior Tracker),Acknowledged by Base
2024-09-08,None,Hirwa,None,Partial View (Dense Vegetation),High (Senior Tracker),Acknowledged by Base
2024-09-09,None,Susa-A,None,Partial View (Dense Vegetation),High (Senior Tracker),Acknowledged by Base
2024-09-10,CASE-2026-1894,Susa-A,Mild coughing,Partial View (Dense Vegetation),High (Senior Tracker),Sent
2024-09-11,None,Amahoro,None,Clear View (Full Group),High (Senior Tracker),Acknowledged by Base
2024-09-11,None,Hirwa,None,Clear View (Full Group),High (Senior Tracker),Acknowledged by Base
2024-09-12,None,Amahoro,None,Clear View (Full Group),High (Senior Tracker),Acknowledged by Base
2024-09-20,CASE-2026-1895,Pablo Group,Sustained nasal discharge,Clear View (Full Group),Medium,Sent
2024-09-27,None,Kwitonda,None,Clear View (Full Group),High (Senior Tracker),Acknowledged by Base
2024-09-29,None,Pablo Group,None,Partial View (Dense Vegetation),High (Senior Tracker),Acknowledged by Base
2024-09-29,None,Kwitonda,None,Partial View (Dense Vegetation),High (Senior Tracker),Acknowledged by Base
2024-10-02,CASE-2026-1896,Kwitonda,Mild coughing,Clear View (Full Group),High (Senior Tracker),Acknowledged by Base
2024-10-03,None,Hirwa,None,Clear View (Full Group),High (Senior Tracker),Acknowledged by Base
2024-10-04,None,Kwitonda,None,Partial View (Dense Vegetation),High (Senior Tracker),Acknowledged by Base
2024-10-07,None,Kwitonda,None,Partial View (Dense Vegetation),High (Senior Tracker),Acknowledged by Base
2024-10-08,None,Susa-A,None,Partial View (Dense Vegetation),High (Senior Tracker),Acknowledged by Base
2024-10-10,None,Kwitonda,None,Clear View (Full Group),High (Senior Tracker),Acknowledged by Base
2024-10-15,None,Pablo Group,None,Clear View (Full Group),High (Senior Tracker),Acknowledged by Base
2024-10-17,None,Pablo Group,None,Partial View (Dense Vegetation),High (Senior Tracker),Acknowledged by Base
2024-10-17,None,Hirwa,None,Clear View (Full Group),High (Senior Tracker),Acknowledged by Base
2024-10-19,None,Kwitonda,None,Partial View (Dense Vegetation),High (Senior Tracker),Acknowledged by Base
2024-10-21,None,Susa-A,None,Partial View (Dense Vegetation),High (Senior Tracker),Acknowledged by Base
2024-10-24,None,Hirwa,None,Partial View (Dense Vegetation),High (Senior Tracker),Acknowledged by Base
2024-10-29,None,Kwitonda,None,Partial View (Dense Vegetation),High (Senior Tracker),Acknowledged by Base
2024-10-30,None,Pablo Group,None,Partial View (Dense Vegetation),High (Senior Tracker),Acknowledged by Base
2024-10-31,CASE-2026-1897,Susa-A,Mild coughing,Clear View (Full Group),Low (Poor Conditions),Sent
2024-11-01,None,Amahoro,None,Partial View (Dense Vegetation),High (Senior Tracker),Acknowledged by Base
2024-11-02,None,Amahoro,None,Partial View (Dense Vegetation),High (Senior Tracker),Acknowledged by Base
2024-11-04,CASE-2026-1898,Pablo Group,Mild coughing,Obscured (Heavy Rain),Low (Poor Conditions),Acknowledged by Base
2024-11-05,None,Kwitonda,None,Clear View (Full Group),High (Senior Tracker),Acknowledged by Base
2024-11-08,None,Susa-A,None,Clear View (Full Group),High (Senior Tracker),Acknowledged by Base
2024-11-08,None,Pablo Group,None,Partial View (Dense Vegetation),High (Senior Tracker),Acknowledged by Base
2024-11-11,CASE-2026-1899,Susa-A,Lethargy,Obscured (Heavy Rain),Low (Poor Conditions),Seen
2024-11-12,None,Susa-A,None,Partial View (Dense Vegetation),High (Senior Tracker),Acknowledged by Base
2024-11-12,None,Amahoro,None,Partial View (Dense Vegetation),High (Senior Tracker),Acknowledged by Base
2024-11-13,None,Kwitonda,None,Partial View (Dense Vegetation),High (Senior Tracker),Acknowledged by Base
2024-11-16,None,Pablo Group,None,Partial View (Dense Vegetation),High (Senior Tracker),Acknowledged by Base
2024-11-16,None,Kwitonda,None,Clear View (Full Group),High (Senior Tracker),Acknowledged by Base
2024-11-20,CASE-2026-1900,Hirwa,Sustained nasal discharge,Clear View (Full Group),Low (Poor Conditions),Acknowledged by Base
2024-11-21,None,Amahoro,None,Clear View (Full Group),High (Senior Tracker),Acknowledged by Base
2024-11-22,None,Hirwa,None,Clear View (Full Group),High (Senior Tracker),Acknowledged by Base
2024-11-26,CASE-2026-1901,Kwitonda,Sustained nasal discharge,Clear View (Full Group),High (Senior Tracker),Seen
2024-11-26,None,Hirwa,None,Clear View (Full Group),High (Senior Tracker),Acknowledged by Base
2024-11-28,CASE-2026-1902,Susa-A,Mild coughing,Obscured (Heavy Rain),High (Senior Tracker),Seen
2024-12-01,None,Amahoro,None,Partial View (Dense Vegetation),High (Senior Tracker),Acknowledged by Base
2024-12-02,None,Kwitonda,None,Clear View (Full Group),High (Senior Tracker),Acknowledged by Base
2024-12-03,None,Kwitonda,None,Partial View (Dense Vegetation),High (Senior Tracker),Acknowledged by Base
2024-12-05,None,Susa-A,None,Partial View (Dense Vegetation),High (Senior Tracker),Acknowledged by Base
2024-12-06,None,Pablo Group,None,Clear View (Full Group),High (Senior Tracker),Acknowledged by Base
2024-12-07,None,Susa-A,None,Clear View (Full Group),High (Senior Tracker),Acknowledged by Base
2024-12-07,CASE-2026-1903,Amahoro,Lethargy,Partial View (Dense Vegetation),High (Senior Tracker),Acknowledged by Base
2024-12-07,None,Kwitonda,None,Clear View (Full Group),High (Senior Tracker),Acknowledged by Base
2024-12-08,None,Susa-A,None,Clear View (Full Group),High (Senior Tracker),Acknowledged by Base
2024-12-08,None,Pablo Group,None,Partial View (Dense Vegetation),High (Senior Tracker),Acknowledged by Base
2024-12-09,None,Amahoro,None,Clear View (Full Group),High (Senior Tracker),Acknowledged by Base
2024-12-11,None,Susa-A,None,Partial View (Dense Vegetation),High (Senior Tracker),Acknowledged by Base
2024-12-12,None,Amahoro,None,Partial View (Dense Vegetation),High (Senior Tracker),Acknowledged by Base
2024-12-14,None,Amahoro,None,Partial View (Dense Vegetation),High (Senior Tracker),Acknowledged by Base
2024-12-15,None,Amahoro,None,Clear View (Full Group),High (Senior Tracker),Acknowledged by Base
2024-12-17,None,Kwitonda,None,Clear View (Full Group),High (Senior Tracker),Acknowledged by Base
2024-12-19,None,Amahoro,None,Clear View (Full Group),High (Senior Tracker),Acknowledged by Base
2024-12-19,None,Kwitonda,None,Partial View (Dense Vegetation),High (Senior Tracker),Acknowledged by Base
2024-12-20,CASE-2026-1904,Pablo Group,Sustained nasal discharge,Clear View (Full Group),High (Senior Tracker),Seen
2024-12-22,None,Pablo Group,None,Partial View (Dense Vegetation),High (Senior Tracker),Acknowledged by Base
2024-12-22,None,Hirwa,None,Clear View (Full Group),High (Senior Tracker),Acknowledged by Base
2024-12-25,None,Susa-A,None,Clear View (Full Group),High (Senior Tracker),Acknowledged by Base
2024-12-25,None,Pablo Group,None,Clear View (Full Group),High (Senior Tracker),Acknowledged by Base
2024-12-26,CASE-2026-1905,Susa-A,Mild coughing,Partial View (Dense Vegetation),Medium,Acknowledged by Base
2024-12-27,CASE-2026-1906,Amahoro,Sustained nasal discharge,Partial View (Dense Vegetation),High (Senior Tracker),Sent
2024-12-28,None,Amahoro,None,Partial View (Dense Vegetation),High (Senior Tracker),Acknowledged by Base
2024-12-29,None,Kwitonda,None,Partial View (Dense Vegetation),High (Senior Tracker),Acknowledged by Base
2024-12-30,None,Pablo Group,None,Clear View (Full Group),High (Senior Tracker),Acknowledged by Base
2024-12-30,CASE-2026-1907,Hirwa,Mild coughing,Partial View (Dense Vegetation),High (Senior Tracker),Seen
2025-01-01,None,Susa-A,None,Clear View (Full Group),High (Senior Tracker),Acknowledged by Base
2025-01-03,None,Susa-A,None,Clear View (Full Group),High (Senior Tracker),Acknowledged by Base
2025-01-06,None,Hirwa,None,Partial View (Dense Vegetation),High (Senior Tracker),Acknowledged by Base
2025-01-07,None,Amahoro,None,Clear View (Full Group),High (Senior Tracker),Acknowledged by Base
2025-01-07,None,Hirwa,None,Partial View (Dense Vegetation),High (Senior Tracker),Acknowledged by Base
2025-01-10,None,Kwitonda,None,Clear View (Full Group),High (Senior Tracker),Acknowledged by Base
2025-01-10,None,Hirwa,None,Partial View (Dense Vegetation),High (Senior Tracker),Acknowledged by Base
2025-01-13,None,Pablo Group,None,Partial View (Dense Vegetation),High (Senior Tracker),Acknowledged by Base
2025-01-14,None,Pablo Group,None,Partial View (Dense Vegetation),High (Senior Tracker),Acknowledged by Base
2025-01-23,CASE-2026-1908,Hirwa,Sustained nasal discharge,Obscured (Heavy Rain),High (Senior Tracker),Acknowledged by Base
2025-01-24,None,Pablo Group,None,Partial View (Dense Vegetation),High (Senior Tracker),Acknowledged by Base
2025-01-25,None,Kwitonda,None,Partial View (Dense Vegetation),High (Senior Tracker),Acknowledged by Base
2025-01-26,None,Amahoro,None,Partial View (Dense Vegetation),High (Senior Tracker),Acknowledged by Base
2025-01-29,None,Pablo Group,None,Partial View (Dense Vegetation),High (Senior Tracker),Acknowledged by Base
2025-01-29,None,Amahoro,None,Clear View (Full Group),High (Senior Tracker),Acknowledged by Base
2025-02-02,None,Susa-A,None,Partial View (Dense Vegetation),High (Senior Tracker),Acknowledged by Base
2025-02-03,None,Susa-A,None,Clear View (Full Group),High (Senior Tracker),Acknowledged by Base
2025-02-03,None,Pablo Group,None,Partial View (Dense Vegetation),High (Senior Tracker),Acknowledged by Base
2025-02-03,None,Kwitonda,None,Clear View (Full Group),High (Senior Tracker),Acknowledged by Base
2025-02-04,CASE-2026-1909,Pablo Group,Mild coughing,Clear View (Full Group),High (Senior Tracker),Acknowledged by Base
2025-02-06,None,Pablo Group,None,Clear View (Full Group),High (Senior Tracker),Acknowledged by Base
2025-02-06,None,Kwitonda,None,Clear View (Full Group),High (Senior Tracker),Acknowledged by Base
2025-02-09,None,Kwitonda,None,Partial View (Dense Vegetation),High (Senior Tracker),Acknowledged by Base
2025-02-10,None,Susa-A,None,Partial View (Dense Vegetation),High (Senior Tracker),Acknowledged by Base
2025-02-11,None,Pablo Group,None,Partial View (Dense Vegetation),High (Senior Tracker),Acknowledged by Base
2025-02-11,None,Kwitonda,None,Clear View (Full Group),High (Senior Tracker),Acknowledged by Base
2025-02-12,None,Susa-A,None,Partial View (Dense Vegetation),High (Senior Tracker),Acknowledged by Base
2025-02-16,None,Susa-A,None,Clear View (Full Group),High (Senior Tracker),Acknowledged by Base
2025-02-17,CASE-2026-1910,Susa-A,Lethargy,Clear View (Full Group),Low (Poor Conditions),Sent
2025-02-17,None,Pablo Group,None,Partial View (Dense Vegetation),High (Senior Tracker),Acknowledged by Base
2025-02-21,None,Pablo Group,None,Clear View (Full Group),High (Senior Tracker),Acknowledged by Base
2025-02-21,None,Kwitonda,None,Clear View (Full Group),High (Senior Tracker),Acknowledged by Base
2025-02-22,None,Susa-A,None,Partial View (Dense Vegetation),High (Senior Tracker),Acknowledged by Base
2025-02-28,None,Pablo Group,None,Partial View (Dense Vegetation),High (Senior Tracker),Acknowledged by Base
2025-03-01,None,Susa-A,None,Clear View (Full Group),High (Senior Tracker),Acknowledged by Base
2025-03-01,None,Amahoro,None,Partial View (Dense Vegetation),High (Senior Tracker),Acknowledged by Base
2025-03-01,None,Kwitonda,None,Partial View (Dense Vegetation),High (Senior Tracker),Acknowledged by Base
2025-03-01,None,Hirwa,None,Clear View (Full Group),High (Senior Tracker),Acknowledged by Base
2025-03-03,None,Hirwa,None,Partial View (Dense Vegetation),High (Senior Tracker),Acknowledged by Base
2025-03-04,None,Pablo Group,None,Partial View (Dense Vegetation),High (Senior Tracker),Acknowledged by Base
2025-03-06,None,Susa-A,None,Clear View (Full Group),High (Senior Tracker),Acknowledged by Base
2025-03-06,None,Pablo Group,None,Partial View (Dense Vegetation),High (Senior Tracker),Acknowledged by Base
2025-03-06,None,Hirwa,None,Clear View (Full Group),High (Senior Tracker),Acknowledged by Base
2025-03-08,None,Pablo Group,None,Partial View (Dense Vegetation),High (Senior Tracker),Acknowledged by Base
2025-03-11,None,Pablo Group,None,Clear View (Full Group),High (Senior Tracker),Acknowledged by Base
2025-03-13,None,Amahoro,None,Clear View (Full Group),High (Senior Tracker),Acknowledged by Base
2025-03-15,CASE-2026-1911,Susa-A,Mild coughing,Partial View (Dense Vegetation),Medium,Sent
2025-03-16,None,Susa-A,None,Partial View (Dense Vegetation),High (Senior Tracker),Acknowledged by Base
2025-03-18,None,Susa-A,None,Clear View (Full Group),High (Senior Tracker),Acknowledged by Base
2025-03-19,None,Amahoro,None,Clear View (Full Group),High (Senior Tracker),Acknowledged by Base
2025-03-22,None,Kwitonda,None,Partial View (Dense Vegetation),High (Senior Tracker),Acknowledged by Base
2025-03-25,None,Hirwa,None,Partial View (Dense Vegetation),High (Senior Tracker),Acknowledged by Base
2025-03-26,None,Hirwa,None,Partial View (Dense Vegetation),High (Senior Tracker),Acknowledged by Base
2025-03-27,None,Susa-A,None,Clear View (Full Group),High (Senior Tracker),Acknowledged by Base
2025-03-27,None,Kwitonda,None,Partial View (Dense Vegetation),High (Senior Tracker),Acknowledged by Base
2025-03-29,None,Hirwa,None,Partial View (Dense Vegetation),High (Senior Tracker),Acknowledged by Base
2025-04-02,None,Pablo Group,None,Partial View (Dense Vegetation),High (Senior Tracker),Acknowledged by Base
2025-04-03,None,Hirwa,None,Partial View (Dense Vegetation),High (Senior Tracker),Acknowledged by Base
2025-04-05,None,Kwitonda,None,Partial View (Dense Vegetation),High (Senior Tracker),Acknowledged by Base
2025-04-07,None,Amahoro,None,Partial View (Dense Vegetation),High (Senior Tracker),Acknowledged by Base
2025-04-08,None,Amahoro,None,Clear View (Full Group),High (Senior Tracker),Acknowledged by Base
2025-04-11,None,Susa-A,None,Clear View (Full Group),High (Senior Tracker),Acknowledged by Base
2025-04-11,None,Amahoro,None,Partial View (Dense Vegetation),High (Senior Tracker),Acknowledged by Base
2025-04-12,None,Kwitonda,None,Clear View (Full Group),High (Senior Tracker),Acknowledged by Base
2025-04-14,None,Kwitonda,None,Clear View (Full Group),High (Senior Tracker),Acknowledged by Base
2025-04-16,None,Kwitonda,None,Partial View (Dense Vegetation),High (Senior Tracker),Acknowledged by Base
2025-04-17,None,Hirwa,None,Clear View (Full Group),High (Senior Tracker),Acknowledged by Base
2025-04-21,CASE-2026-1912,Kwitonda,Mild coughing,Partial View (Dense Vegetation),High (Senior Tracker),Seen
2025-04-22,CASE-2026-1913,Amahoro,Lethargy,Clear View (Full Group),Medium,Sent
2025-04-22,None,Kwitonda,None,Clear View (Full Group),High (Senior Tracker),Acknowledged by Base
2025-05-01,None,Hirwa,None,Clear View (Full Group),High (Senior Tracker),Acknowledged by Base
2025-05-02,None,Susa-A,None,Partial View (Dense Vegetation),High (Senior Tracker),Acknowledged by Base
2025-05-03,CASE-2026-1914,Susa-A,Mild coughing,Clear View (Full Group),High (Senior Tracker),Seen
2025-05-03,None,Kwitonda,None,Partial View (Dense Vegetation),High (Senior Tracker),Acknowledged by Base
2025-05-03,None,Hirwa,None,Clear View (Full Group),High (Senior Tracker),Acknowledged by Base
2025-05-04,None,Pablo Group,None,Clear View (Full Group),High (Senior Tracker),Acknowledged by Base
2025-05-06,None,Amahoro,None,Partial View (Dense Vegetation),High (Senior Tracker),Acknowledged by Base
2025-05-07,None,Amahoro,None,Partial View (Dense Vegetation),High (Senior Tracker),Acknowledged by Base
2025-05-10,None,Susa-A,None,Clear View (Full Group),High (Senior Tracker),Acknowledged by Base
2025-05-12,None,Kwitonda,None,Clear View (Full Group),High (Senior Tracker),Acknowledged by Base
2025-05-16,CASE-2026-1915,Susa-A,Mild coughing,Clear View (Full Group),High (Senior Tracker),Acknowledged by Base
2025-05-18,None,Hirwa,None,Clear View (Full Group),High (Senior Tracker),Acknowledged by Base
2025-05-20,None,Amahoro,None,Clear View (Full Group),High (Senior Tracker),Acknowledged by Base
2025-05-22,None,Amahoro,None,Clear View (Full Group),High (Senior Tracker),Acknowledged by Base
2025-05-26,None,Amahoro,None,Clear View (Full Group),High (Senior Tracker),Acknowledged by Base
2025-05-27,CASE-2026-1916,Susa-A,Mild coughing,Clear View (Full Group),Low (Poor Conditions),Acknowledged by Base
2025-05-27,None,Pablo Group,None,Partial View (Dense Vegetation),High (Senior Tracker),Acknowledged by Base
2025-05-31,None,Pablo Group,None,Clear View (Full Group),High (Senior Tracker),Acknowledged by Base
2025-06-03,None,Susa-A,None,Clear View (Full Group),High (Senior Tracker),Acknowledged by Base
2025-06-04,None,Susa-A,None,Clear View (Full Group),High (Senior Tracker),Acknowledged by Base
2025-06-04,None,Pablo Group,None,Clear View (Full Group),High (Senior Tracker),Acknowledged by Base
2025-06-04,None,Hirwa,None,Clear View (Full Group),High (Senior Tracker),Acknowledged by Base
2025-06-05,CASE-2026-1917,Susa-A,Sustained nasal discharge,Clear View (Full Group),Low (Poor Conditions),Seen
2025-06-05,None,Pablo Group,None,Clear View (Full Group),High (Senior Tracker),Acknowledged by Base
2025-06-05,None,Kwitonda,None,Clear View (Full Group),High (Senior Tracker),Acknowledged by Base
2025-06-07,CASE-2026-1918,Hirwa,Sustained nasal discharge,Partial View (Dense Vegetation),High (Senior Tracker),Seen
2025-06-08,None,Amahoro,None,Clear View (Full Group),High (Senior Tracker),Acknowledged by Base
2025-06-09,CASE-2026-1919,Kwitonda,Mild coughing,Obscured (Heavy Rain),Low (Poor Conditions),Seen
2025-06-12,None,Pablo Group,None,Partial View (Dense Vegetation),High (Senior Tracker),Acknowledged by Base
2025-06-13,None,Amahoro,None,Clear View (Full Group),High (Senior Tracker),Acknowledged by Base
2025-06-14,None,Susa-A,None,Clear View (Full Group),High (Senior Tracker),Acknowledged by Base
2025-06-14,CASE-2026-1920,Amahoro,Mild coughing,Partial View (Dense Vegetation),Medium,Seen
2025-06-16,CASE-2026-1921,Hirwa,Sustained nasal discharge,Obscured (Heavy Rain),Low (Poor Conditions),Acknowledged by Base
2025-06-17,CASE-2026-1922,Kwitonda,Sustained nasal discharge,Clear View (Full Group),Medium,Sent
2025-06-18,None,Pablo Group,None,Partial View (Dense Vegetation),High (Senior Tracker),Acknowledged by Base
2025-06-20,CASE-2026-1923,Pablo Group,Mild coughing,Obscured (Heavy Rain),Medium,Seen
2025-06-23,None,Susa-A,None,Clear View (Full Group),High (Senior Tracker),Acknowledged by Base
2025-06-23,None,Kwitonda,None,Clear View (Full Group),High (Senior Tracker),Acknowledged by Base
2025-06-24,None,Amahoro,None,Partial View (Dense Vegetation),High (Senior Tracker),Acknowledged by Base
2025-06-25,CASE-2026-1924,Kwitonda,Mild coughing,Obscured (Heavy Rain),Low (Poor Conditions),Sent
2025-06-26,None,Pablo Group,None,Partial View (Dense Vegetation),High (Senior Tracker),Acknowledged by Base
2025-06-27,CASE-2026-1925,Kwitonda,Lethargy,Clear View (Full Group),Medium,Acknowledged by Base
2025-06-30,CASE-2026-1926,Susa-A,"Heavy coughing, wheezing",Clear View (Full Group),High (Senior Tracker),Acknowledged by Base
2025-07-01,CASE-2026-1927,Pablo Group,"Heavy coughing, wheezing",Partial View (Dense Vegetation),High (Senior Tracker),Sent
2025-07-02,None,Amahoro,None,Partial View (Dense Vegetation),High (Senior Tracker),Acknowledged by Base
2025-07-03,None,Kwitonda,None,Clear View (Full Group),High (Senior Tracker),Acknowledged by Base
2025-07-04,None,Hirwa,None,Clear View (Full Group),High (Senior Tracker),Acknowledged by Base
2025-07-05,None,Susa-A,None,Partial View (Dense Vegetation),High (Senior Tracker),Acknowledged by Base
2025-07-06,None,Kwitonda,None,Clear View (Full Group),High (Senior Tracker),Acknowledged by Base
2025-07-10,None,Pablo Group,None,Partial View (Dense Vegetation),High (Senior Tracker),Acknowledged by Base
2025-07-10,None,Amahoro,None,Clear View (Full Group),High (Senior Tracker),Acknowledged by Base
2025-07-13,None,Kwitonda,None,Partial View (Dense Vegetation),High (Senior Tracker),Acknowledged by Base
2025-07-21,None,Susa-A,None,Partial View (Dense Vegetation),High (Senior Tracker),Acknowledged by Base
2025-07-21,None,Hirwa,None,Clear View (Full Group),High (Senior Tracker),Acknowledged by Base
2025-07-22,None,Pablo Group,None,Partial View (Dense Vegetation),High (Senior Tracker),Acknowledged by Base
2025-07-22,None,Kwitonda,None,Clear View (Full Group),High (Senior Tracker),Acknowledged by Base
2025-07-23,CASE-2026-1928,Pablo Group,Mild coughing,Clear View (Full Group),Medium,Acknowledged by Base
2025-07-24,None,Amahoro,None,Partial View (Dense Vegetation),High (Senior Tracker),Acknowledged by Base
2025-07-24,CASE-2026-1929,Hirwa,Sustained nasal discharge,Clear View (Full Group),High (Senior Tracker),Seen
2025-07-25,None,Pablo Group,None,Clear View (Full Group),High (Senior Tracker),Acknowledged by Base
2025-07-26,None,Amahoro,None,Clear View (Full Group),High (Senior Tracker),Acknowledged by Base
2025-07-27,None,Pablo Group,None,Partial View (Dense Vegetation),High (Senior Tracker),Acknowledged by Base
2025-07-28,None,Susa-A,None,Clear View (Full Group),High (Senior Tracker),Acknowledged by Base
2025-07-30,None,Susa-A,None,Clear View (Full Group),High (Senior Tracker),Acknowledged by Base
2025-07-30,None,Pablo Group,None,Partial View (Dense Vegetation),High (Senior Tracker),Acknowledged by Base
2025-07-31,CASE-2026-1930,Hirwa,Mild coughing,Clear View (Full Group),High (Senior Tracker),Acknowledged by Base
2025-08-06,None,Pablo Group,None,Partial View (Dense Vegetation),High (Senior Tracker),Acknowledged by Base
2025-08-11,None,Kwitonda,None,Clear View (Full Group),High (Senior Tracker),Acknowledged by Base
2025-08-12,None,Susa-A,None,Clear View (Full Group),High (Senior Tracker),Acknowledged by Base
2025-08-12,CASE-2026-1931,Pablo Group,"Heavy coughing, wheezing",Clear View (Full Group),Medium,Seen
2025-08-13,CASE-2026-1932,Amahoro,Mild coughing,Clear View (Full Group),High (Senior Tracker),Seen
2025-08-14,None,Hirwa,None,Clear View (Full Group),High (Senior Tracker),Acknowledged by Base
2025-08-19,None,Susa-A,None,Partial View (Dense Vegetation),High (Senior Tracker),Acknowledged by Base
2025-08-21,None,Kwitonda,None,Clear View (Full Group),High (Senior Tracker),Acknowledged by Base
2025-08-22,CASE-2026-1933,Amahoro,Mild coughing,Obscured (Heavy Rain),High (Senior Tracker),Seen
2025-08-23,None,Amahoro,None,Partial View (Dense Vegetation),High (Senior Tracker),Acknowledged by Base
2025-08-24,None,Pablo Group,None,Partial View (Dense Vegetation),High (Senior Tracker),Acknowledged by Base
2025-08-27,None,Hirwa,None,Clear View (Full Group),High (Senior Tracker),Acknowledged by Base
2025-08-30,None,Kwitonda,None,Partial View (Dense Vegetation),High (Senior Tracker),Acknowledged by Base
2025-08-31,None,Susa-A,None,Clear View (Full Group),High (Senior Tracker),Acknowledged by Base
2025-08-31,None,Hirwa,None,Partial View (Dense Vegetation),High (Senior Tracker),Acknowledged by Base
2025-09-04,None,Susa-A,None,Clear View (Full Group),High (Senior Tracker),Acknowledged by Base
2025-09-04,None,Pablo Group,None,Clear View (Full Group),High (Senior Tracker),Acknowledged by Base
2025-09-06,None,Susa-A,None,Clear View (Full Group),High (Senior Tracker),Acknowledged by Base
2025-09-06,None,Pablo Group,None,Clear View (Full Group),High (Senior Tracker),Acknowledged by Base
2025-09-10,None,Hirwa,None,Partial View (Dense Vegetation),High (Senior Tracker),Acknowledged by Base
2025-09-11,CASE-2026-1934,Kwitonda,Mild coughing,Clear View (Full Group),High (Senior Tracker),Seen
2025-09-13,None,Amahoro,None,Clear View (Full Group),High (Senior Tracker),Acknowledged by Base
2025-09-14,None,Kwitonda,None,Clear View (Full Group),High (Senior Tracker),Acknowledged by Base
2025-09-17,None,Kwitonda,None,Partial View (Dense Vegetation),High (Senior Tracker),Acknowledged by Base
2025-09-17,None,Hirwa,None,Clear View (Full Group),High (Senior Tracker),Acknowledged by Base
2025-09-20,None,Pablo Group,None,Clear View (Full Group),High (Senior Tracker),Acknowledged by Base
2025-09-20,CASE-2026-1935,Kwitonda,Sustained nasal discharge,Obscured (Heavy Rain),High (Senior Tracker),Sent
2025-09-22,None,Kwitonda,None,Partial View (Dense Vegetation),High (Senior Tracker),Acknowledged by Base
2025-09-23,None,Kwitonda,None,Clear View (Full Group),High (Senior Tracker),Acknowledged by Base
2025-09-23,None,Hirwa,None,Clear View (Full Group),High (Senior Tracker),Acknowledged by Base
2025-09-24,None,Amahoro,None,Partial View (Dense Vegetation),High (Senior Tracker),Acknowledged by Base
2025-09-24,None,Hirwa,None,Partial View (Dense Vegetation),High (Senior Tracker),Acknowledged by Base
2025-09-27,None,Amahoro,None,Clear View (Full Group),High (Senior Tracker),Acknowledged by Base
2025-09-27,None,Hirwa,None,Clear View (Full Group),High (Senior Tracker),Acknowledged by Base
2025-09-28,None,Kwitonda,None,Partial View (Dense Vegetation),High (Senior Tracker),Acknowledged by Base
2025-09-30,CASE-2026-1936,Susa-A,Mild coughing,Obscured (Heavy Rain),Low (Poor Conditions),Acknowledged by Base
2025-09-30,None,Kwitonda,None,Clear View (Full Group),High (Senior Tracker),Acknowledged by Base
2025-09-30,None,Hirwa,None,Partial View (Dense Vegetation),High (Senior Tracker),Acknowledged by Base
2025-10-01,None,Pablo Group,None,Clear View (Full Group),High (Senior Tracker),Acknowledged by Base
2025-10-02,CASE-2026-1937,Amahoro,Lethargy,Partial View (Dense Vegetation),Low (Poor Conditions),Seen
2025-10-03,None,Amahoro,None,Partial View (Dense Vegetation),High (Senior Tracker),Acknowledged by Base
2025-10-05,None,Pablo Group,None,Partial View (Dense Vegetation),High (Senior Tracker),Acknowledged by Base
2025-10-07,None,Pablo Group,None,Partial View (Dense Vegetation),High (Senior Tracker),Acknowledged by Base
2025-10-08,None,Susa-A,None,Partial View (Dense Vegetation),High (Senior Tracker),Acknowledged by Base
2025-10-11,None,Susa-A,None,Clear View (Full Group),High (Senior Tracker),Acknowledged by Base
2025-10-11,None,Pablo Group,None,Clear View (Full Group),High (Senior Tracker),Acknowledged by Base
2025-10-11,None,Hirwa,None,Partial View (Dense Vegetation),High (Senior Tracker),Acknowledged by Base
2025-10-12,None,Kwitonda,None,Partial View (Dense Vegetation),High (Senior Tracker),Acknowledged by Base
2025-10-18,None,Kwitonda,None,Partial View (Dense Vegetation),High (Senior Tracker),Acknowledged by Base
2025-10-21,None,Pablo Group,None,Clear View (Full Group),High (Senior Tracker),Acknowledged by Base
2025-10-21,CASE-2026-1938,Kwitonda,Mild coughing,Clear View (Full Group),Medium,Seen
2025-10-22,CASE-2026-1939,Hirwa,Sustained nasal discharge,Partial View (Dense Vegetation),High (Senior Tracker),Seen
2025-10-23,None,Hirwa,None,Clear View (Full Group),High (Senior Tracker),Acknowledged by Base
2025-10-26,None,Pablo Group,None,Partial View (Dense Vegetation),High (Senior Tracker),Acknowledged by Base
2025-10-28,None,Kwitonda,None,Partial View (Dense Vegetation),High (Senior Tracker),Acknowledged by Base
2025-11-01,CASE-2026-1940,Susa-A,Sustained nasal discharge,Clear View (Full Group),High (Senior Tracker),Acknowledged by Base
2025-11-01,None,Kwitonda,None,Clear View (Full Group),High (Senior Tracker),Acknowledged by Base
2025-11-02,None,Pablo Group,None,Clear View (Full Group),High (Senior Tracker),Acknowledged by Base
2025-11-02,None,Amahoro,None,Partial View (Dense Vegetation),High (Senior Tracker),Acknowledged by Base
2025-11-03,None,Amahoro,None,Clear View (Full Group),High (Senior Tracker),Acknowledged by Base
2025-11-04,None,Kwitonda,None,Partial View (Dense Vegetation),High (Senior Tracker),Acknowledged by Base
2025-11-07,None,Susa-A,None,Clear View (Full Group),High (Senior Tracker),Acknowledged by Base
2025-11-07,None,Amahoro,None,Clear View (Full Group),High (Senior Tracker),Acknowledged by Base
2025-11-09,None,Pablo Group,None,Partial View (Dense Vegetation),High (Senior Tracker),Acknowledged by Base
2025-11-10,None,Susa-A,None,Clear View (Full Group),High (Senior Tracker),Acknowledged by Base
2025-11-11,CASE-2026-1941,Amahoro,Mild coughing,Obscured (Heavy Rain),High (Senior Tracker),Seen
2025-11-13,None,Amahoro,None,Clear View (Full Group),High (Senior Tracker),Acknowledged by Base
2025-11-15,None,Pablo Group,None,Partial View (Dense Vegetation),High (Senior Tracker),Acknowledged by Base
2025-11-15,CASE-2026-1942,Hirwa,Mild coughing,Partial View (Dense Vegetation),High (Senior Tracker),Seen
2025-11-16,None,Hirwa,None,Clear View (Full Group),High (Senior Tracker),Acknowledged by Base
2025-11-20,CASE-2026-1943,Pablo Group,Mild coughing,Partial View (Dense Vegetation),High (Senior Tracker),Acknowledged by Base
2025-11-21,None,Pablo Group,None,Clear View (Full Group),High (Senior Tracker),Acknowledged by Base
2025-11-23,CASE-2026-1944,Hirwa,Mild coughing,Clear View (Full Group),High (Senior Tracker),Seen
2025-11-24,None,Amahoro,None,Clear View (Full Group),High (Senior Tracker),Acknowledged by Base
2025-11-24,None,Kwitonda,None,Clear View (Full Group),High (Senior Tracker),Acknowledged by Base
2025-11-26,None,Hirwa,None,Clear View (Full Group),High (Senior Tracker),Acknowledged by Base
2025-12-01,None,Kwitonda,None,Partial View (Dense Vegetation),High (Senior Tracker),Acknowledged by Base
2025-12-02,CASE-2026-1945,Susa-A,Sustained nasal discharge,Clear View (Full Group),High (Senior Tracker),Seen
2025-12-02,None,Amahoro,None,Partial View (Dense Vegetation),High (Senior Tracker),Acknowledged by Base
2025-12-04,None,Amahoro,None,Clear View (Full Group),High (Senior Tracker),Acknowledged by Base
2025-12-05,None,Pablo Group,None,Clear View (Full Group),High (Senior Tracker),Acknowledged by Base
2025-12-05,None,Hirwa,None,Clear View (Full Group),High (Senior Tracker),Acknowledged by Base
2025-12-07,None,Pablo Group,None,Partial View (Dense Vegetation),High (Senior Tracker),Acknowledged by Base
2025-12-11,None,Hirwa,None,Partial View (Dense Vegetation),High (Senior Tracker),Acknowledged by Base
2025-12-15,None,Pablo Group,None,Partial View (Dense Vegetation),High (Senior Tracker),Acknowledged by Base
2025-12-18,None,Kwitonda,None,Clear View (Full Group),High (Senior Tracker),Acknowledged by Base
2025-12-18,None,Hirwa,None,Partial View (Dense Vegetation),High (Senior Tracker),Acknowledged by Base
2025-12-21,None,Amahoro,None,Clear View (Full Group),High (Senior Tracker),Acknowledged by Base
2025-12-21,None,Hirwa,None,Partial View (Dense Vegetation),High (Senior Tracker),Acknowledged by Base
2025-12-22,None,Susa-A,None,Clear View (Full Group),High (Senior Tracker),Acknowledged by Base
2025-12-23,None,Pablo Group,None,Clear View (Full Group),High (Senior Tracker),Acknowledged by Base
2025-12-24,None,Kwitonda,None,Clear View (Full Group),High (Senior Tracker),Acknowledged by Base
2025-12-28,None,Amahoro,None,Partial View (Dense Vegetation),High (Senior Tracker),Acknowledged by Base
2025-12-29,None,Susa-A,None,Partial View (Dense Vegetation),High (Senior Tracker),Acknowledged by Base
2026-01-02,None,Amahoro,None,Clear View (Full Group),High (Senior Tracker),Acknowledged by Base
2026-01-03,None,Amahoro,None,Clear View (Full Group),High (Senior Tracker),Acknowledged by Base
2026-01-04,None,Kwitonda,None,Partial View (Dense Vegetation),High (Senior Tracker),Acknowledged by Base
2026-01-06,None,Hirwa,None,Clear View (Full Group),High (Senior Tracker),Acknowledged by Base
2026-01-08,CASE-2026-1946,Hirwa,Lethargy,Partial View (Dense Vegetation),High (Senior Tracker),Acknowledged by Base
2026-01-10,None,Kwitonda,None,Partial View (Dense Vegetation),High (Senior Tracker),Acknowledged by Base
2026-01-11,None,Hirwa,None,Clear View (Full Group),High (Senior Tracker),Acknowledged by Base
2026-01-13,CASE-2026-1947,Kwitonda,Mild coughing,Clear View (Full Group),High (Senior Tracker),Acknowledged by Base
2026-01-15,None,Amahoro,None,Partial View (Dense Vegetation),High (Senior Tracker),Acknowledged by Base
2026-01-17,None,Amahoro,None,Clear View (Full Group),High (Senior Tracker),Acknowledged by Base
2026-01-17,None,Hirwa,None,Partial View (Dense Vegetation),High (Senior Tracker),Acknowledged by Base
2026-01-18,None,Pablo Group,None,Partial View (Dense Vegetation),High (Senior Tracker),Acknowledged by Base
2026-01-19,None,Susa-A,None,Clear View (Full Group),High (Senior Tracker),Acknowledged by Base
2026-01-20,None,Susa-A,None,Partial View (Dense Vegetation),High (Senior Tracker),Acknowledged by Base
2026-01-21,None,Susa-A,None,Clear View (Full Group),High (Senior Tracker),Acknowledged by Base
2026-01-22,None,Amahoro,None,Partial View (Dense Vegetation),High (Senior Tracker),Acknowledged by Base
2026-01-23,None,Susa-A,None,Partial View (Dense Vegetation),High (Senior Tracker),Acknowledged by Base
2026-01-23,None,Amahoro,None,Clear View (Full Group),High (Senior Tracker),Acknowledged by Base
2026-01-23,None,Hirwa,None,Partial View (Dense Vegetation),High (Senior Tracker),Acknowledged by Base
2026-01-24,None,Hirwa,None,Clear View (Full Group),High (Senior Tracker),Acknowledged by Base
2026-01-25,None,Amahoro,None,Clear View (Full Group),High (Senior Tracker),Acknowledged by Base
2026-01-26,None,Pablo Group,None,Partial View (Dense Vegetation),High (Senior Tracker),Acknowledged by Base
2026-01-30,None,Susa-A,None,Clear View (Full Group),High (Senior Tracker),Acknowledged by Base
2026-01-30,None,Amahoro,None,Partial View (Dense Vegetation),High (Senior Tracker),Acknowledged by Base
2026-01-31,None,Susa-A,None,Partial View (Dense Vegetation),High (Senior Tracker),Acknowledged by Base
2026-02-02,None,Pablo Group,None,Partial View (Dense Vegetation),High (Senior Tracker),Acknowledged by Base
2026-02-03,None,Pablo Group,None,Clear View (Full Group),High (Senior Tracker),Acknowledged by Base
2026-02-06,None,Amahoro,None,Partial View (Dense Vegetation),High (Senior Tracker),Acknowledged by Base
2026-02-06,CASE-2026-1948,Hirwa,Sustained nasal discharge,Clear View (Full Group),Low (Poor Conditions),Sent
2026-02-07,CASE-2026-1949,Pablo Group,Sustained nasal discharge,Clear View (Full Group),High (Senior Tracker),Sent
2026-02-10,None,Amahoro,None,Partial View (Dense Vegetation),High (Senior Tracker),Acknowledged by Base
2026-02-12,CASE-2026-1950,Susa-A,Mild coughing,Partial View (Dense Vegetation),High (Senior Tracker),Acknowledged by Base
2026-02-14,None,Kwitonda,None,Partial View (Dense Vegetation),High (Senior Tracker),Acknowledged by Base
2026-02-19,None,Pablo Group,None,Partial View (Dense Vegetation),High (Senior Tracker),Acknowledged by Base
2026-02-19,CASE-2026-1951,Hirwa,Sustained nasal discharge,Clear View (Full Group),Medium,Acknowledged by Base
2026-02-22,None,Amahoro,None,Clear View (Full Group),High (Senior Tracker),Acknowledged by Base
2026-02-26,None,Hirwa,None,Partial View (Dense Vegetation),High (Senior Tracker),Acknowledged by Base
2026-03-02,None,Amahoro,None,Clear View (Full Group),High (Senior Tracker),Acknowledged by Base
2026-03-04,None,Pablo Group,None,Clear View (Full Group),High (Senior Tracker),Acknowledged by Base
2026-03-10,None,Kwitonda,None,Clear View (Full Group),High (Senior Tracker),Acknowledged by Base
2026-03-11,CASE-2026-1952,Amahoro,Sustained nasal discharge,Partial View (Dense Vegetation),High (Senior Tracker),Acknowledged by Base
2026-03-11,None,Hirwa,None,Partial View (Dense Vegetation),High (Senior Tracker),Acknowledged by Base
2026-03-12,CASE-2026-1953,Kwitonda,Mild coughing,Clear View (Full Group),Medium,Seen
2026-03-14,None,Kwitonda,None,Partial View (Dense Vegetation),High (Senior Tracker),Acknowledged by Base
2026-03-15,None,Hirwa,None,Clear View (Full Group),High (Senior Tracker),Acknowledged by Base
2026-03-17,None,Pablo Group,None,Clear View (Full Group),High (Senior Tracker),Acknowledged by Base
2026-03-26,None,Amahoro,None,Clear View (Full Group),High (Senior Tracker),Acknowledged by Base
2026-03-26,None,Kwitonda,None,Partial View (Dense Vegetation),High (Senior Tracker),Acknowledged by Base
2026-03-27,None,Hirwa,None,Partial View (Dense Vegetation),High (Senior Tracker),Acknowledged by Base
2026-03-29,CASE-2026-1954,Kwitonda,Mild coughing,Partial View (Dense Vegetation),High (Senior Tracker),Seen
2026-03-30,None,Susa-A,None,Partial View (Dense Vegetation),High (Senior Tracker),Acknowledged by Base
2026-03-31,None,Kwitonda,None,Partial View (Dense Vegetation),High (Senior Tracker),Acknowledged by Base
2026-04-01,None,Amahoro,None,Clear View (Full Group),High (Senior Tracker),Acknowledged by Base
2026-04-02,None,Amahoro,None,Partial View (Dense Vegetation),High (Senior Tracker),Acknowledged by Base
2026-04-03,None,Hirwa,None,Clear View (Full Group),High (Senior Tracker),Acknowledged by Base
2026-04-04,None,Amahoro,None,Clear View (Full Group),High (Senior Tracker),Acknowledged by Base
2026-04-05,None,Hirwa,None,Partial View (Dense Vegetation),High (Senior Tracker),Acknowledged by Base
2026-04-09,None,Pablo Group,None,Clear View (Full Group),High (Senior Tracker),Acknowledged by Base
2026-04-10,None,Kwitonda,None,Clear View (Full Group),High (Senior Tracker),Acknowledged by Base
2026-04-11,None,Hirwa,None,Clear View (Full Group),High (Senior Tracker),Acknowledged by Base
2026-04-12,None,Amahoro,None,Partial View (Dense Vegetation),High (Senior Tracker),Acknowledged by Base
2026-04-12,None,Kwitonda,None,Clear View (Full Group),High (Senior Tracker),Acknowledged by Base
2026-04-18,None,Hirwa,None,Partial View (Dense Vegetation),High (Senior Tracker),Acknowledged by Base
2026-04-19,None,Pablo Group,None,Clear View (Full Group),High (Senior Tracker),Acknowledged by Base
2026-04-20,CASE-2026-1955,Susa-A,Sustained nasal discharge,Clear View (Full Group),Medium,Acknowledged by Base
2026-04-21,None,Susa-A,None,Partial View (Dense Vegetation),High (Senior Tracker),Acknowledged by Base
2026-04-22,None,Susa-A,None,Partial View (Dense Vegetation),High (Senior Tracker),Acknowledged by Base
2026-04-22,None,Kwitonda,None,Partial View (Dense Vegetation),High (Senior Tracker),Acknowledged by Base
2026-04-23,None,Susa-A,None,Clear View (Full Group),High (Senior Tracker),Acknowledged by Base
2026-04-26,CASE-2026-1956,Susa-A,Lethargy,Clear View (Full Group),Low (Poor Conditions),Acknowledged by Base
2026-04-26,None,Pablo Group,None,Clear View (Full Group),High (Senior Tracker),Acknowledged by Base
2026-04-26,CASE-2026-1957,Amahoro,Lethargy,Clear View (Full Group),High (Senior Tracker),Seen
2026-04-26,None,Hirwa,None,Partial View (Dense Vegetation),High (Senior Tracker),Acknowledged by Base
2026-04-27,CASE-2026-1958,Pablo Group,Mild coughing,Obscured (Heavy Rain),Medium,Seen
2026-04-28,None,Susa-A,None,Clear View (Full Group),High (Senior Tracker),Acknowledged by Base
2026-04-28,None,Pablo Group,None,Clear View (Full Group),High (Senior Tracker),Acknowledged by Base
2026-04-30,None,Amahoro,None,Partial View (Dense Vegetation),High (Senior Tracker),Acknowledged by Base
2026-04-30,None,Kwitonda,None,Clear View (Full Group),High (Senior Tracker),Acknowledged by Base
2026-05-01,None,Pablo Group,None,Partial View (Dense Vegetation),High (Senior Tracker),Acknowledged by Base
2026-05-02,None,Amahoro,None,Partial View (Dense Vegetation),High (Senior Tracker),Acknowledged by Base
2026-05-04,None,Kwitonda,None,Clear View (Full Group),High (Senior Tracker),Acknowledged by Base
2026-05-06,None,Pablo Group,None,Clear View (Full Group),High (Senior Tracker),Acknowledged by Base
2026-05-07,None,Pablo Group,None,Clear View (Full Group),High (Senior Tracker),Acknowledged by Base
2026-05-09,None,Kwitonda,None,Clear View (Full Group),High (Senior Tracker),Acknowledged by Base
2026-05-12,None,Susa-A,None,Clear View (Full Group),High (Senior Tracker),Acknowledged by Base
2026-05-19,None,Pablo Group,None,Partial View (Dense Vegetation),High (Senior Tracker),Acknowledged by Base
2026-05-22,None,Pablo Group,None,Partial View (Dense Vegetation),High (Senior Tracker),Acknowledged by Base
2026-05-22,None,Amahoro,None,Partial View (Dense Vegetation),High (Senior Tracker),Acknowledged by Base
2026-05-23,None,Susa-A,None,Clear View (Full Group),High (Senior Tracker),Acknowledged by Base
2026-05-25,None,Pablo Group,None,Clear View (Full Group),High (Senior Tracker),Acknowledged by Base
2026-05-25,None,Hirwa,None,Clear View (Full Group),High (Senior Tracker),Acknowledged by Base
2026-05-27,None,Hirwa,None,Partial View (Dense Vegetation),High (Senior Tracker),Acknowledged by Base
2026-05-29,None,Kwitonda,None,Partial View (Dense Vegetation),High (Senior Tracker),Acknowledged by Base
2026-05-30,CASE-2026-1959,Kwitonda,Mild coughing,Clear View (Full Group),High (Senior Tracker),Seen
2026-05-31,None,Susa-A,None,Clear View (Full Group),High (Senior Tracker),Acknowledged by Base
2026-05-31,None,Amahoro,None,Clear View (Full Group),High (Senior Tracker),Acknowledged by Base
2026-05-31,None,Hirwa,None,Partial View (Dense Vegetation),High (Senior Tracker),Acknowledged by Base
2026-06-02,None,Kwitonda,None,Partial View (Dense Vegetation),High (Senior Tracker),Acknowledged by Base
2026-06-02,None,Hirwa,None,Partial View (Dense Vegetation),High (Senior Tracker),Acknowledged by Base
2026-06-04,None,Pablo Group,None,Clear View (Full Group),High (Senior Tracker),Acknowledged by Base
2026-06-05,None,Pablo Group,None,Partial View (Dense Vegetation),High (Senior Tracker),Acknowledged by Base
2026-06-09,None,Pablo Group,None,Partial View (Dense Vegetation),High (Senior Tracker),Acknowledged by Base
2026-06-10,None,Hirwa,None,Clear View (Full Group),High (Senior Tracker),Acknowledged by Base
2026-06-11,None,Susa-A,None,Partial View (Dense Vegetation),High (Senior Tracker),Acknowledged by Base
2026-06-14,None,Hirwa,None,Partial View (Dense Vegetation),High (Senior Tracker),Acknowledged by Base
2026-06-17,None,Susa-A,None,Partial View (Dense Vegetation),High (Senior Tracker),Acknowledged by Base
2026-06-18,None,Susa-A,None,Partial View (Dense Vegetation),High (Senior Tracker),Acknowledged by Base
2026-06-18,None,Kwitonda,None,Partial View (Dense Vegetation),High (Senior Tracker),Acknowledged by Base
2026-06-19,None,Susa-A,None,Partial View (Dense Vegetation),High (Senior Tracker),Acknowledged by Base
2026-06-20,CASE-2026-1960,Pablo Group,Mild coughing,Partial View (Dense Vegetation),Medium,Acknowledged by Base
2026-06-22,None,Pablo Group,None,Partial View (Dense Vegetation),High (Senior Tracker),Acknowledged by Base
2026-06-25,None,Amahoro,None,Clear View (Full Group),High (Senior Tracker),Acknowledged by Base
2026-06-26,CASE-2026-1961,Hirwa,Mild coughing,Obscured (Heavy Rain),High (Senior Tracker),Sent
2026-06-27,CASE-2026-1962,Hirwa,Sustained nasal discharge,Partial View (Dense Vegetation),High (Senior Tracker),Acknowledged by Base
2026-06-28,None,Hirwa,None,Partial View (Dense Vegetation),High (Senior Tracker),Acknowledged by Base
2026-06-29,None,Hirwa,None,Partial View (Dense Vegetation),High (Senior Tracker),Acknowledged by Base
2026-06-30,None,Susa-A,None,Clear View (Full Group),High (Senior Tracker),Acknowledged by Base
2026-07-01,None,Amahoro,None,Clear View (Full Group),High (Senior Tracker),Acknowledged by Base
2026-07-01,CASE-2026-1963,Kwitonda,Mild coughing,Partial View (Dense Vegetation),High (Senior Tracker),Acknowledged by Base
2026-07-03,None,Susa-A,None,Partial View (Dense Vegetation),High (Senior Tracker),Acknowledged by Base
2026-07-05,None,Amahoro,None,Clear View (Full Group),High (Senior Tracker),Acknowledged by Base
2026-07-06,None,Susa-A,None,Clear View (Full Group),High (Senior Tracker),Acknowledged by Base
2026-07-11,None,Pablo Group,None,Partial View (Dense Vegetation),High (Senior Tracker),Acknowledged by Base
2026-07-11,CASE-2026-1964,Hirwa,Sustained nasal discharge,Clear View (Full Group),High (Senior Tracker),Sent
2026-07-12,None,Hirwa,None,Partial View (Dense Vegetation),High (Senior Tracker),Acknowledged by Base
2026-07-14,None,Amahoro,None,Partial View (Dense Vegetation),High (Senior Tracker),Acknowledged by Base
2026-07-15,None,Susa-A,None,Clear View (Full Group),High (Senior Tracker),Acknowledged by Base
2026-07-15,None,Pablo Group,None,Partial View (Dense Vegetation),High (Senior Tracker),Acknowledged by Base
2026-07-18,None,Kwitonda,None,Partial View (Dense Vegetation),High (Senior Tracker),Acknowledged by Base
2026-07-18,None,Hirwa,None,Partial View (Dense Vegetation),High (Senior Tracker),Acknowledged by Base
2026-07-19,CASE-2026-1965,Amahoro,Sustained nasal discharge,Clear View (Full Group),Medium,Seen
2026-07-22,None,Kwitonda,None,Clear View (Full Group),High (Senior Tracker),Acknowledged by Base
2026-07-23,None,Pablo Group,None,Partial View (Dense Vegetation),High (Senior Tracker),Acknowledged by Base
2026-07-24,None,Hirwa,None,Clear View (Full Group),High (Senior Tracker),Acknowledged by Base
2026-07-26,None,Susa-A,None,Clear View (Full Group),High (Senior Tracker),Acknowledged by Base
2026-07-29,None,Susa-A,None,Clear View (Full Group),High (Senior Tracker),Acknowledged by Base
2026-07-30,None,Amahoro,None,Partial View (Dense Vegetation),High (Senior Tracker),Acknowledged by Base
2026-07-31,None,Susa-A,None,Partial View (Dense Vegetation),High (Senior Tracker),Acknowledged by Base
2026-08-03,None,Susa-A,None,Partial View (Dense Vegetation),High (Senior Tracker),Acknowledged by Base
2026-08-05,None,Susa-A,None,Clear View (Full Group),High (Senior Tracker),Acknowledged by Base
2026-08-08,None,Amahoro,None,Partial View (Dense Vegetation),High (Senior Tracker),Acknowledged by Base
2026-08-10,None,Pablo Group,None,Clear View (Full Group),High (Senior Tracker),Acknowledged by Base
2026-08-10,None,Amahoro,None,Partial View (Dense Vegetation),High (Senior Tracker),Acknowledged by Base
2026-08-10,None,Hirwa,None,Partial View (Dense Vegetation),High (Senior Tracker),Acknowledged by Base
2026-08-11,None,Susa-A,None,Partial View (Dense Vegetation),High (Senior Tracker),Acknowledged by Base
2026-08-12,None,Susa-A,None,Partial View (Dense Vegetation),High (Senior Tracker),Acknowledged by Base
2026-08-12,None,Pablo Group,None,Clear View (Full Group),High (Senior Tracker),Acknowledged by Base
2026-08-14,CASE-2026-1966,Susa-A,Mild coughing,Obscured (Heavy Rain),Medium,Acknowledged by Base
2026-08-15,CASE-2026-1967,Hirwa,Mild coughing,Partial View (Dense Vegetation),High (Senior Tracker),Sent
2026-08-16,None,Kwitonda,None,Partial View (Dense Vegetation),High (Senior Tracker),Acknowledged by Base
2026-08-19,None,Susa-A,None,Partial View (Dense Vegetation),High (Senior Tracker),Acknowledged by Base
2026-08-22,None,Amahoro,None,Partial View (Dense Vegetation),High (Senior Tracker),Acknowledged by Base
2026-08-22,None,Kwitonda,None,Clear View (Full Group),High (Senior Tracker),Acknowledged by Base
2026-08-24,CASE-2026-1968,Susa-A,Mild coughing,Obscured (Heavy Rain),High (Senior Tracker),Acknowledged by Base
2026-08-27,None,Susa-A,None,Clear View (Full Group),High (Senior Tracker),Acknowledged by Base
2026-08-27,CASE-2026-1969,Kwitonda,"Heavy coughing, wheezing",Clear View (Full Group),High (Senior Tracker),Seen
2026-08-28,None,Pablo Group,None,Partial View (Dense Vegetation),High (Senior Tracker),Acknowledged by Base
2026-08-28,None,Amahoro,None,Partial View (Dense Vegetation),High (Senior Tracker),Acknowledged by Base
2026-08-29,None,Susa-A,None,Partial View (Dense Vegetation),High (Senior Tracker),Acknowledged by Base
2026-08-29,None,Pablo Group,None,Partial View (Dense Vegetation),High (Senior Tracker),Acknowledged by Base
2026-08-29,None,Amahoro,None,Clear View (Full Group),High (Senior Tracker),Acknowledged by Base
2026-08-30,None,Hirwa,None,Partial View (Dense Vegetation),High (Senior Tracker),Acknowledged by Base
2026-09-01,None,Amahoro,None,Clear View (Full Group),High (Senior Tracker),Acknowledged by Base
2026-09-05,None,Susa-A,None,Partial View (Dense Vegetation),High (Senior Tracker),Acknowledged by Base
2026-09-05,None,Pablo Group,None,Partial View (Dense Vegetation),High (Senior Tracker),Acknowledged by Base
2026-09-05,None,Kwitonda,None,Partial View (Dense Vegetation),High (Senior Tracker),Acknowledged by Base
2026-09-09,CASE-2026-1970,Kwitonda,Sustained nasal discharge,Obscured (Heavy Rain),Medium,Sent
2026-09-12,None,Susa-A,None,Partial View (Dense Vegetation),High (Senior Tracker),Acknowledged by Base
2026-09-13,None,Pablo Group,None,Clear View (Full Group),High (Senior Tracker),Acknowledged by Base
2026-09-16,CASE-2026-1971,Kwitonda,Mild coughing,Obscured (Heavy Rain),Medium,Sent
2026-09-17,None,Susa-A,None,Clear View (Full Group),High (Senior Tracker),Acknowledged by Base
2026-09-17,None,Hirwa,None,Partial View (Dense Vegetation),High (Senior Tracker),Acknowledged by Base
2026-09-18,CASE-2026-1972,Hirwa,"Heavy coughing, wheezing",Partial View (Dense Vegetation),Medium,Seen
2026-09-19,CASE-2026-1973,Hirwa,Lethargy,Partial View (Dense Vegetation),Medium,Seen
2026-09-21,None,Hirwa,None,Partial View (Dense Vegetation),High (Senior Tracker),Acknowledged by Base
2026-09-22,None,Kwitonda,None,Partial View (Dense Vegetation),High (Senior Tracker),Acknowledged by Base
2026-09-24,None,Amahoro,None,Partial View (Dense Vegetation),High (Senior Tracker),Acknowledged by Base
2026-09-24,None,Hirwa,None,Clear View (Full Group),High (Senior Tracker),Acknowledged by Base
2026-09-27,None,Amahoro,None,Partial View (Dense Vegetation),High (Senior Tracker),Acknowledged by Base
2026-09-27,None,Kwitonda,None,Clear View (Full Group),High (Senior Tracker),Acknowledged by Base
2026-09-27,None,Hirwa,None,Clear View (Full Group),High (Senior Tracker),Acknowledged by Base
2026-09-29,None,Pablo Group,None,Partial View (Dense Vegetation),High (Senior Tracker),Acknowledged by Base
2026-10-02,None,Susa-A,None,Partial View (Dense Vegetation),High (Senior Tracker),Acknowledged by Base
2026-10-06,None,Susa-A,None,Clear View (Full Group),High (Senior Tracker),Acknowledged by Base
2026-10-06,None,Kwitonda,None,Partial View (Dense Vegetation),High (Senior Tracker),Acknowledged by Base
2026-10-12,None,Kwitonda,None,Clear View (Full Group),High (Senior Tracker),Acknowledged by Base
2026-10-14,None,Amahoro,None,Partial View (Dense Vegetation),High (Senior Tracker),Acknowledged by Base
2026-10-17,CASE-2026-1974,Amahoro,Mild coughing,Clear View (Full Group),High (Senior Tracker),Acknowledged by Base
2026-10-21,None,Kwitonda,None,Partial View (Dense Vegetation),High (Senior Tracker),Acknowledged by Base
2026-10-21,None,Hirwa,None,Clear View (Full Group),High (Senior Tracker),Acknowledged by Base
2026-10-23,None,Amahoro,None,Partial View (Dense Vegetation),High (Senior Tracker),Acknowledged by Base
2026-10-23,None,Hirwa,None,Partial View (Dense Vegetation),High (Senior Tracker),Acknowledged by Base
2026-10-26,None,Susa-A,None,Partial View (Dense Vegetation),High (Senior Tracker),Acknowledged by Base
2026-10-26,None,Pablo Group,None,Partial View (Dense Vegetation),High (Senior Tracker),Acknowledged by Base
2026-10-27,CASE-2026-1975,Hirwa,Mild coughing,Clear View (Full Group),High (Senior Tracker),Acknowledged by Base
2026-10-28,None,Pablo Group,None,Clear View (Full Group),High (Senior Tracker),Acknowledged by Base
2026-10-29,None,Susa-A,None,Partial View (Dense Vegetation),High (Senior Tracker),Acknowledged by Base
2026-10-29,None,Pablo Group,None,Clear View (Full Group),High (Senior Tracker),Acknowledged by Base
2026-10-30,None,Pablo Group,None,Clear View (Full Group),High (Senior Tracker),Acknowledged by Base
2026-10-31,None,Kwitonda,None,Clear View (Full Group),High (Senior Tracker),Acknowledged by Base
